{"type":"FeatureCollection","features":[{"id":0,"type":"Feature","properties":{"N03_001":"北海道","N03_007":"01000"},"geometry":{"type":"MultiPolygon","coordinates":[[[[141.9412,45.5215],[141.8963,45.5117],[141.8792,45.4946],[141.8783,45.4609],[141.8635,45.4395],[141.7956,45.4065],[141.7708,45.4039],[141.7458,45.4133],[141.7404,45.401],[141.7065,45.3967],[141.7027,45.4053],[141.6771,45.4106],[141.6818,45.4197],[141.645,45.4497],[141.6343,45.4056],[141.6569,45.37],[141.6544,45.3502],[141.6155,45.3106],[141.6147,45.2812],[141.5705,45.2295],[141.569,45.1982],[141.5843,45.16],[141.6977,44.9701],[141.7547,44.836],[141.7828,44.7282],[141.7919,44.6616],[141.7899,44.6051],[141.7825,44.5717],[141.7675,44.5557],[141.7606,44.4724],[141.7487,44.4358],[141.6921,44.3662],[141.6721,44.3238],[141.647,44.3121],[141.658,44.2422],[141.6532,44.1425],[141.6623,44.0234],[141.6463,43.976],[141.6359,43.9746],[141.6455,43.9711],[141.6408,43.9474],[141.6283,43.9462],[141.6335,43.9357],[141.6268,43.921],[141.5974,43.8843],[141.5621,43.8598],[141.5492,43.8614],[141.5373,43.8518],[141.5193,43.8589],[141.4936,43.8362],[141.4575,43.8357],[141.3814,43.8017],[141.3624,43.7628],[141.3301,43.7255],[141.3522,43.6412],[141.3655,43.6174],[141.3828,43.6046],[141.3856,43.5913],[141.379,43.564],[141.3602,43.5366],[141.3595,43.5185],[141.4287,43.4169],[141.4234,43.3281],[141.3303,43.2313],[141.3069,43.2218],[141.3046,43.2099],[141.2896,43.2085],[141.2942,43.1859],[141.2796,43.2006],[141.2441,43.174],[141.1621,43.1439],[141.0888,43.1713],[141.023,43.1848],[141.0019,43.2066],[141.0209,43.2228],[141.0158,43.239],[140.9785,43.2393],[140.9185,43.2227],[140.9184,43.2124],[140.8764,43.2053],[140.8641,43.2171],[140.8546,43.2162],[140.86,43.2116],[140.8496,43.1987],[140.7908,43.1953],[140.7741,43.2054],[140.7741,43.2272],[140.7587,43.2262],[140.7097,43.2512],[140.6462,43.2629],[140.6364,43.2749],[140.6432,43.2867],[140.5789,43.3104],[140.5336,43.3457],[140.5289,43.3579],[140.5115,43.3573],[140.5034,43.3702],[140.4875,43.3747],[140.4614,43.3712],[140.4681,43.3653],[140.4595,43.3443],[140.4301,43.3298],[140.4061,43.3354],[140.3517,43.3302],[140.3593,43.3147],[140.3324,43.2595],[140.3247,43.221],[140.359,43.1804],[140.4295,43.1424],[140.4592,43.1049],[140.4644,43.0849],[140.4857,43.076],[140.5128,43.0311],[140.5291,43.0284],[140.5291,43.006],[140.519,42.9886],[140.3902,42.9229],[140.3466,42.8576],[140.305,42.8253],[140.3101,42.7951],[140.3044,42.7775],[140.2459,42.7682],[140.2381,42.7923],[140.187,42.8267],[140.1535,42.7829],[140.1443,42.7546],[140.0733,42.7277],[140.0652,42.7068],[140.0478,42.6951],[140.0091,42.6868],[139.9407,42.6898],[139.8984,42.6798],[139.8685,42.6656],[139.8426,42.6267],[139.8221,42.6101],[139.8466,42.5256],[139.8435,42.4971],[139.8529,42.4657],[139.8289,42.3934],[139.7763,42.3411],[139.7671,42.3025],[139.7857,42.275],[139.7749,42.262],[139.7793,42.2509],[139.814,42.2228],[139.8638,42.219],[139.8807,42.2078],[139.8823,42.1909],[139.8949,42.1838],[139.9249,42.1329],[139.9916,42.1278],[140.0236,42.1146],[140.0573,42.0826],[140.084,42.0459],[140.0827,42.0365],[140.0962,42.0329],[140.1033,42.0078],[140.1192,42.004],[140.1328,41.9749],[140.1267,41.9616],[140.141,41.9144],[140.1313,41.8722],[140.1201,41.8666],[140.1264,41.8553],[140.1196,41.817],[140.1088,41.8049],[140.07,41.8045],[140.0706,41.7674],[140.0085,41.6911],[140.0026,41.6519],[139.9821,41.6004],[139.9846,41.5609],[140.0253,41.4804],[140.0275,41.4627],[140.0749,41.4244],[140.1432,41.4285],[140.1999,41.3983],[140.2161,41.4101],[140.2465,41.4625],[140.256,41.4657],[140.2581,41.4802],[140.3637,41.5155],[140.4092,41.517],[140.437,41.5481],[140.4289,41.6066],[140.4418,41.6811],[140.4621,41.6974],[140.527,41.7005],[140.562,41.7281],[140.6018,41.7427],[140.6227,41.8051],[140.6433,41.8176],[140.6919,41.8193],[140.7237,41.7952],[140.7242,41.7737],[140.7147,41.7667],[140.7052,41.7803],[140.6926,41.7645],[140.704,41.74],[140.7222,41.7455],[140.7181,41.751],[140.7381,41.7685],[140.79,41.7732],[140.9272,41.7384],[140.9508,41.7154],[140.9683,41.7101],[141.0474,41.7251],[141.0524,41.7344],[141.0748,41.7429],[141.0799,41.7573],[141.0934,41.7627],[141.108,41.784],[141.156,41.7846],[141.186,41.8024],[141.1779,41.8208],[141.1463,41.8322],[141.1435,41.8477],[141.1502,41.8527],[141.1438,41.8571],[141.0778,41.886],[141.0109,41.8935],[140.9612,41.9152],[140.9367,41.9378],[140.9061,41.9862],[140.8214,42.0342],[140.8033,42.0579],[140.8023,42.077],[140.7756,42.0841],[140.7588,42.1171],[140.7047,42.1374],[140.6885,42.126],[140.6544,42.1282],[140.5895,42.1096],[140.5511,42.113],[140.5144,42.1294],[140.3877,42.2222],[140.307,42.2375],[140.2844,42.2563],[140.2762,42.2794],[140.2786,42.3269],[140.295,42.378],[140.3287,42.4423],[140.3985,42.5315],[140.4759,42.5891],[140.4933,42.5838],[140.5324,42.5888],[140.5818,42.567],[140.6468,42.5867],[140.7086,42.5826],[140.7104,42.5751],[140.7216,42.5748],[140.7699,42.541],[140.7775,42.5289],[140.7712,42.5223],[140.7858,42.5158],[140.7795,42.5163],[140.7833,42.5009],[140.7985,42.4999],[140.8342,42.4734],[140.8741,42.458],[140.8959,42.4271],[140.9087,42.3768],[140.917,42.3692],[140.9823,42.3562],[140.9764,42.3487],[141.0078,42.3476],[140.9811,42.3437],[140.9869,42.3322],[140.976,42.3236],[140.9509,42.3475],[140.9312,42.3351],[140.9435,42.3192],[141.002,42.301],[141.0235,42.3327],[141.1392,42.4294],[141.206,42.4534],[141.3398,42.5371],[141.4618,42.5925],[141.5796,42.6231],[141.6109,42.6272],[141.6176,42.6207],[141.6252,42.6442],[141.6298,42.6367],[141.6954,42.6574],[141.6984,42.6525],[141.6311,42.6281],[141.7495,42.6229],[141.7873,42.6151],[141.7812,42.6069],[141.8011,42.6016],[141.8206,42.6118],[141.8172,42.6056],[141.8264,42.6015],[141.9038,42.5774],[141.9186,42.56],[142.0273,42.4851],[142.067,42.4789],[142.0791,42.4698],[142.1412,42.466],[142.1916,42.4493],[142.2779,42.3759],[142.4065,42.3085],[142.4469,42.3029],[142.4845,42.2697],[142.5852,42.2432],[142.6707,42.1915],[142.7609,42.1744],[142.8144,42.1417],[142.909,42.1322],[142.9181,42.1223],[142.9661,42.1178],[143.0089,42.081],[143.0617,42.0652],[143.1343,42.0278],[143.1609,41.9968],[143.1636,41.9827],[143.2418,41.9268],[143.2443,41.9663],[143.2595,42.0039],[143.3122,42.0544],[143.3081,42.0801],[143.3358,42.1896],[143.3359,42.2018],[143.3205,42.2092],[143.3208,42.2234],[143.3082,42.2435],[143.3208,42.2976],[143.3313,42.3004],[143.33,42.3194],[143.3938,42.4233],[143.4587,42.5063],[143.6002,42.6438],[143.9287,42.8802],[144.0388,42.9375],[144.1444,42.9766],[144.2743,43.0038],[144.3598,42.9953],[144.3717,42.9856],[144.3683,42.9689],[144.3893,42.9691],[144.4504,42.9438],[144.4856,42.9394],[144.5318,42.9511],[144.6306,42.9514],[144.6844,42.9379],[144.7817,42.9346],[144.7244,42.9738],[144.7221,42.9849],[144.7452,43.0232],[144.7771,43.0511],[144.8026,43.0589],[144.8543,43.0487],[144.8361,43.0339],[144.8336,43.0155],[144.856,43.0104],[144.8544,43.0021],[144.8761,42.9864],[144.9051,42.9895],[144.9221,42.9812],[144.9264,42.9898],[144.9736,42.9815],[145.0244,43.0002],[145.0301,43.0104],[145.0238,43.0196],[145.0316,43.0296],[145.0858,43.0449],[145.0871,43.0655],[145.0973,43.0764],[145.1196,43.0785],[145.1381,43.0681],[145.1652,43.0783],[145.1592,43.0844],[145.1189,43.0807],[145.1097,43.0987],[145.1127,43.1205],[145.1469,43.1453],[145.1764,43.1489],[145.2005,43.1362],[145.2945,43.1728],[145.3162,43.1675],[145.3443,43.1795],[145.4212,43.1879],[145.4857,43.1868],[145.5026,43.1743],[145.4936,43.1666],[145.4957,43.1588],[145.52,43.1648],[145.524,43.1737],[145.5074,43.1833],[145.5136,43.1903],[145.5287,43.1861],[145.5347,43.191],[145.5295,43.2081],[145.5565,43.2188],[145.5484,43.2294],[145.5658,43.2809],[145.5963,43.2839],[145.5967,43.2939],[145.611,43.3002],[145.6096,43.3104],[145.6177,43.315],[145.6594,43.3211],[145.6764,43.3115],[145.6888,43.3276],[145.7159,43.3367],[145.7288,43.3284],[145.7367,43.3381],[145.7561,43.3363],[145.811,43.3677],[145.8064,43.3768],[145.8157,43.3858],[145.7665,43.3908],[145.7628,43.3987],[145.7213,43.3831],[145.6507,43.3915],[145.6233,43.3631],[145.592,43.3513],[145.5654,43.326],[145.551,43.3246],[145.5533,43.3185],[145.5223,43.307],[145.523,43.2989],[145.4928,43.2666],[145.3964,43.291],[145.3258,43.3416],[145.2901,43.3821],[145.2624,43.4384],[145.2447,43.5254],[145.2221,43.5579],[145.2143,43.5774],[145.2188,43.5876],[145.1954,43.5995],[145.2017,43.6093],[145.1941,43.621],[145.2669,43.6104],[145.2675,43.5938],[145.3072,43.6006],[145.335,43.5899],[145.3213,43.5822],[145.3408,43.5793],[145.3326,43.5629],[145.3054,43.5651],[145.3068,43.5582],[145.2883,43.5598],[145.3045,43.5538],[145.293,43.5513],[145.323,43.5501],[145.3448,43.558],[145.3498,43.5665],[145.3433,43.584],[145.3377,43.5895],[145.3213,43.5983],[145.1442,43.6464],[145.0943,43.7256],[145.0689,43.7482],[145.0611,43.8059],[145.0813,43.8189],[145.0923,43.8395],[145.096,43.895],[145.1422,43.9685],[145.2297,44.0458],[145.245,44.0683],[145.24,44.0892],[145.2596,44.1332],[145.3288,44.1913],[145.3482,44.223],[145.3474,44.2413],[145.3617,44.2511],[145.3662,44.2701],[145.3488,44.2946],[145.3443,44.3394],[145.329,44.3451],[145.3137,44.3332],[145.3063,44.3124],[145.2921,44.3099],[145.281,44.2902],[145.2254,44.2479],[145.1915,44.195],[145.1267,44.1656],[145.042,44.1083],[145.0193,44.1023],[144.9972,44.0726],[144.946,44.0399],[144.9336,44.0409],[144.9101,44.0042],[144.8487,43.9737],[144.8353,43.9525],[144.796,43.9319],[144.6964,43.9182],[144.5707,43.9198],[144.4504,43.9355],[144.3447,43.9617],[144.3002,43.9815],[144.2821,44.011],[144.2889,44.018],[144.2549,44.0393],[144.2614,44.0571],[144.2521,44.0611],[144.257,44.0863],[144.2431,44.1132],[144.2037,44.1019],[144.0993,44.1262],[144.0677,44.1243],[143.9126,44.1505],[143.7837,44.1797],[143.5529,44.2546],[143.3825,44.3251],[143.3622,44.3409],[143.3582,44.3543],[143.3641,44.3564],[143.3489,44.3704],[143.2435,44.4166],[143.2296,44.4257],[143.2269,44.4387],[143.0825,44.5075],[143.0642,44.5186],[143.0646,44.5291],[143.048,44.5287],[142.9943,44.5577],[142.9447,44.6012],[142.9274,44.6288],[142.9181,44.6287],[142.8628,44.6751],[142.7776,44.7291],[142.7302,44.7681],[142.6749,44.8356],[142.6581,44.8417],[142.6324,44.8873],[142.6144,44.8937],[142.5863,44.9215],[142.5899,44.9396],[142.5787,44.9556],[142.5848,44.9609],[142.5396,44.9919],[142.5322,45.0271],[142.5078,45.04],[142.4985,45.0525],[142.5039,45.0595],[142.4822,45.0614],[142.4067,45.1207],[142.2846,45.2257],[142.1661,45.3421],[142.042,45.4089],[142.0188,45.4536],[141.9814,45.4723],[141.9698,45.4826],[141.9614,45.5105],[141.9412,45.5215]]],[[[148.7526,45.5569],[148.7221,45.5438],[148.6517,45.5373],[148.6302,45.5021],[148.5782,45.4894],[148.5569,45.458],[148.5207,45.4473],[148.5122,45.4321],[148.4862,45.4205],[148.4703,45.4],[148.4796,45.389],[148.4754,45.3792],[148.4603,45.3766],[148.4589,45.3595],[148.4255,45.3459],[148.4155,45.3265],[148.3518,45.3066],[148.332,45.2863],[148.2302,45.2654],[148.1036,45.2567],[148.0295,45.271],[148.0039,45.3011],[147.9952,45.3296],[148.0048,45.3352],[147.9781,45.3609],[147.964,45.4203],[147.9255,45.438],[147.9043,45.4301],[147.8712,45.4003],[147.8493,45.367],[147.8574,45.318],[147.8723,45.2957],[147.8664,45.2645],[147.8817,45.256],[147.8697,45.224],[147.8424,45.207],[147.8155,45.2166],[147.773,45.2065],[147.7658,45.195],[147.7349,45.1938],[147.7322,45.1819],[147.707,45.1658],[147.7013,45.1456],[147.6929,45.1419],[147.6977,45.1041],[147.6509,45.0787],[147.6313,45.0753],[147.5846,45.0844],[147.5651,45.1068],[147.5367,45.1058],[147.5086,45.1177],[147.4954,45.1099],[147.5268,45.0989],[147.531,45.0905],[147.5345,45.0716],[147.5265,45.0679],[147.5234,45.0358],[147.5119,45.0246],[147.5172,44.9974],[147.4534,44.9717],[147.3831,44.9115],[147.273,44.8727],[147.2633,44.8642],[147.2635,44.8487],[147.2423,44.8081],[147.1989,44.7966],[147.1545,44.8246],[147.1326,44.8298],[147.1072,44.8221],[147.1009,44.8014],[147.1135,44.7793],[147.1288,44.7698],[147.1946,44.7613],[147.1988,44.7315],[147.1859,44.6971],[147.1298,44.6523],[147.0931,44.638],[147.0739,44.6371],[147.0473,44.6594],[147.0087,44.6606],[147.0076,44.6508],[147.0332,44.6386],[147.0338,44.619],[147.0264,44.5986],[146.9917,44.5751],[146.9595,44.5945],[146.953,44.6261],[146.946,44.6279],[146.9308,44.5905],[146.954,44.556],[146.9518,44.5488],[146.9212,44.5241],[146.897,44.5203],[146.8764,44.4997],[146.8599,44.4513],[146.8717,44.4393],[146.9079,44.4286],[146.9538,44.427],[146.9832,44.4448],[147.0186,44.5081],[147.0747,44.5557],[147.1091,44.5689],[147.1464,44.5594],[147.1982,44.5705],[147.251,44.5999],[147.2724,44.6466],[147.3007,44.6682],[147.3362,44.7149],[147.3596,44.722],[147.3849,44.7457],[147.4399,44.7725],[147.4862,44.7812],[147.5021,44.8051],[147.5254,44.8155],[147.5503,44.8161],[147.5969,44.8533],[147.6153,44.8886],[147.6518,44.9199],[147.611,44.9397],[147.6169,44.9608],[147.664,44.9986],[147.6857,45.0052],[147.7262,45.0028],[147.7302,44.9767],[147.7848,44.9477],[147.8507,44.9654],[147.8781,44.9621],[147.8901,44.9687],[147.9042,44.961],[147.9347,44.9882],[147.9808,45.0022],[148.0191,45.0457],[148.0411,45.0653],[148.055,45.067],[148.0996,45.1126],[148.1676,45.1469],[148.1953,45.1503],[148.2402,45.1839],[148.2661,45.185],[148.2783,45.2015],[148.3107,45.2185],[148.4019,45.2321],[148.4342,45.2521],[148.4611,45.2507],[148.4778,45.2611],[148.492,45.2567],[148.5012,45.261],[148.5054,45.2788],[148.5634,45.312],[148.6381,45.335],[148.74,45.3376],[148.7767,45.3226],[148.8089,45.3373],[148.8425,45.3368],[148.8483,45.3457],[148.8432,45.3548],[148.861,45.3674],[148.8758,45.3939],[148.8555,45.4172],[148.8286,45.4283],[148.8271,45.4488],[148.8379,45.4633],[148.8905,45.4869],[148.8896,45.5178],[148.8382,45.5507],[148.7526,45.5569]]],[[[146.1667,44.5175],[146.1293,44.5079],[146.0817,44.4741],[146.0509,44.4176],[146.006,44.3803],[146.0099,44.3716],[146.0002,44.3363],[145.9879,44.3188],[145.9465,44.2792],[145.8893,44.2516],[145.8375,44.1824],[145.7877,44.1488],[145.744,44.1043],[145.7483,44.0714],[145.7424,44.0522],[145.6779,44.0256],[145.6764,44.0117],[145.6008,43.9731],[145.5827,43.9473],[145.5612,43.9442],[145.535,43.9314],[145.5339,43.9216],[145.4731,43.8986],[145.4409,43.8505],[145.4069,43.8425],[145.3987,43.828],[145.4111,43.8169],[145.4261,43.7802],[145.4182,43.7518],[145.4334,43.7209],[145.5119,43.735],[145.5506,43.7308],[145.535,43.6707],[145.5441,43.6528],[145.5543,43.6703],[145.5754,43.8412],[145.5849,43.8621],[145.5973,43.8715],[145.6041,43.868],[145.6474,43.9077],[145.7028,43.9089],[145.7786,43.9317],[145.7892,43.9486],[145.791,43.9793],[145.8169,44.0207],[145.8375,44.0318],[145.855,44.0294],[145.853,44.0212],[145.8751,44.0243],[145.8641,44.0364],[145.8672,44.0637],[145.89,44.0939],[145.9036,44.0951],[145.8993,44.1082],[145.9221,44.1361],[145.9453,44.1529],[145.966,44.1528],[145.9865,44.1717],[146.0471,44.1847],[146.0653,44.2308],[146.1142,44.2639],[146.2961,44.2757],[146.3078,44.2902],[146.3429,44.3091],[146.3439,44.3168],[146.3697,44.3222],[146.3623,44.3271],[146.3661,44.3382],[146.3885,44.3594],[146.4267,44.3747],[146.4535,44.3771],[146.4907,44.354],[146.5337,44.3803],[146.5514,44.4271],[146.5709,44.4513],[146.5343,44.4328],[146.4767,44.4211],[146.3377,44.4174],[146.2395,44.4554],[146.226,44.4821],[146.194,44.4936],[146.1667,44.5175]]],[[[146.832,43.8869],[146.8184,43.8861],[146.8271,43.8733],[146.8224,43.8667],[146.8135,43.8677],[146.8145,43.8769],[146.8053,43.8705],[146.7929,43.8799],[146.7879,43.878],[146.794,43.865],[146.803,43.8605],[146.7963,43.8586],[146.7867,43.8724],[146.7735,43.876],[146.7207,43.8449],[146.7224,43.8375],[146.7482,43.8284],[146.7486,43.8181],[146.721,43.8323],[146.7072,43.8232],[146.6989,43.8305],[146.6099,43.8203],[146.5885,43.8085],[146.585,43.8027],[146.6076,43.7679],[146.5856,43.7443],[146.5978,43.7453],[146.5921,43.7387],[146.6095,43.7356],[146.6139,43.7444],[146.607,43.7522],[146.621,43.7574],[146.6229,43.7303],[146.6499,43.7149],[146.6421,43.7028],[146.6533,43.7028],[146.6762,43.7074],[146.6885,43.7226],[146.6828,43.7266],[146.6831,43.7333],[146.6956,43.7459],[146.7214,43.7336],[146.7332,43.7372],[146.7336,43.7479],[146.7518,43.7494],[146.7492,43.7549],[146.7663,43.7528],[146.7715,43.7667],[146.7872,43.7588],[146.7934,43.7687],[146.7888,43.7791],[146.7981,43.7866],[146.8022,43.78],[146.8095,43.7838],[146.8104,43.7921],[146.8349,43.782],[146.8479,43.7881],[146.8266,43.7966],[146.8386,43.8086],[146.8616,43.8064],[146.879,43.8146],[146.8983,43.8058],[146.9051,43.813],[146.9028,43.8301],[146.9197,43.8361],[146.8888,43.8503],[146.8742,43.869],[146.8496,43.8769],[146.8455,43.8877],[146.832,43.8869]]],[[[141.1992,45.2588],[141.1324,45.2135],[141.1425,45.1939],[141.1292,45.1844],[141.1399,45.1813],[141.141,45.1622],[141.1714,45.1331],[141.2269,45.1],[141.287,45.1102],[141.2922,45.1227],[141.3295,45.1491],[141.3185,45.1971],[141.2796,45.2313],[141.2341,45.2339],[141.1992,45.2588]]],[[[139.5597,42.2494],[139.537,42.2331],[139.4357,42.216],[139.4066,42.1782],[139.4064,42.1604],[139.4231,42.1362],[139.4212,42.0712],[139.4441,42.0635],[139.4495,42.0524],[139.4532,42.0655],[139.4853,42.0742],[139.505,42.0978],[139.5226,42.154],[139.5171,42.1764],[139.5511,42.2105],[139.5609,42.229],[139.5597,42.2494]]],[[[140.9674,45.4642],[140.9676,45.4531],[140.9768,45.4476],[140.9664,45.4386],[140.9934,45.4264],[140.9852,45.3962],[140.9907,45.3862],[140.983,45.3796],[140.9995,45.3514],[141.002,45.3309],[141.0229,45.3087],[141.0267,45.2962],[141.0168,45.2835],[141.0254,45.274],[141.0421,45.2738],[141.0565,45.3169],[141.0494,45.3407],[141.0589,45.3515],[141.0566,45.4085],[141.067,45.4225],[141.0495,45.4507],[141.0332,45.4611],[141.0364,45.4432],[141.0133,45.433],[140.9911,45.4387],[140.9674,45.4642]]],[[[146.135,43.5489],[146.0612,43.5246],[146.1033,43.4947],[146.1187,43.4594],[146.1877,43.4835],[146.1958,43.4954],[146.1784,43.5018],[146.1807,43.5108],[146.2038,43.5318],[146.1615,43.5348],[146.135,43.5489]]],[[[145.8877,43.4622],[145.8628,43.4541],[145.8961,43.4471],[145.9006,43.4235],[145.9539,43.4255],[145.934,43.4416],[145.95,43.4543],[145.8979,43.4486],[145.8877,43.4622]]],[[[146.3122,43.6515],[146.3103,43.6396],[146.2977,43.6306],[146.2704,43.6262],[146.3568,43.6176],[146.3521,43.6383],[146.3279,43.6391],[146.3122,43.6515]]],[[[146.0987,43.4481],[146.0828,43.4395],[146.0832,43.4241],[146.0729,43.4231],[146.0637,43.4337],[146.0628,43.4238],[146.0475,43.4302],[146.0246,43.4086],[146.042,43.4018],[146.0605,43.4163],[146.0864,43.4154],[146.0935,43.4308],[146.1066,43.4317],[146.0987,43.4481]]],[[[139.3408,41.5251],[139.3347,41.5145],[139.3405,41.4951],[139.3831,41.5076],[139.3759,41.5225],[139.3408,41.5251]]],[[[141.3267,44.4424],[141.2963,44.4232],[141.2925,44.4141],[141.3196,44.4156],[141.3356,44.4323],[141.3267,44.4424]]],[[[141.4257,44.4466],[141.3961,44.4411],[141.3807,44.4338],[141.426,44.4282],[141.4257,44.4466]]],[[[146.0166,43.3784],[146.0048,43.371],[145.9936,43.3752],[145.9862,43.369],[146.0074,43.3608],[146.0166,43.3784]]],[[[145.5976,43.2217],[145.5874,43.2149],[145.5875,43.2074],[145.609,43.2113],[145.5976,43.2217]]],[[[139.8037,41.3657],[139.7939,41.359],[139.7984,41.3527],[139.8155,41.3593],[139.8037,41.3657]]],[[[146.8019,43.7597],[146.792,43.7569],[146.7906,43.7449],[146.8065,43.754],[146.8019,43.7597]]],[[[144.8745,42.9611],[144.8723,42.963],[144.8651,42.9467],[144.8801,42.9579],[144.8745,42.9611]]],[[[146.6915,43.7332],[146.6862,43.727],[146.6983,43.7215],[146.7041,43.7298],[146.6915,43.7332]]],[[[145.1095,43.0534],[145.0981,43.0522],[145.0971,43.0484],[145.1168,43.0519],[145.1095,43.0534]]],[[[146.1671,43.423],[146.1636,43.4226],[146.156,43.4157],[146.1637,43.4127],[146.1671,43.423]]],[[[145.6074,43.2306],[145.6055,43.2247],[145.6129,43.2253],[145.6111,43.2291],[145.6074,43.2306]]],[[[140.9644,45.4801],[140.9634,45.4752],[140.9694,45.4753],[140.9644,45.4801]]]]}},{"id":1,"type":"Feature","properties":{"N03_001":"青森県","N03_007":"02000"},"geometry":{"type":"MultiPolygon","coordinates":[[[[141.6826,40.4503],[141.6492,40.4702],[141.6086,40.514],[141.5878,40.5222],[141.576,40.5429],[141.5346,40.5272],[141.5144,40.5431],[141.5053,40.5401],[141.51,40.5458],[141.5018,40.5466],[141.5001,40.5568],[141.4875,40.5568],[141.4889,40.5712],[141.4824,40.5689],[141.4479,40.6388],[141.4169,40.7416],[141.3976,40.8478],[141.3928,40.9225],[141.3759,40.9367],[141.3887,40.9394],[141.3849,41.0095],[141.3984,41.1004],[141.3884,41.1539],[141.4082,41.25],[141.4424,41.3574],[141.4592,41.3792],[141.4606,41.3894],[141.4532,41.3944],[141.4685,41.4192],[141.4643,41.4289],[141.3879,41.3757],[141.3106,41.3513],[141.2746,41.3537],[141.1926,41.3871],[141.1068,41.4657],[141.0669,41.4823],[141.0027,41.4855],[140.9721,41.5],[140.9526,41.522],[140.9136,41.5465],[140.8988,41.5239],[140.909,41.4945],[140.8661,41.4464],[140.8667,41.4365],[140.8352,41.4157],[140.8203,41.3461],[140.7989,41.3208],[140.8062,41.3142],[140.7799,41.2534],[140.785,41.2301],[140.7789,41.2075],[140.7642,41.1952],[140.7642,41.1478],[140.7832,41.1313],[140.8115,41.1277],[140.8253,41.1454],[140.8546,41.1614],[140.8897,41.1635],[140.9181,41.1761],[140.9452,41.1739],[140.9825,41.199],[141.0556,41.1825],[141.0802,41.2037],[141.1134,41.2133],[141.1519,41.2408],[141.1556,41.2512],[141.1446,41.2411],[141.1332,41.2439],[141.16,41.2782],[141.1983,41.272],[141.2477,41.2242],[141.2791,41.1584],[141.2723,41.1348],[141.2465,41.1046],[141.2374,41.0219],[141.2197,40.9685],[141.1896,40.9179],[141.161,40.8882],[141.1321,40.8726],[141.0974,40.8749],[141.0642,40.9133],[141.0346,40.9175],[140.9975,40.937],[140.9724,40.9344],[140.9821,40.9614],[140.9612,40.9734],[140.9487,40.9924],[140.9178,40.9943],[140.8897,41.0108],[140.8635,40.9847],[140.8728,40.9814],[140.86,40.9716],[140.8639,40.9598],[140.8395,40.9524],[140.8714,40.9423],[140.8651,40.9039],[140.8549,40.9033],[140.8604,40.8891],[140.8017,40.8393],[140.7381,40.83],[140.6919,40.8604],[140.6769,40.8895],[140.632,41.0952],[140.6437,41.1724],[140.6371,41.1864],[140.6024,41.215],[140.5497,41.2276],[140.5386,41.2179],[140.5269,41.2212],[140.5194,41.2053],[140.491,41.1861],[140.462,41.1829],[140.4325,41.1959],[140.3967,41.2345],[140.3451,41.2629],[140.3401,41.2391],[140.3303,41.2305],[140.3354,41.1878],[140.3216,41.1478],[140.3034,41.1313],[140.257,41.1407],[140.2491,41.1256],[140.2884,41.1195],[140.3064,41.1061],[140.3195,41.0927],[140.3241,41.0557],[140.3051,40.9285],[140.2847,40.8639],[140.2579,40.8108],[140.2275,40.7815],[140.1915,40.7827],[140.1227,40.7426],[140.0959,40.747],[140.0891,40.7563],[140.0529,40.7692],[140.0257,40.7502],[140.0007,40.745],[139.985,40.7104],[139.9678,40.6989],[139.9632,40.6817],[139.939,40.6682],[139.9284,40.6423],[139.9046,40.6465],[139.861,40.616],[139.8686,40.5844],[139.9184,40.5858],[139.9402,40.5527],[139.9499,40.4938],[139.9363,40.4282],[140.001,40.4329],[140.0165,40.4211],[140.0249,40.4531],[140.0686,40.4689],[140.0936,40.4589],[140.1076,40.4359],[140.1514,40.435],[140.1855,40.4433],[140.1941,40.4348],[140.2101,40.4384],[140.2202,40.4312],[140.2793,40.4461],[140.2989,40.4463],[140.3095,40.4366],[140.3352,40.4394],[140.3478,40.4675],[140.3613,40.4784],[140.378,40.4765],[140.387,40.4871],[140.4021,40.475],[140.4357,40.48],[140.4334,40.4677],[140.4438,40.4506],[140.4776,40.4531],[140.5085,40.4285],[140.5279,40.4313],[140.5238,40.4102],[140.5408,40.4027],[140.5671,40.3986],[140.5532,40.42],[140.5897,40.4361],[140.6329,40.4177],[140.6341,40.4023],[140.6537,40.4036],[140.6992,40.4294],[140.7336,40.4158],[140.7341,40.4397],[140.7527,40.4392],[140.7694,40.4539],[140.7869,40.4572],[140.8034,40.4486],[140.8106,40.4871],[140.82,40.4953],[140.845,40.5074],[140.8801,40.5102],[140.8613,40.4406],[140.8923,40.4233],[140.9852,40.4272],[140.9797,40.4177],[140.9953,40.3553],[140.9812,40.3434],[140.9654,40.3503],[140.9686,40.3375],[140.9576,40.3065],[140.944,40.2963],[140.9446,40.2881],[140.9576,40.282],[140.9457,40.2581],[140.9801,40.2196],[141.0224,40.2203],[141.0764,40.2526],[141.1041,40.2557],[141.1101,40.261],[141.0998,40.2802],[141.1384,40.3005],[141.2187,40.3153],[141.2263,40.328],[141.2601,40.3419],[141.2624,40.3495],[141.2888,40.3492],[141.2935,40.3632],[141.3159,40.3726],[141.3363,40.3602],[141.334,40.3456],[141.3531,40.331],[141.3818,40.3425],[141.3975,40.3673],[141.407,40.3572],[141.4273,40.3618],[141.4416,40.376],[141.4805,40.3761],[141.5182,40.3518],[141.539,40.348],[141.5856,40.3783],[141.5812,40.3984],[141.5869,40.407],[141.6523,40.4277],[141.6826,40.4503]]],[[[141.5309,40.5441],[141.5244,40.5454],[141.5268,40.5342],[141.532,40.5373],[141.5309,40.5441]]],[[[140.872,41.0173],[140.8714,41.0125],[140.8762,41.0127],[140.872,41.0173]]]]}},{"id":2,"type":"Feature","properties":{"N03_001":"岩手県","N03_007":"03000"},"geometry":{"type":"MultiPolygon","coordinates":[[[[141.6317,38.9707],[141.6221,38.9939],[141.6272,39.0023],[141.6701,39.0051],[141.6827,38.9966],[141.6678,38.989],[141.668,38.9769],[141.6885,38.965],[141.6918,38.9463],[141.706,38.9423],[141.7264,38.9553],[141.723,38.9634],[141.6962,38.9707],[141.7146,38.9817],[141.7124,38.9975],[141.7419,38.9858],[141.7439,38.9919],[141.7319,39.0139],[141.71,39.0234],[141.7249,39.0407],[141.7297,39.0709],[141.7385,39.0629],[141.7333,39.0532],[141.7408,39.0509],[141.7336,39.0454],[141.7385,39.0386],[141.7326,39.023],[141.7591,39.0189],[141.7698,39.0349],[141.7829,39.0288],[141.7982,39.0411],[141.7969,39.0255],[141.8473,39.0262],[141.8494,39.0371],[141.8178,39.0493],[141.8154,39.0592],[141.8746,39.0635],[141.8682,39.0722],[141.8252,39.0746],[141.8089,39.09],[141.8133,39.1144],[141.8339,39.1042],[141.86,39.104],[141.8785,39.086],[141.9164,39.1067],[141.9054,39.117],[141.8726,39.1163],[141.8733,39.1278],[141.8361,39.1471],[141.8553,39.1575],[141.8874,39.1557],[141.9165,39.1729],[141.9223,39.1846],[141.8898,39.1818],[141.8663,39.1918],[141.8651,39.2038],[141.8901,39.1978],[141.889,39.2087],[141.9023,39.2048],[141.9369,39.2238],[141.9489,39.2193],[141.9544,39.2224],[141.9449,39.2424],[141.9708,39.2506],[141.9284,39.2462],[141.9202,39.2379],[141.9127,39.248],[141.894,39.2489],[141.9027,39.2529],[141.8882,39.2732],[141.9277,39.267],[141.9258,39.2855],[141.8869,39.302],[141.8907,39.3078],[141.9361,39.3081],[141.9454,39.3159],[141.9702,39.313],[141.9825,39.339],[141.9963,39.3493],[141.9759,39.3374],[141.9558,39.3404],[141.9445,39.3296],[141.9233,39.3328],[141.9164,39.3243],[141.8961,39.3321],[141.8977,39.3383],[141.9195,39.3554],[141.9372,39.3502],[141.9574,39.356],[141.9677,39.3746],[141.9452,39.3717],[141.938,39.3848],[141.9739,39.4258],[141.981,39.4269],[141.9824,39.4086],[142.0051,39.4109],[142.0133,39.4266],[142.0312,39.4161],[142.044,39.4274],[142.039,39.4472],[142.0595,39.4698],[142.0485,39.4822],[142.0351,39.4824],[142.0089,39.4649],[142.0027,39.4454],[141.9958,39.4518],[141.9795,39.439],[141.9633,39.4476],[141.9545,39.4722],[141.9913,39.4837],[142.0089,39.476],[142.0091,39.4945],[142.0246,39.5038],[142.0335,39.5294],[142.0583,39.5227],[142.0529,39.5331],[142.0633,39.5336],[142.0724,39.5481],[142.0675,39.5627],[142.0563,39.5659],[142.0576,39.5743],[142.0266,39.5795],[142.0314,39.5979],[142.0257,39.6071],[142.0318,39.61],[142.0226,39.6162],[142.0278,39.6471],[142.0212,39.6559],[141.9578,39.5858],[141.9481,39.5877],[141.9453,39.5986],[141.9715,39.6259],[141.964,39.639],[141.9697,39.6468],[141.9809,39.6449],[141.9701,39.6542],[141.9853,39.6869],[141.967,39.69],[141.9862,39.7134],[141.9845,39.7244],[141.9709,39.731],[141.9995,39.7493],[141.9882,39.7622],[142.0031,39.7743],[141.9841,39.7883],[141.9837,39.8141],[141.9906,39.82],[141.9784,39.8307],[141.9788,39.8642],[141.9709,39.8849],[141.9552,39.8911],[141.9397,39.9196],[141.9431,39.9437],[141.9601,39.9472],[141.9559,39.9836],[141.9353,40.0097],[141.9051,40.0106],[141.8785,40.0471],[141.8501,40.0568],[141.8332,40.0748],[141.8289,40.1133],[141.8487,40.1348],[141.8628,40.132],[141.8759,40.1435],[141.8526,40.1686],[141.8016,40.1842],[141.8011,40.209],[141.8308,40.2209],[141.8203,40.2627],[141.7751,40.3204],[141.7714,40.3454],[141.7544,40.3555],[141.7551,40.3679],[141.7303,40.3876],[141.7133,40.4199],[141.6826,40.4503],[141.6523,40.4277],[141.5869,40.407],[141.5812,40.3984],[141.5856,40.3783],[141.539,40.348],[141.5182,40.3518],[141.4805,40.3761],[141.4416,40.376],[141.4273,40.3618],[141.407,40.3572],[141.3975,40.3673],[141.3818,40.3425],[141.3531,40.331],[141.334,40.3456],[141.3363,40.3602],[141.3159,40.3726],[141.2935,40.3632],[141.2888,40.3492],[141.2624,40.3495],[141.2601,40.3419],[141.2263,40.328],[141.2187,40.3153],[141.1384,40.3005],[141.0998,40.2802],[141.1101,40.261],[141.1041,40.2557],[141.0764,40.2526],[141.0224,40.2203],[140.9801,40.2196],[140.9551,40.2476],[140.9401,40.2402],[140.9422,40.2287],[140.9096,40.2235],[140.8958,40.2136],[140.8924,40.1923],[140.8592,40.1716],[140.8691,40.1595],[140.8824,40.159],[140.867,40.1324],[140.8715,40.1158],[140.8787,40.115],[140.8773,40.0981],[140.8445,40.0746],[140.8554,40.0467],[140.8481,39.9584],[140.8572,39.953],[140.8547,39.9233],[140.8681,39.9117],[140.878,39.8744],[140.8529,39.8658],[140.8239,39.8857],[140.7995,39.8817],[140.7822,39.8678],[140.7892,39.8491],[140.7868,39.8233],[140.8225,39.8148],[140.8483,39.7933],[140.8053,39.7566],[140.8037,39.7447],[140.7748,39.7346],[140.7945,39.7096],[140.8099,39.708],[140.8099,39.6984],[140.8226,39.6879],[140.8223,39.6503],[140.7963,39.6031],[140.7825,39.6041],[140.7803,39.5902],[140.7643,39.5878],[140.7543,39.5707],[140.7304,39.5658],[140.7291,39.553],[140.7413,39.5362],[140.7137,39.4992],[140.7244,39.4805],[140.6895,39.4648],[140.677,39.4484],[140.6851,39.4247],[140.6582,39.4142],[140.6637,39.4037],[140.6532,39.3908],[140.679,39.3832],[140.6756,39.3683],[140.693,39.3581],[140.6885,39.3475],[140.706,39.3388],[140.7092,39.3299],[140.694,39.3198],[140.6936,39.2996],[140.7173,39.2965],[140.7178,39.2726],[140.7514,39.2628],[140.7887,39.2384],[140.7876,39.2268],[140.7705,39.2235],[140.763,39.2132],[140.7649,39.1978],[140.7974,39.19],[140.8078,39.1784],[140.7835,39.1654],[140.7739,39.1676],[140.7489,39.1381],[140.77,39.1242],[140.7559,39.1181],[140.7633,39.1089],[140.7529,39.086],[140.8044,39.0706],[140.7951,39.0307],[140.7644,39.0004],[140.7736,38.9581],[140.8241,38.9641],[140.8757,38.931],[140.9104,38.9274],[140.9144,38.9176],[140.9314,38.9204],[140.9615,38.9057],[140.9898,38.8743],[141.0207,38.8864],[141.0369,38.8767],[141.0917,38.8874],[141.108,38.8777],[141.1395,38.8775],[141.1468,38.8563],[141.1253,38.8369],[141.1048,38.8373],[141.1045,38.8233],[141.1237,38.8255],[141.1236,38.8165],[141.1425,38.8119],[141.1401,38.7886],[141.1956,38.7768],[141.2158,38.7485],[141.2371,38.7491],[141.2289,38.7526],[141.2573,38.7624],[141.2725,38.797],[141.3045,38.7935],[141.309,38.8222],[141.3347,38.8069],[141.3531,38.8124],[141.3714,38.8074],[141.3803,38.7961],[141.3938,38.7998],[141.3981,38.7895],[141.4149,38.7862],[141.4097,38.7679],[141.438,38.7831],[141.4362,38.8058],[141.4294,38.8106],[141.4591,38.8152],[141.4498,38.8374],[141.466,38.856],[141.4527,38.8626],[141.4507,38.8751],[141.4921,38.9148],[141.4856,38.9357],[141.494,38.9553],[141.4836,38.9783],[141.4924,38.999],[141.5179,39.0016],[141.5231,38.9914],[141.567,38.996],[141.5745,38.9873],[141.6014,38.9863],[141.6317,38.9707]]],[[[141.9816,39.3089],[141.9791,39.3072],[141.9845,39.3047],[141.9862,39.3072],[141.9816,39.3089]]],[[[141.9998,39.4069],[141.9939,39.4008],[141.9979,39.3993],[141.9998,39.4069]]]]}},{"id":3,"type":"Feature","properties":{"N03_001":"宮城県","N03_007":"04000"},"geometry":{"type":"MultiPolygon","coordinates":[[[[141.6317,38.9707],[141.6014,38.9863],[141.5745,38.9873],[141.567,38.996],[141.5231,38.9914],[141.5179,39.0016],[141.4924,38.999],[141.4836,38.9783],[141.494,38.9553],[141.4856,38.9357],[141.4921,38.9148],[141.4507,38.8751],[141.4527,38.8626],[141.466,38.856],[141.4498,38.8374],[141.4591,38.8152],[141.4294,38.8106],[141.4362,38.8058],[141.438,38.7831],[141.4097,38.7679],[141.4149,38.7862],[141.3981,38.7895],[141.3938,38.7998],[141.3803,38.7961],[141.3714,38.8074],[141.3531,38.8124],[141.3347,38.8069],[141.309,38.8222],[141.3045,38.7935],[141.2725,38.797],[141.2573,38.7624],[141.2289,38.7526],[141.2369,38.752],[141.2325,38.7476],[141.2158,38.7485],[141.2061,38.7695],[141.181,38.7845],[141.1675,38.7785],[141.1401,38.7886],[141.1425,38.8119],[141.1236,38.8165],[141.1237,38.8255],[141.1045,38.8233],[141.1048,38.8373],[141.1253,38.8369],[141.1468,38.8563],[141.1395,38.8775],[141.108,38.8777],[141.0917,38.8874],[141.0369,38.8767],[141.0207,38.8864],[140.9898,38.8743],[140.9615,38.9057],[140.9314,38.9204],[140.9144,38.9176],[140.9104,38.9274],[140.8757,38.931],[140.8241,38.9641],[140.7453,38.9564],[140.7116,38.9232],[140.6856,38.9176],[140.6711,38.8971],[140.6403,38.8839],[140.6156,38.8937],[140.5622,38.8731],[140.5471,38.8892],[140.5393,38.8639],[140.553,38.8591],[140.5591,38.8473],[140.5907,38.8361],[140.5986,38.826],[140.5957,38.8022],[140.6035,38.7837],[140.6465,38.7695],[140.607,38.7213],[140.607,38.7033],[140.6236,38.6998],[140.6244,38.6877],[140.602,38.6406],[140.5899,38.6338],[140.5467,38.6497],[140.5376,38.6338],[140.5603,38.6094],[140.5584,38.5976],[140.5696,38.5942],[140.5786,38.5681],[140.5541,38.5408],[140.5584,38.5298],[140.572,38.5256],[140.5635,38.5106],[140.5674,38.5013],[140.6044,38.482],[140.6082,38.4584],[140.6197,38.4558],[140.5978,38.4365],[140.5806,38.4374],[140.5713,38.4106],[140.5782,38.3929],[140.5454,38.3641],[140.5263,38.3575],[140.5217,38.3496],[140.5297,38.3207],[140.5203,38.3095],[140.5043,38.3142],[140.4926,38.3027],[140.497,38.2831],[140.4712,38.2694],[140.4685,38.2332],[140.4802,38.1821],[140.4677,38.157],[140.4427,38.139],[140.4457,38.1298],[140.4239,38.1194],[140.4177,38.0803],[140.4034,38.0707],[140.3802,38.0695],[140.375,38.0574],[140.2771,38.0562],[140.282,38.0491],[140.2766,38.0286],[140.2895,38.0071],[140.2769,37.9942],[140.28,37.9766],[140.3486,37.9502],[140.3591,37.959],[140.3856,37.9537],[140.3884,37.9691],[140.4075,37.9736],[140.4092,37.9637],[140.4242,37.957],[140.4749,37.9468],[140.4675,37.9378],[140.4695,37.9179],[140.4883,37.8996],[140.563,37.9114],[140.5664,37.9228],[140.5918,37.9062],[140.6117,37.9152],[140.6274,37.8991],[140.6626,37.9002],[140.6909,37.8837],[140.6828,37.8741],[140.6916,37.8495],[140.6795,37.8369],[140.6924,37.807],[140.723,37.7925],[140.727,37.7815],[140.7457,37.7883],[140.7955,37.7735],[140.8029,37.78],[140.7653,37.7985],[140.775,37.8063],[140.8108,37.7956],[140.8517,37.7953],[140.8579,37.8029],[140.8506,37.8492],[140.8616,37.8628],[140.8563,37.8909],[140.8982,37.903],[140.9236,37.892],[140.9311,37.8962],[140.9147,37.9785],[140.9305,38.0996],[140.9671,38.1897],[141.0262,38.2641],[140.9989,38.2731],[141.025,38.2711],[141.0288,38.2831],[141.0296,38.2756],[141.0403,38.2727],[141.0694,38.2926],[141.0846,38.2929],[141.088,38.3029],[141.0764,38.3196],[141.0413,38.3113],[141.0456,38.3186],[141.0274,38.3199],[141.0522,38.3318],[141.0376,38.3434],[141.0651,38.3508],[141.062,38.3694],[141.0744,38.3779],[141.0875,38.3817],[141.1077,38.3705],[141.1139,38.3778],[141.1072,38.3862],[141.1317,38.3782],[141.1378,38.3716],[141.1322,38.3602],[141.149,38.3585],[141.1585,38.3536],[141.1739,38.3756],[141.2303,38.401],[141.2665,38.408],[141.2666,38.4194],[141.2734,38.4199],[141.2853,38.4194],[141.274,38.4092],[141.286,38.409],[141.2868,38.3996],[141.2948,38.4001],[141.2929,38.4137],[141.3634,38.4119],[141.3702,38.4004],[141.3641,38.3894],[141.3732,38.3833],[141.3902,38.3863],[141.4074,38.4028],[141.4157,38.3917],[141.4301,38.3989],[141.4227,38.3847],[141.4374,38.3821],[141.4369,38.372],[141.458,38.3739],[141.4299,38.3648],[141.418,38.3532],[141.4223,38.3443],[141.4366,38.3415],[141.445,38.3517],[141.4521,38.3409],[141.4622,38.3512],[141.4633,38.3355],[141.4741,38.3293],[141.4509,38.3149],[141.467,38.3059],[141.4691,38.3137],[141.494,38.3077],[141.4921,38.2954],[141.509,38.2967],[141.5103,38.2781],[141.5234,38.2716],[141.5281,38.2986],[141.541,38.3081],[141.5406,38.3167],[141.5246,38.3257],[141.5344,38.3393],[141.5197,38.3665],[141.49,38.3675],[141.4813,38.3755],[141.5119,38.3916],[141.5306,38.3815],[141.5387,38.4008],[141.5139,38.3929],[141.5009,38.4034],[141.4994,38.4152],[141.4724,38.3938],[141.4662,38.4003],[141.475,38.4197],[141.4481,38.4413],[141.461,38.4451],[141.4824,38.4369],[141.503,38.4468],[141.4966,38.4493],[141.4988,38.4612],[141.477,38.4632],[141.4982,38.4778],[141.4909,38.4885],[141.4964,38.4991],[141.4695,38.5211],[141.5119,38.5131],[141.5168,38.4926],[141.5305,38.4888],[141.54,38.4991],[141.5348,38.5082],[141.5463,38.5237],[141.5302,38.5327],[141.5325,38.549],[141.5111,38.5343],[141.4931,38.5333],[141.4809,38.5589],[141.4629,38.5613],[141.4586,38.5785],[141.4875,38.5835],[141.5046,38.5952],[141.5009,38.6028],[141.5178,38.6048],[141.5297,38.6359],[141.4643,38.6479],[141.4612,38.6422],[141.4429,38.6437],[141.4502,38.6574],[141.4443,38.6735],[141.4945,38.6765],[141.4901,38.6896],[141.5163,38.6893],[141.5223,38.7159],[141.5487,38.7116],[141.5577,38.7057],[141.5543,38.6954],[141.564,38.6977],[141.5654,38.7124],[141.5567,38.7191],[141.5661,38.7252],[141.5658,38.7372],[141.5481,38.7333],[141.5374,38.7398],[141.5399,38.7473],[141.5129,38.7688],[141.5204,38.7885],[141.5552,38.8014],[141.559,38.8125],[141.5726,38.8104],[141.5775,38.8232],[141.6023,38.8327],[141.5928,38.8332],[141.5834,38.8485],[141.5941,38.8858],[141.5819,38.9101],[141.6045,38.88],[141.6154,38.8821],[141.6331,38.9024],[141.65,38.8702],[141.6746,38.8582],[141.6627,38.8824],[141.6652,38.8958],[141.651,38.903],[141.6506,38.9171],[141.6346,38.9313],[141.6445,38.9415],[141.6314,38.9543],[141.6418,38.956],[141.6317,38.9707]]],[[[141.5851,38.2765],[141.5791,38.2869],[141.5862,38.3024],[141.5669,38.3135],[141.5478,38.3024],[141.5524,38.2879],[141.5744,38.2695],[141.5851,38.2765]]],[[[141.6243,38.8854],[141.6021,38.8739],[141.6112,38.847],[141.6263,38.8351],[141.6363,38.8392],[141.6228,38.8505],[141.6249,38.8639],[141.633,38.8655],[141.6243,38.8854]]],[[[141.1503,38.3567],[141.1414,38.355],[141.148,38.3387],[141.1315,38.3387],[141.1366,38.3306],[141.1738,38.3236],[141.1641,38.3495],[141.1578,38.3453],[141.1503,38.3567]]],[[[141.4703,38.2836],[141.4605,38.2832],[141.4586,38.2678],[141.4724,38.2635],[141.4757,38.2526],[141.501,38.2475],[141.4703,38.2836]]],[[[141.4162,38.3122],[141.4095,38.3049],[141.4091,38.2858],[141.4228,38.2889],[141.4162,38.3122]]],[[[141.518,38.4656],[141.5186,38.4429],[141.5302,38.4377],[141.531,38.4537],[141.518,38.4656]]],[[[141.1301,38.3476],[141.1156,38.335],[141.1231,38.327],[141.1285,38.3279],[141.1301,38.3476]]],[[[141.0908,38.3383],[141.0877,38.3308],[141.099,38.3338],[141.0908,38.3383]]],[[[141.1214,38.3439],[141.1063,38.3377],[141.1068,38.3341],[141.1158,38.3379],[141.1214,38.3439]]],[[[141.5922,38.4026],[141.5897,38.3979],[141.5988,38.3973],[141.5981,38.3999],[141.5922,38.4026]]],[[[141.6063,38.392],[141.6018,38.3894],[141.6045,38.3865],[141.6063,38.392]]],[[[141.1151,38.3527],[141.1138,38.3462],[141.1166,38.3463],[141.1151,38.3527]]],[[[141.1214,38.3541],[141.1246,38.3486],[141.1267,38.3517],[141.1214,38.3541]]]]}},{"id":4,"type":"Feature","properties":{"N03_001":"秋田県","N03_007":"05000"},"geometry":{"type":"Polygon","coordinates":[[[139.8637,39.8905],[139.8587,39.8956],[139.9249,39.8995],[139.9635,39.8829],[140.0042,39.8493],[140.033,39.8072],[140.0346,39.7855],[140.0423,39.7828],[140.0334,39.781],[140.0382,39.7648],[140.0461,39.7635],[140.0428,39.7728],[140.0493,39.7741],[140.0463,39.7495],[140.0578,39.7296],[140.063,39.6544],[140.045,39.4987],[140.0112,39.3754],[139.966,39.2951],[139.9306,39.2892],[139.9154,39.2747],[139.9098,39.2591],[139.9147,39.2486],[139.8926,39.2087],[139.9036,39.1997],[139.9049,39.1815],[139.8834,39.1453],[139.8792,39.1228],[139.8696,39.1183],[139.948,39.1172],[139.9944,39.1055],[140.0078,39.123],[140.0621,39.1334],[140.0625,39.0929],[140.1149,39.0778],[140.1169,39.0682],[140.1374,39.0655],[140.1508,39.0492],[140.1981,39.0613],[140.2048,39.0535],[140.2006,39.0357],[140.2275,39.0271],[140.2621,39.0347],[140.3107,39.0136],[140.3279,39.0346],[140.3614,39.0244],[140.3746,38.9957],[140.4319,38.9919],[140.4512,38.9718],[140.4496,38.9456],[140.4617,38.9204],[140.4818,38.9164],[140.4998,38.8951],[140.538,38.9004],[140.5622,38.8731],[140.6156,38.8937],[140.6369,38.8835],[140.6546,38.8893],[140.6711,38.8971],[140.6856,38.9176],[140.7116,38.9232],[140.7321,38.9493],[140.7736,38.9581],[140.7644,39.0004],[140.7951,39.0307],[140.8044,39.0706],[140.7529,39.086],[140.7633,39.1089],[140.7559,39.1181],[140.77,39.1242],[140.7489,39.1381],[140.7739,39.1676],[140.7835,39.1654],[140.8078,39.1784],[140.7974,39.19],[140.7649,39.1978],[140.763,39.2132],[140.7705,39.2235],[140.7876,39.2268],[140.7887,39.2384],[140.7514,39.2628],[140.7178,39.2726],[140.7173,39.2965],[140.6936,39.2996],[140.694,39.3198],[140.7092,39.3299],[140.706,39.3388],[140.6885,39.3475],[140.693,39.3581],[140.6756,39.3683],[140.679,39.3832],[140.6532,39.3908],[140.6637,39.4037],[140.6582,39.4142],[140.6851,39.4247],[140.677,39.4484],[140.6895,39.4648],[140.7244,39.4805],[140.7137,39.4992],[140.7413,39.5362],[140.7291,39.553],[140.7304,39.5658],[140.7543,39.5707],[140.7643,39.5878],[140.7803,39.5902],[140.7825,39.6041],[140.7963,39.6031],[140.8223,39.6503],[140.8226,39.6879],[140.8099,39.6984],[140.8099,39.708],[140.7945,39.7096],[140.7748,39.7346],[140.8037,39.7447],[140.8053,39.7566],[140.8483,39.7933],[140.8225,39.8148],[140.7868,39.8233],[140.7892,39.8491],[140.7822,39.8678],[140.7995,39.8817],[140.8239,39.8857],[140.8529,39.8658],[140.878,39.8744],[140.8681,39.9117],[140.8547,39.9233],[140.8572,39.953],[140.8481,39.9584],[140.8453,39.9751],[140.8556,40.0222],[140.8445,40.0746],[140.8773,40.0981],[140.8787,40.115],[140.8715,40.1158],[140.867,40.1324],[140.8831,40.1536],[140.8592,40.1716],[140.8924,40.1923],[140.8895,40.2005],[140.9055,40.2221],[140.9422,40.2287],[140.9401,40.2402],[140.9551,40.2476],[140.9457,40.2581],[140.9576,40.282],[140.9446,40.2881],[140.944,40.2963],[140.9576,40.3065],[140.9686,40.3375],[140.9654,40.3503],[140.9812,40.3434],[140.9953,40.3553],[140.9797,40.4177],[140.9852,40.4272],[140.8923,40.4233],[140.8613,40.4406],[140.8768,40.5111],[140.82,40.4953],[140.8106,40.4871],[140.8034,40.4486],[140.7869,40.4572],[140.7694,40.4539],[140.7527,40.4392],[140.7341,40.4397],[140.7336,40.4158],[140.6992,40.4294],[140.6537,40.4036],[140.6341,40.4023],[140.6329,40.4177],[140.5897,40.4361],[140.5532,40.42],[140.5671,40.3986],[140.5408,40.4027],[140.5238,40.4102],[140.5279,40.4313],[140.5085,40.4285],[140.4776,40.4531],[140.4438,40.4506],[140.4334,40.4677],[140.4357,40.48],[140.4021,40.475],[140.387,40.4871],[140.378,40.4765],[140.3613,40.4784],[140.3478,40.4675],[140.3352,40.4394],[140.3095,40.4366],[140.2989,40.4463],[140.2793,40.4461],[140.2202,40.4312],[140.2101,40.4384],[140.1941,40.4348],[140.1855,40.4433],[140.1514,40.435],[140.1076,40.4359],[140.0936,40.4589],[140.0686,40.4689],[140.0249,40.4531],[140.0165,40.4211],[140.001,40.4329],[139.9363,40.4282],[139.948,40.4133],[139.9784,40.3983],[139.9802,40.3878],[140.0134,40.3717],[140.0258,40.3498],[140.0156,40.2644],[140.0008,40.2202],[140.0052,40.2114],[139.9942,40.2131],[139.995,40.1993],[139.9884,40.2002],[139.984,40.1835],[139.9922,40.1758],[139.949,40.0787],[139.8852,39.9995],[139.816,39.9594],[139.7977,39.9568],[139.7657,39.9749],[139.7235,39.9816],[139.7018,40.0068],[139.6932,39.9956],[139.7063,39.9568],[139.7212,39.9543],[139.7191,39.9461],[139.705,39.9446],[139.7056,39.9283],[139.7166,39.91],[139.7349,39.9054],[139.7406,39.8714],[139.7538,39.8591],[139.7949,39.8675],[139.8148,39.8573],[139.8308,39.8689],[139.838,39.863],[139.8612,39.8663],[139.8472,39.8775],[139.8595,39.8853],[139.8531,39.8871],[139.8597,39.8945],[139.8637,39.8905]]]}},{"id":5,"type":"Feature","properties":{"N03_001":"山形県","N03_007":"06000"},"geometry":{"type":"MultiPolygon","coordinates":[[[[140.5471,38.8892],[140.5355,38.9007],[140.4998,38.8951],[140.4818,38.9164],[140.4617,38.9204],[140.4496,38.9456],[140.4512,38.9718],[140.4319,38.9919],[140.3746,38.9957],[140.3614,39.0244],[140.3279,39.0346],[140.3107,39.0136],[140.2621,39.0347],[140.2275,39.0271],[140.2006,39.0357],[140.2048,39.0535],[140.1981,39.0613],[140.1508,39.0492],[140.1374,39.0655],[140.1169,39.0682],[140.1149,39.0778],[140.0625,39.0929],[140.0621,39.1334],[140.0078,39.123],[139.9944,39.1055],[139.948,39.1172],[139.8696,39.1183],[139.8794,39.0967],[139.8671,39.0521],[139.8369,38.9785],[139.826,38.9749],[139.8189,38.9605],[139.8375,38.9629],[139.835,38.9543],[139.8116,38.9449],[139.8178,38.943],[139.8052,38.9307],[139.8103,38.9292],[139.7929,38.8709],[139.7534,38.7854],[139.7077,38.7502],[139.6918,38.7249],[139.6709,38.7188],[139.6102,38.6695],[139.5439,38.5562],[139.5995,38.5222],[139.6217,38.5254],[139.6531,38.507],[139.6929,38.5068],[139.7207,38.4963],[139.7258,38.4866],[139.7123,38.4792],[139.7186,38.4292],[139.7034,38.4002],[139.7095,38.3875],[139.7221,38.394],[139.7329,38.3714],[139.7707,38.3529],[139.7896,38.3487],[139.8165,38.356],[139.8272,38.345],[139.8484,38.3428],[139.8998,38.2874],[139.8999,38.2758],[139.8766,38.2618],[139.8602,38.2311],[139.7865,38.1942],[139.7638,38.1989],[139.7535,38.1935],[139.7132,38.2066],[139.6986,38.203],[139.6964,38.1866],[139.6825,38.1696],[139.6939,38.1159],[139.6827,38.1081],[139.6723,38.0769],[139.691,38.0737],[139.6865,38.066],[139.6927,38.057],[139.6801,38.0433],[139.6576,38.0374],[139.6543,37.9965],[139.6435,37.9945],[139.6393,37.9844],[139.643,37.9468],[139.6251,37.9175],[139.6318,37.8893],[139.6567,37.8717],[139.6571,37.8635],[139.6808,37.847],[139.7156,37.8542],[139.7413,37.8203],[139.7824,37.832],[139.8082,37.8037],[139.8586,37.8265],[139.8866,37.8092],[139.9255,37.8142],[139.9282,37.8277],[139.9373,37.8282],[139.9579,37.8149],[139.9601,37.7957],[139.9865,37.7604],[140.0193,37.762],[140.0525,37.7788],[140.069,37.7579],[140.0868,37.758],[140.1023,37.7376],[140.1154,37.7344],[140.1401,37.7394],[140.146,37.7527],[140.1669,37.7572],[140.2355,37.7459],[140.2763,37.7818],[140.2822,37.7982],[140.2988,37.8078],[140.2621,37.8344],[140.2699,37.8667],[140.2649,37.8862],[140.2707,37.8907],[140.2646,37.9121],[140.2793,37.9337],[140.2713,37.9666],[140.28,37.9766],[140.2769,37.9942],[140.2895,38.0071],[140.2766,38.0286],[140.282,38.0491],[140.2771,38.0562],[140.375,38.0574],[140.3802,38.0695],[140.4034,38.0707],[140.4177,38.0803],[140.4239,38.1194],[140.4457,38.1298],[140.4427,38.139],[140.4677,38.157],[140.4802,38.1821],[140.4685,38.2332],[140.4712,38.2694],[140.497,38.2831],[140.4926,38.3027],[140.5043,38.3142],[140.5203,38.3095],[140.5297,38.3207],[140.5217,38.3496],[140.5263,38.3575],[140.5454,38.3641],[140.5782,38.3929],[140.5713,38.4106],[140.5806,38.4374],[140.5978,38.4365],[140.6197,38.4558],[140.6082,38.4584],[140.6044,38.482],[140.5674,38.5013],[140.5635,38.5106],[140.572,38.5256],[140.5584,38.5298],[140.5541,38.5408],[140.5786,38.5681],[140.5696,38.5942],[140.5584,38.5976],[140.5603,38.6094],[140.5376,38.6338],[140.5467,38.6497],[140.5899,38.6338],[140.602,38.6406],[140.6244,38.6877],[140.6236,38.6998],[140.607,38.7033],[140.607,38.7213],[140.6465,38.7695],[140.6035,38.7837],[140.5957,38.8022],[140.5986,38.826],[140.5907,38.8361],[140.5591,38.8473],[140.553,38.8591],[140.5393,38.8639],[140.5471,38.8892]]],[[[139.5504,39.2085],[139.5398,39.1892],[139.5447,39.1814],[139.5648,39.1987],[139.5504,39.2085]]]]}},{"id":6,"type":"Feature","properties":{"N03_001":"福島県","N03_007":"07000"},"geometry":{"type":"MultiPolygon","coordinates":[[[[139.7241,37.8369],[139.7236,37.8374],[139.7248,37.8366],[139.7241,37.8369]]],[[[139.7205,37.8396],[139.7199,37.8412],[139.7236,37.8374],[139.7205,37.8396]]],[[[139.719,37.8438],[139.7199,37.8412],[139.7192,37.842],[139.719,37.8438]]],[[[139.7162,37.8464],[139.7188,37.8451],[139.719,37.8438],[139.7186,37.8449],[139.7162,37.8464]]],[[[139.716,37.8476],[139.7161,37.847],[139.716,37.847],[139.716,37.8476]]],[[[139.6893,37.8467],[139.6808,37.847],[139.7062,37.8559],[139.7156,37.8542],[139.716,37.8476],[139.7107,37.8544],[139.6893,37.8467]]],[[[140.8978,36.9261],[140.8925,36.9288],[140.898,36.9358],[140.9041,36.9386],[140.9094,36.9388],[140.8999,36.9366],[140.8978,36.9261]]],[[[139.7764,37.8299],[139.7824,37.832],[139.8082,37.8037],[139.8586,37.8265],[139.8866,37.8092],[139.9255,37.8142],[139.9282,37.8277],[139.9373,37.8282],[139.9579,37.8149],[139.9601,37.7957],[139.9865,37.7604],[140.0193,37.762],[140.0525,37.7788],[140.069,37.7579],[140.0868,37.758],[140.1023,37.7376],[140.1154,37.7344],[140.1401,37.7394],[140.146,37.7527],[140.1669,37.7572],[140.2355,37.7459],[140.2988,37.8078],[140.2621,37.8344],[140.2699,37.8667],[140.2649,37.8862],[140.2707,37.8907],[140.2646,37.9121],[140.2793,37.9337],[140.2713,37.9666],[140.28,37.9766],[140.3486,37.9502],[140.3591,37.959],[140.3856,37.9537],[140.3884,37.9691],[140.4075,37.9736],[140.4092,37.9637],[140.4242,37.957],[140.4749,37.9468],[140.4675,37.9378],[140.4695,37.9179],[140.4883,37.8996],[140.563,37.9114],[140.5664,37.9228],[140.5918,37.9062],[140.6117,37.9152],[140.6274,37.8991],[140.6626,37.9002],[140.6909,37.8837],[140.6828,37.8741],[140.6916,37.8495],[140.6795,37.8369],[140.6924,37.807],[140.723,37.7925],[140.727,37.7815],[140.7457,37.7883],[140.7921,37.7733],[140.8029,37.78],[140.7653,37.7985],[140.775,37.8063],[140.8108,37.7956],[140.8517,37.7953],[140.8579,37.8029],[140.8506,37.8492],[140.8616,37.8628],[140.8563,37.8909],[140.8982,37.903],[140.9236,37.892],[140.9311,37.8962],[140.941,37.8622],[140.9558,37.8594],[140.9505,37.855],[140.9597,37.8329],[140.9864,37.8237],[140.991,37.7678],[141.0113,37.739],[141.0112,37.6884],[141.0222,37.6643],[141.0266,37.5607],[141.042,37.4832],[141.0341,37.4309],[141.0369,37.3636],[141.0129,37.2508],[141.0215,37.2349],[141.0025,37.2004],[141.0007,37.1183],[140.9782,37.074],[140.9727,37.0226],[140.9813,36.999],[140.9651,36.9698],[140.9245,36.9352],[140.9026,36.9444],[140.8408,36.9095],[140.8166,36.9084],[140.7947,36.8852],[140.7897,36.8565],[140.7772,36.8674],[140.7668,36.8616],[140.7405,36.8756],[140.7141,36.8728],[140.695,36.8888],[140.6147,36.9045],[140.593,36.9265],[140.5866,36.9451],[140.5747,36.9421],[140.5674,36.9367],[140.5657,36.9164],[140.5808,36.9044],[140.5922,36.8735],[140.538,36.8588],[140.5167,36.8266],[140.4889,36.8187],[140.4892,36.8093],[140.4665,36.7919],[140.4395,36.8205],[140.4309,36.8173],[140.4135,36.8321],[140.3772,36.8379],[140.3652,36.8843],[140.324,36.8933],[140.3219,36.9078],[140.3027,36.927],[140.286,36.9354],[140.273,36.9301],[140.241,36.9455],[140.2531,36.963],[140.2439,36.9732],[140.251,36.9834],[140.2402,37.0003],[140.2513,37.0091],[140.2489,37.0259],[140.2197,37.0185],[140.2033,37.0239],[140.1931,37.0655],[140.1583,37.0806],[140.1562,37.0914],[140.137,37.1065],[140.128,37.1042],[140.1004,37.1234],[140.0575,37.126],[140.0244,37.143],[139.9905,37.1427],[139.9546,37.1549],[139.9111,37.1479],[139.9024,37.1543],[139.8318,37.1336],[139.8152,37.1162],[139.8211,37.1087],[139.8185,37.0852],[139.7749,37.0919],[139.7527,37.0706],[139.6726,37.0572],[139.6678,37.0421],[139.625,37.0327],[139.6116,37.0138],[139.5819,37.0149],[139.5764,37.0021],[139.5353,36.9806],[139.4943,36.9679],[139.4843,36.9754],[139.4612,36.9707],[139.4567,36.9538],[139.4344,36.9418],[139.4304,36.9259],[139.4079,36.9265],[139.3933,36.9108],[139.3731,36.9184],[139.3528,36.9158],[139.3424,36.9275],[139.3051,36.9258],[139.2682,36.9386],[139.2406,36.9295],[139.2319,36.9405],[139.2499,36.9559],[139.2472,36.9802],[139.2557,36.9887],[139.2434,37.0151],[139.2599,37.0482],[139.2387,37.0905],[139.2354,37.1139],[139.253,37.1613],[139.2206,37.2092],[139.1967,37.194],[139.1647,37.2394],[139.1747,37.2564],[139.2123,37.2862],[139.2242,37.3214],[139.2179,37.334],[139.2336,37.3436],[139.238,37.3729],[139.2317,37.3874],[139.2125,37.3919],[139.1973,37.4108],[139.2084,37.4171],[139.213,37.4387],[139.223,37.4486],[139.282,37.4498],[139.3265,37.4624],[139.3351,37.4578],[139.3626,37.47],[139.3975,37.4598],[139.4064,37.4662],[139.4115,37.5056],[139.4284,37.5143],[139.4572,37.5179],[139.4758,37.5026],[139.486,37.5103],[139.5233,37.5145],[139.567,37.5024],[139.5851,37.5129],[139.5906,37.5279],[139.5785,37.5302],[139.5657,37.5461],[139.5704,37.5795],[139.5624,37.6001],[139.5485,37.6099],[139.546,37.6289],[139.555,37.6415],[139.5493,37.6491],[139.5938,37.6651],[139.6094,37.6843],[139.6273,37.6884],[139.6245,37.7083],[139.6496,37.7291],[139.6579,37.755],[139.7216,37.8094],[139.7415,37.8177],[139.7387,37.8229],[139.7764,37.8299]]],[[[139.7379,37.8243],[139.7387,37.8229],[139.7385,37.8231],[139.7379,37.8243]]],[[[139.7351,37.8286],[139.7362,37.8281],[139.7379,37.8243],[139.736,37.8279],[139.7351,37.8286]]],[[[139.7304,37.8305],[139.7325,37.8305],[139.7351,37.8286],[139.7304,37.8305]]],[[[139.7248,37.8366],[139.7275,37.8353],[139.7301,37.831],[139.7289,37.8313],[139.7248,37.8366]]]]}},{"id":7,"type":"Feature","properties":{"N03_001":"茨城県","N03_007":"08000"},"geometry":{"type":"Polygon","coordinates":[[[140.7934,36.8592],[140.7858,36.8564],[140.7772,36.8674],[140.7668,36.8616],[140.7405,36.8756],[140.7141,36.8728],[140.695,36.8888],[140.6545,36.901],[140.6147,36.9045],[140.593,36.9265],[140.5866,36.9451],[140.5674,36.9367],[140.5657,36.9164],[140.5808,36.9044],[140.5922,36.8735],[140.538,36.8588],[140.5167,36.8266],[140.4889,36.8187],[140.4892,36.8093],[140.4665,36.7919],[140.4395,36.8205],[140.4309,36.8173],[140.4135,36.8321],[140.3772,36.8379],[140.3652,36.8843],[140.324,36.8933],[140.3219,36.9078],[140.3027,36.927],[140.286,36.9354],[140.2535,36.9297],[140.2515,36.8525],[140.2672,36.8237],[140.2665,36.7911],[140.2538,36.7837],[140.2611,36.7676],[140.2549,36.7602],[140.2833,36.7341],[140.2901,36.712],[140.2678,36.7023],[140.2334,36.7003],[140.2204,36.6872],[140.2215,36.6745],[140.2409,36.6509],[140.2347,36.6237],[140.2484,36.6109],[140.2438,36.5628],[140.2515,36.5546],[140.2477,36.5345],[140.2602,36.5176],[140.2306,36.503],[140.2296,36.4909],[140.2029,36.4544],[140.2033,36.4207],[140.1852,36.3983],[140.1562,36.3981],[140.1318,36.4149],[140.1096,36.4073],[140.1112,36.3981],[140.0682,36.4033],[140.0691,36.389],[140.0482,36.3756],[140.0004,36.3766],[140.0016,36.3681],[139.9899,36.3672],[139.9746,36.3746],[139.9653,36.3675],[139.9645,36.3509],[139.9143,36.3367],[139.9108,36.3012],[139.8788,36.3107],[139.8814,36.3226],[139.8455,36.3079],[139.8352,36.2918],[139.8413,36.2753],[139.8218,36.2398],[139.729,36.2023],[139.7202,36.2113],[139.7075,36.2108],[139.7065,36.2019],[139.6906,36.2054],[139.6961,36.1564],[139.7264,36.1125],[139.7283,36.0902],[139.7658,36.0804],[139.7868,36.1041],[139.8,36.0937],[139.8137,36.0624],[139.8758,36.0113],[139.8842,35.9888],[139.9368,35.9659],[139.9317,35.9508],[139.9386,35.9406],[139.9931,35.9103],[140.0189,35.9101],[140.0743,35.8766],[140.0928,35.8839],[140.1217,35.8737],[140.1507,35.8434],[140.2054,35.8613],[140.2406,35.8544],[140.2762,35.8736],[140.317,35.8643],[140.3637,35.8994],[140.3965,35.909],[140.4261,35.9077],[140.4584,35.9265],[140.4976,35.9063],[140.4872,35.9286],[140.5112,35.9587],[140.608,35.8958],[140.6307,35.8591],[140.6758,35.8513],[140.7066,35.8363],[140.7417,35.7852],[140.8154,35.7415],[140.8499,35.7414],[140.7952,35.7962],[140.7079,35.9214],[140.7,35.9257],[140.6775,35.9123],[140.6869,35.881],[140.6689,35.9192],[140.6524,35.9266],[140.6769,35.9191],[140.6939,35.9288],[140.701,35.9378],[140.6849,35.9644],[140.6961,35.9664],[140.6783,35.9675],[140.6669,35.9778],[140.6038,36.0971],[140.5694,36.1943],[140.5582,36.2731],[140.5699,36.3078],[140.5869,36.3114],[140.594,36.3381],[140.6211,36.3596],[140.6273,36.3772],[140.6097,36.4052],[140.6126,36.4178],[140.6257,36.4177],[140.626,36.4247],[140.61,36.4313],[140.6272,36.4312],[140.6273,36.4414],[140.6094,36.4404],[140.611,36.475],[140.6234,36.4819],[140.6528,36.5729],[140.6894,36.6209],[140.6967,36.649],[140.7158,36.6624],[140.7166,36.6938],[140.7465,36.7804],[140.7733,36.823],[140.8057,36.8312],[140.7934,36.8592]]]}},{"id":8,"type":"Feature","properties":{"N03_001":"栃木県","N03_007":"09000"},"geometry":{"type":"Polygon","coordinates":[[[140.2642,36.9333],[140.241,36.9455],[140.2531,36.963],[140.2439,36.9732],[140.251,36.9834],[140.2402,37.0003],[140.2513,37.0091],[140.2489,37.0259],[140.2197,37.0185],[140.2033,37.0239],[140.1931,37.0655],[140.1583,37.0806],[140.1562,37.0914],[140.137,37.1065],[140.128,37.1042],[140.1004,37.1234],[140.0575,37.126],[140.0244,37.143],[139.9905,37.1427],[139.9546,37.1549],[139.8663,37.1472],[139.819,37.1218],[139.8185,37.0852],[139.7749,37.0919],[139.7527,37.0706],[139.6726,37.0572],[139.6678,37.0421],[139.625,37.0327],[139.6116,37.0138],[139.5819,37.0149],[139.5764,37.0021],[139.5353,36.9806],[139.4943,36.9679],[139.4843,36.9754],[139.4612,36.9707],[139.4567,36.9538],[139.4344,36.9418],[139.4304,36.9259],[139.4079,36.9265],[139.3939,36.9033],[139.3734,36.8933],[139.3487,36.8526],[139.4067,36.8269],[139.3886,36.8053],[139.3779,36.8044],[139.3765,36.7865],[139.3534,36.7741],[139.3561,36.7504],[139.3703,36.745],[139.3649,36.7197],[139.3369,36.6921],[139.3393,36.6783],[139.3267,36.6571],[139.3296,36.6276],[139.3523,36.6151],[139.3867,36.612],[139.3987,36.6022],[139.4057,36.6088],[139.4269,36.6011],[139.47,36.6042],[139.483,36.5833],[139.4608,36.5532],[139.4393,36.551],[139.4399,36.5254],[139.4217,36.5087],[139.4179,36.4946],[139.4281,36.4904],[139.4365,36.466],[139.4204,36.4571],[139.4147,36.4619],[139.4025,36.4368],[139.3786,36.4146],[139.361,36.3837],[139.3665,36.3705],[139.4228,36.3323],[139.4266,36.3244],[139.4148,36.3243],[139.4157,36.3159],[139.4292,36.3062],[139.4304,36.2957],[139.4609,36.2872],[139.4675,36.2805],[139.4588,36.2771],[139.4639,36.2715],[139.5256,36.2847],[139.544,36.2758],[139.5533,36.2795],[139.5613,36.2671],[139.6339,36.2702],[139.6422,36.2641],[139.6307,36.2548],[139.6649,36.2235],[139.6644,36.2071],[139.688,36.1997],[139.6936,36.2065],[139.7065,36.2019],[139.7075,36.2108],[139.7202,36.2113],[139.729,36.2023],[139.8218,36.2398],[139.8413,36.2753],[139.8352,36.2918],[139.8455,36.3079],[139.8814,36.3226],[139.8788,36.3107],[139.9108,36.3012],[139.9143,36.3367],[139.9645,36.3509],[139.9653,36.3675],[139.9746,36.3746],[139.9899,36.3672],[140.0016,36.3681],[140.0004,36.3766],[140.0482,36.3756],[140.0691,36.389],[140.0682,36.4033],[140.1112,36.3981],[140.1096,36.4073],[140.1318,36.4149],[140.1562,36.3981],[140.1852,36.3983],[140.2033,36.4207],[140.2029,36.4544],[140.2296,36.4909],[140.2306,36.503],[140.2602,36.5176],[140.2477,36.5345],[140.2515,36.5546],[140.2438,36.5628],[140.2484,36.6109],[140.2347,36.6237],[140.2409,36.6509],[140.2215,36.6745],[140.2204,36.6872],[140.2334,36.7003],[140.2678,36.7023],[140.2901,36.712],[140.2833,36.7341],[140.2549,36.7602],[140.2611,36.7676],[140.2538,36.7837],[140.2665,36.7911],[140.2672,36.8237],[140.2515,36.8525],[140.2567,36.8731],[140.2484,36.9213],[140.2642,36.9333]]]}},{"id":9,"type":"Feature","properties":{"N03_001":"群馬県","N03_007":"10000"},"geometry":{"type":"Polygon","coordinates":[[[139.2319,36.9405],[139.2378,36.9463],[139.2287,36.9612],[139.2055,36.9559],[139.1831,36.9615],[139.171,37.002],[139.1319,37.0257],[139.123,37.0472],[139.097,37.0586],[139.0912,37.02],[139.0477,36.9877],[138.9665,36.9788],[138.9668,36.9308],[138.9767,36.9208],[138.9792,36.8912],[138.9404,36.8951],[138.923,36.8834],[138.9161,36.8507],[138.9291,36.8326],[138.8795,36.825],[138.8573,36.8121],[138.8217,36.8176],[138.8269,36.7723],[138.8178,36.7616],[138.7954,36.7581],[138.7894,36.7449],[138.727,36.7642],[138.7053,36.7366],[138.6218,36.7202],[138.6111,36.7066],[138.5977,36.7147],[138.5833,36.7013],[138.5749,36.7071],[138.5436,36.7038],[138.52,36.6923],[138.5179,36.677],[138.5343,36.6663],[138.5249,36.6509],[138.4901,36.6412],[138.4731,36.6441],[138.459,36.6348],[138.455,36.6139],[138.4416,36.6107],[138.4414,36.6],[138.4263,36.5935],[138.4203,36.5737],[138.4284,36.5687],[138.4288,36.5562],[138.4124,36.5415],[138.3971,36.4906],[138.4015,36.434],[138.457,36.4202],[138.4597,36.4048],[138.489,36.4009],[138.4921,36.4132],[138.5406,36.4028],[138.555,36.4178],[138.5902,36.4239],[138.6372,36.4172],[138.6484,36.4075],[138.6496,36.3789],[138.6572,36.3689],[138.6479,36.3145],[138.6535,36.3031],[138.6003,36.2784],[138.6119,36.2294],[138.6222,36.2146],[138.6332,36.2161],[138.6361,36.2067],[138.6228,36.1969],[138.6371,36.1749],[138.6049,36.1642],[138.584,36.1772],[138.5789,36.1675],[138.6007,36.1356],[138.6341,36.134],[138.6454,36.1202],[138.6452,36.0988],[138.6306,36.0913],[138.6442,36.0496],[138.6315,36.0283],[138.6617,36.012],[138.6798,36.0116],[138.6908,35.9908],[138.7126,35.9853],[138.7322,35.9983],[138.7544,36.0345],[138.773,36.0388],[138.791,36.0294],[138.8285,36.0374],[138.846,36.0666],[138.8643,36.0771],[138.8978,36.0907],[138.9315,36.0881],[138.9448,36.0945],[138.9566,36.1057],[138.9584,36.1241],[138.9857,36.1156],[139.0048,36.1334],[139.0424,36.1285],[139.0427,36.148],[139.0638,36.1588],[139.0564,36.1805],[139.0633,36.1957],[139.1294,36.2833],[139.1639,36.2789],[139.2441,36.2444],[139.267,36.2426],[139.2668,36.2504],[139.328,36.2374],[139.3473,36.2537],[139.3582,36.2533],[139.4624,36.1895],[139.5282,36.1915],[139.5878,36.2104],[139.6251,36.187],[139.629,36.1952],[139.6515,36.1984],[139.6494,36.2112],[139.66,36.2149],[139.6644,36.2071],[139.6695,36.2126],[139.6307,36.2548],[139.6417,36.267],[139.6198,36.2744],[139.5613,36.2671],[139.5533,36.2795],[139.544,36.2758],[139.5256,36.2847],[139.4639,36.2715],[139.4588,36.2771],[139.4675,36.2805],[139.4609,36.2872],[139.4304,36.2957],[139.4292,36.3062],[139.4157,36.3159],[139.4148,36.3243],[139.4266,36.3244],[139.4228,36.3323],[139.3665,36.3705],[139.361,36.3837],[139.3786,36.4146],[139.4025,36.4368],[139.4147,36.4619],[139.4204,36.4571],[139.4365,36.466],[139.4281,36.4904],[139.4179,36.4946],[139.4217,36.5087],[139.4399,36.5254],[139.4393,36.551],[139.4608,36.5532],[139.483,36.5833],[139.47,36.6042],[139.4269,36.6011],[139.4057,36.6088],[139.3987,36.6022],[139.3867,36.612],[139.3523,36.6151],[139.3296,36.6276],[139.3267,36.6571],[139.3393,36.6783],[139.3369,36.6921],[139.3649,36.7197],[139.3703,36.745],[139.3561,36.7504],[139.3534,36.7741],[139.3765,36.7865],[139.3779,36.8044],[139.3886,36.8053],[139.4067,36.8269],[139.3487,36.8526],[139.3706,36.8896],[139.3939,36.9033],[139.3933,36.9108],[139.3731,36.9184],[139.3528,36.9158],[139.3424,36.9275],[139.3051,36.9258],[139.2682,36.9386],[139.2406,36.9295],[139.2319,36.9405]]]}},{"id":10,"type":"Feature","properties":{"N03_001":"埼玉県","N03_007":"11000"},"geometry":{"type":"Polygon","coordinates":[[[139.6644,36.2071],[139.66,36.2149],[139.6522,36.2128],[139.6515,36.1984],[139.629,36.1952],[139.6251,36.187],[139.5878,36.2104],[139.5282,36.1915],[139.4624,36.1895],[139.3582,36.2533],[139.3473,36.2537],[139.328,36.2374],[139.2668,36.2504],[139.267,36.2426],[139.2441,36.2444],[139.1639,36.2789],[139.1294,36.2833],[139.0633,36.1957],[139.0564,36.1805],[139.0638,36.1588],[139.0427,36.148],[139.0424,36.1285],[139.0048,36.1334],[138.9857,36.1156],[138.9584,36.1241],[138.9566,36.1057],[138.9448,36.0945],[138.9315,36.0881],[138.8978,36.0907],[138.8643,36.0771],[138.846,36.0666],[138.8285,36.0374],[138.791,36.0294],[138.773,36.0388],[138.7544,36.0345],[138.7438,36.0101],[138.7168,35.9929],[138.7115,35.9713],[138.7393,35.9391],[138.7291,35.9172],[138.7349,35.904],[138.7771,35.9004],[138.7911,35.8908],[138.7918,35.876],[138.8136,35.8624],[138.8566,35.8646],[138.892,35.8398],[138.9109,35.8527],[138.9439,35.8548],[138.9451,35.8679],[138.968,35.8822],[139.0008,35.884],[139.0184,35.8984],[139.0614,35.8737],[139.1475,35.8627],[139.1924,35.8403],[139.2126,35.8466],[139.2325,35.8366],[139.3012,35.8349],[139.3026,35.8241],[139.3162,35.8237],[139.3257,35.7952],[139.3687,35.7903],[139.3699,35.7816],[139.3801,35.7787],[139.3802,35.7664],[139.3922,35.7633],[139.4049,35.7692],[139.445,35.7667],[139.5067,35.7828],[139.5417,35.8073],[139.5472,35.8027],[139.5376,35.7908],[139.543,35.7798],[139.5174,35.7668],[139.5478,35.774],[139.5472,35.7534],[139.5888,35.7785],[139.623,35.7669],[139.6279,35.7847],[139.6534,35.8002],[139.6962,35.7993],[139.7339,35.79],[139.7378,35.7805],[139.755,35.7869],[139.7608,35.7974],[139.7508,35.8102],[139.7662,35.8175],[139.7924,35.8053],[139.8211,35.8151],[139.8261,35.7934],[139.838,35.8008],[139.8565,35.791],[139.8708,35.7973],[139.8746,35.7818],[139.8938,35.7828],[139.8885,35.8312],[139.9003,35.8642],[139.8899,35.8926],[139.8674,35.9256],[139.8465,35.941],[139.8143,35.9971],[139.8173,36.0325],[139.7833,36.0695],[139.7762,36.0908],[139.7658,36.0804],[139.7283,36.0902],[139.7264,36.1125],[139.6961,36.1564],[139.6936,36.1917],[139.6866,36.2033],[139.6644,36.2071]]]}},{"id":11,"type":"Feature","properties":{"N03_001":"千葉県","N03_007":"12000"},"geometry":{"type":"MultiPolygon","coordinates":[[[[140.852,35.7447],[140.8154,35.7415],[140.7417,35.7852],[140.7066,35.8363],[140.6758,35.8513],[140.6307,35.8591],[140.608,35.8958],[140.5112,35.9587],[140.4872,35.9286],[140.4976,35.9063],[140.4584,35.9265],[140.4261,35.9077],[140.3965,35.909],[140.3637,35.8994],[140.317,35.8643],[140.2762,35.8736],[140.2406,35.8544],[140.2054,35.8613],[140.1507,35.8434],[140.1217,35.8737],[140.0928,35.8839],[140.0743,35.8766],[140.0189,35.9101],[139.9931,35.9103],[139.9386,35.9406],[139.9317,35.9508],[139.9368,35.9659],[139.8842,35.9888],[139.8758,36.0113],[139.8137,36.0624],[139.7974,36.0964],[139.7868,36.1041],[139.778,36.0986],[139.7833,36.0695],[139.8173,36.0325],[139.8143,35.9971],[139.8272,35.9714],[139.8899,35.8926],[139.9003,35.8642],[139.8885,35.8312],[139.8934,35.7783],[139.8795,35.7675],[139.8994,35.7444],[139.8972,35.7268],[139.9187,35.6977],[139.9086,35.6855],[139.8864,35.6786],[139.8874,35.6562],[139.8715,35.6386],[139.8726,35.6255],[139.8935,35.6249],[139.8976,35.6167],[139.9069,35.6231],[139.8994,35.6291],[139.9053,35.6328],[139.91,35.6245],[139.9394,35.6405],[139.9182,35.6554],[139.9476,35.6696],[139.9298,35.6695],[139.9467,35.6809],[139.9531,35.6718],[139.9548,35.6891],[139.9593,35.6794],[139.9748,35.6834],[139.9828,35.6816],[139.992,35.6723],[139.9846,35.6714],[139.9859,35.6638],[140.0019,35.6656],[140.003,35.6598],[139.9865,35.6601],[139.9875,35.6545],[140.0137,35.6575],[140.0839,35.5968],[140.0779,35.6104],[140.0832,35.6133],[140.0998,35.6047],[140.089,35.5945],[140.117,35.5933],[140.1106,35.5895],[140.1142,35.5725],[140.1269,35.5694],[140.091,35.5645],[140.1151,35.5528],[140.0883,35.552],[140.1011,35.5385],[140.0961,35.5354],[140.0739,35.55],[140.0613,35.5437],[140.0539,35.5351],[140.0577,35.5266],[140.0501,35.5309],[140.0378,35.5163],[140.0458,35.5117],[140.0422,35.5073],[140.0338,35.5118],[140.0252,35.5016],[140.0362,35.4953],[140.0219,35.4968],[140.0121,35.4852],[140.0198,35.4743],[140.0065,35.4793],[139.998,35.4747],[139.9993,35.4659],[139.9891,35.4699],[139.9934,35.4532],[139.9821,35.4748],[139.9658,35.4685],[139.9745,35.4485],[139.9556,35.4438],[139.9521,35.453],[139.965,35.4507],[139.9622,35.4587],[139.9511,35.4561],[139.9487,35.4422],[139.9033,35.4315],[139.8974,35.4123],[139.9066,35.3893],[139.9133,35.3914],[139.9177,35.3824],[139.8976,35.375],[139.9045,35.375],[139.9024,35.3682],[139.8878,35.3709],[139.8967,35.3583],[139.8459,35.3753],[139.8391,35.3673],[139.8547,35.3506],[139.8471,35.3468],[139.8378,35.3589],[139.823,35.3445],[139.8394,35.3337],[139.8165,35.324],[139.8197,35.3165],[139.7859,35.3134],[139.8486,35.2894],[139.847,35.2717],[139.8688,35.2425],[139.8667,35.2194],[139.8312,35.2036],[139.8171,35.1857],[139.8178,35.1545],[139.8302,35.1488],[139.8389,35.1294],[139.8247,35.1134],[139.8263,35.1024],[139.8423,35.0882],[139.8196,35.0653],[139.831,35.0525],[139.83,35.0411],[139.8107,35.0375],[139.8491,35.0254],[139.8584,35.0018],[139.8497,34.9854],[139.829,34.9909],[139.8214,34.9792],[139.7969,34.9738],[139.7553,34.9766],[139.7535,34.9654],[139.8159,34.941],[139.8274,34.9273],[139.8242,34.9112],[139.8393,34.9046],[139.9165,34.9064],[139.9416,34.9177],[139.9637,34.9423],[139.9607,34.9677],[139.9907,35.0212],[140.0391,35.0526],[140.073,35.0558],[140.0856,35.074],[140.1027,35.0784],[140.0982,35.0841],[140.1052,35.1019],[140.1219,35.116],[140.1681,35.1237],[140.1831,35.1182],[140.1902,35.1271],[140.2027,35.1097],[140.2325,35.1151],[140.2579,35.138],[140.2859,35.1342],[140.2972,35.1505],[140.3125,35.1472],[140.3125,35.1386],[140.3252,35.1397],[140.332,35.1617],[140.3493,35.1801],[140.3745,35.1797],[140.3937,35.2027],[140.4053,35.2405],[140.4001,35.2694],[140.4148,35.3088],[140.3927,35.3453],[140.3942,35.4087],[140.4235,35.4863],[140.4785,35.5581],[140.5555,35.6253],[140.6646,35.6917],[140.7056,35.7006],[140.7501,35.6932],[140.8311,35.7136],[140.8468,35.6973],[140.8616,35.695],[140.8707,35.7333],[140.852,35.7447]]],[[[140.0832,35.5882],[140.0861,35.5695],[140.1117,35.5704],[140.103,35.5874],[140.0832,35.5882]]],[[[139.9667,35.6791],[139.9585,35.6718],[139.9795,35.6698],[139.9717,35.6744],[139.9777,35.6795],[139.9667,35.6791]]]]}},{"id":12,"type":"Feature","properties":{"N03_001":"東京都","N03_007":"13000"},"geometry":{"type":"MultiPolygon","coordinates":[[[[139.8938,35.7828],[139.8746,35.7818],[139.8708,35.7973],[139.8565,35.791],[139.838,35.8008],[139.8261,35.7934],[139.8211,35.8151],[139.7924,35.8053],[139.7662,35.8175],[139.7508,35.8102],[139.7608,35.7974],[139.755,35.7869],[139.7378,35.7805],[139.7339,35.79],[139.6962,35.7993],[139.6534,35.8002],[139.6279,35.7847],[139.623,35.7669],[139.5888,35.7785],[139.5472,35.7534],[139.5478,35.774],[139.5174,35.7668],[139.543,35.7798],[139.5376,35.7908],[139.5472,35.8027],[139.5417,35.8073],[139.5067,35.7828],[139.445,35.7667],[139.4049,35.7692],[139.3922,35.7633],[139.3802,35.7664],[139.3801,35.7787],[139.3699,35.7816],[139.3687,35.7903],[139.3257,35.7952],[139.3162,35.8237],[139.3026,35.8241],[139.3012,35.8349],[139.2325,35.8366],[139.2126,35.8466],[139.1924,35.8403],[139.1475,35.8627],[139.0614,35.8737],[139.0236,35.8974],[139.0106,35.8971],[139.0008,35.884],[138.968,35.8822],[138.9429,35.8602],[138.9533,35.8365],[138.9693,35.8314],[138.9718,35.799],[138.9864,35.7823],[138.9844,35.7678],[139.029,35.7168],[139.0721,35.6954],[139.1056,35.691],[139.1313,35.672],[139.1616,35.6679],[139.1792,35.6456],[139.198,35.6529],[139.2115,35.6491],[139.2202,35.6256],[139.2522,35.6017],[139.2829,35.6133],[139.3631,35.599],[139.3992,35.5846],[139.4583,35.528],[139.4548,35.5227],[139.4678,35.5023],[139.4764,35.5014],[139.4878,35.5279],[139.482,35.5556],[139.4704,35.5604],[139.4697,35.5695],[139.485,35.5846],[139.491,35.5614],[139.5066,35.5717],[139.4638,35.6092],[139.4493,35.6118],[139.4622,35.6249],[139.4976,35.6049],[139.4949,35.6174],[139.5162,35.6257],[139.5254,35.6426],[139.618,35.6139],[139.6633,35.5899],[139.6788,35.563],[139.7031,35.5533],[139.6999,35.5384],[139.7565,35.5445],[139.7949,35.5321],[139.8092,35.5391],[139.7854,35.5706],[139.7637,35.5605],[139.7502,35.5674],[139.7564,35.5691],[139.747,35.5922],[139.7526,35.6344],[139.7604,35.6368],[139.7672,35.6581],[139.7728,35.646],[139.7924,35.6529],[139.7761,35.6424],[139.7947,35.6472],[139.7787,35.6371],[139.7986,35.6218],[139.8081,35.6405],[139.8345,35.6441],[139.8337,35.6346],[139.8217,35.632],[139.8403,35.6339],[139.841,35.643],[139.8715,35.6386],[139.8835,35.6451],[139.8864,35.6786],[139.9086,35.6855],[139.9187,35.6977],[139.8972,35.7268],[139.8994,35.7444],[139.8795,35.7675],[139.8938,35.7828]]],[[[139.3611,34.7991],[139.3489,34.766],[139.3592,34.702],[139.402,34.682],[139.4387,34.6787],[139.45,34.6965],[139.4437,34.703],[139.4481,34.7444],[139.4368,34.7676],[139.412,34.7868],[139.3611,34.7991]]],[[[139.76,33.159],[139.7438,33.1533],[139.7383,33.1385],[139.7551,33.104],[139.7788,33.0959],[139.7843,33.0697],[139.8342,33.0469],[139.84,33.076],[139.8593,33.0838],[139.849,33.1116],[139.8179,33.1198],[139.776,33.1563],[139.76,33.159]]],[[[139.5324,34.1246],[139.4928,34.1196],[139.493,34.1025],[139.474,34.0783],[139.4824,34.0515],[139.5286,34.0468],[139.5627,34.0687],[139.5633,34.1055],[139.5324,34.1246]]],[[[141.3263,24.8141],[141.2863,24.7905],[141.292,24.773],[141.2856,24.7459],[141.3493,24.7785],[141.347,24.7961],[141.3263,24.8141]]],[[[142.1933,27.1058],[142.183,27.1031],[142.1826,27.0931],[142.1862,27.0886],[142.2013,27.0958],[142.2072,27.0825],[142.202,27.0729],[142.1817,27.0728],[142.1948,27.0629],[142.1882,27.0615],[142.1851,27.0457],[142.2294,27.0359],[142.2227,27.0442],[142.2251,27.0536],[142.2372,27.0539],[142.2301,27.0595],[142.2329,27.0775],[142.2177,27.1001],[142.1933,27.1058]]],[[[139.2793,34.4314],[139.2796,34.418],[139.2557,34.4003],[139.2556,34.3838],[139.242,34.3639],[139.2526,34.3393],[139.2718,34.3309],[139.2779,34.3904],[139.2914,34.4082],[139.2906,34.4241],[139.2793,34.4314]]],[[[139.6031,33.9011],[139.5823,33.8885],[139.5767,33.8665],[139.591,33.8549],[139.62,33.8519],[139.6317,33.8719],[139.6031,33.9011]]],[[[142.126,26.7143],[142.1233,26.7057],[142.1451,26.6749],[142.154,26.6373],[142.1712,26.631],[142.1788,26.608],[142.1805,26.6311],[142.1712,26.6434],[142.1743,26.6544],[142.1884,26.6554],[142.1883,26.6587],[142.1676,26.6579],[142.1649,26.6868],[142.1472,26.6874],[142.1458,26.6934],[142.165,26.7026],[142.1424,26.7084],[142.1363,26.7004],[142.126,26.7143]]],[[[139.1433,34.2437],[139.1342,34.235],[139.1369,34.226],[139.1284,34.2228],[139.1317,34.2012],[139.1202,34.193],[139.1304,34.1847],[139.1553,34.1952],[139.1573,34.2051],[139.1746,34.2066],[139.1704,34.2311],[139.1433,34.2437]]],[[[139.755,35.6177],[139.7486,35.5943],[139.7541,35.5783],[139.7874,35.5801],[139.7732,35.5869],[139.755,35.6177]]],[[[142.1917,27.1442],[142.188,27.1298],[142.2063,27.118],[142.2006,27.1113],[142.2361,27.1116],[142.2165,27.1325],[142.205,27.1289],[142.1917,27.1442]]],[[[139.759,32.4736],[139.7547,32.4515],[139.7763,32.4457],[139.7808,32.4571],[139.759,32.4736]]],[[[141.2841,25.4488],[141.2728,25.4394],[141.2761,25.4194],[141.2933,25.4257],[141.2841,25.4488]]],[[[139.8271,35.5969],[139.8203,35.6074],[139.7934,35.5928],[139.8134,35.5787],[139.8322,35.5889],[139.8271,35.5969]]],[[[142.1892,27.19],[142.1806,27.1464],[142.1873,27.1447],[142.2022,27.1691],[142.1892,27.19]]],[[[140.304,30.4958],[140.2865,30.4833],[140.2982,30.4729],[140.3138,30.4819],[140.304,30.4958]]],[[[139.2756,34.5319],[139.2674,34.5212],[139.2767,34.5109],[139.2928,34.5238],[139.2756,34.5319]]],[[[139.2129,34.3369],[139.1939,34.3203],[139.1978,34.3161],[139.2245,34.3234],[139.2255,34.3309],[139.2129,34.3369]]],[[[141.4621,24.2451],[141.455,24.2419],[141.4557,24.2253],[141.472,24.2331],[141.4621,24.2451]]],[[[139.7766,35.6361],[139.7677,35.6221],[139.7867,35.6018],[139.7926,35.6096],[139.7766,35.6361]]],[[[139.6859,33.1366],[139.6754,33.1307],[139.6838,33.1186],[139.6982,33.1168],[139.6859,33.1366]]],[[[140.875,27.254],[140.8693,27.244],[140.8841,27.2372],[140.89,27.2457],[140.875,27.254]]],[[[142.1313,27.6887],[142.1272,27.6817],[142.1488,27.6736],[142.1481,27.6836],[142.1313,27.6887]]],[[[139.8173,35.6097],[139.7989,35.6069],[139.7922,35.5942],[139.8187,35.6087],[139.8173,35.6097]]],[[[139.8401,35.6321],[139.8258,35.6307],[139.8355,35.6125],[139.8386,35.6142],[139.8401,35.6321]]],[[[153.9839,24.2976],[153.9724,24.2866],[153.9715,24.2843],[153.9844,24.2809],[153.9839,24.2976]]],[[[142.155,26.5645],[142.1513,26.5466],[142.156,26.5434],[142.1613,26.5594],[142.155,26.5645]]],[[[142.131,26.6106],[142.1227,26.6043],[142.1253,26.5956],[142.1359,26.6014],[142.131,26.6106]]],[[[142.1751,27.6359],[142.1734,27.6244],[142.1854,27.6195],[142.1831,27.6304],[142.1751,27.6359]]],[[[142.2126,26.5645],[142.2059,26.5617],[142.2016,26.5535],[142.2153,26.5568],[142.2126,26.5645]]],[[[139.7642,35.575],[139.7576,35.5745],[139.7656,35.5649],[139.7735,35.5749],[139.7642,35.575]]],[[[139.8167,35.5333],[139.826,35.5416],[139.8071,35.5311],[139.8167,35.5333]]],[[[142.2307,26.5756],[142.2265,26.571],[142.2286,26.5638],[142.2402,26.569],[142.2307,26.5756]]],[[[139.758,35.6338],[139.754,35.6309],[139.7532,35.619],[139.7597,35.6194],[139.758,35.6338]]],[[[139.7977,35.6174],[139.7899,35.6276],[139.7853,35.6251],[139.7944,35.614],[139.7977,35.6174]]],[[[142.2114,27.5022],[142.2054,27.4964],[142.2151,27.4896],[142.2114,27.5022]]],[[[139.8248,35.6397],[139.8212,35.6341],[139.8329,35.6404],[139.8248,35.6397]]],[[[142.1684,27.1216],[142.1652,27.1214],[142.1638,27.1152],[142.1718,27.1164],[142.1684,27.1216]]],[[[142.1614,26.5885],[142.1495,26.586],[142.1479,26.583],[142.1582,26.5834],[142.1614,26.5885]]],[[[139.2865,34.4783],[139.2918,34.4711],[139.2974,34.473],[139.2865,34.4783]]],[[[142.174,27.0441],[142.174,27.0366],[142.1777,27.0368],[142.174,27.0441]]],[[[142.2413,27.0958],[142.2457,27.0903],[142.2486,27.093],[142.2463,27.0949],[142.2413,27.0958]]]]}},{"id":13,"type":"Feature","properties":{"N03_001":"神奈川県","N03_007":"14000"},"geometry":{"type":"MultiPolygon","coordinates":[[[[139.7765,35.5345],[139.7565,35.5445],[139.6999,35.5384],[139.7031,35.5533],[139.6788,35.563],[139.6633,35.5899],[139.618,35.6139],[139.5254,35.6426],[139.5162,35.6257],[139.4949,35.6174],[139.4976,35.6049],[139.4622,35.6249],[139.4493,35.6118],[139.4638,35.6092],[139.5066,35.5717],[139.491,35.5614],[139.4838,35.572],[139.4899,35.5836],[139.4732,35.5767],[139.4683,35.5633],[139.482,35.5556],[139.4878,35.5279],[139.477,35.5112],[139.4803,35.503],[139.4678,35.5023],[139.4548,35.5227],[139.4583,35.528],[139.3992,35.5846],[139.3631,35.599],[139.2829,35.6133],[139.2522,35.6017],[139.2202,35.6256],[139.2115,35.6491],[139.198,35.6529],[139.1792,35.6456],[139.1616,35.6679],[139.1313,35.672],[139.1173,35.6549],[139.127,35.6419],[139.1235,35.624],[139.1337,35.6158],[139.1214,35.5869],[139.1296,35.567],[139.112,35.5498],[139.1139,35.5385],[139.0858,35.5121],[139.046,35.5097],[139.0276,35.481],[138.9545,35.4598],[138.9274,35.4376],[138.9302,35.4209],[138.9158,35.4043],[139.0018,35.3989],[138.9986,35.384],[139.019,35.3293],[139.003,35.2894],[138.9755,35.2637],[138.9745,35.2478],[138.9877,35.2008],[139.0216,35.1819],[139.0304,35.1498],[139.0901,35.1402],[139.1318,35.1508],[139.1618,35.1416],[139.1436,35.1519],[139.1452,35.1673],[139.1362,35.1806],[139.1442,35.2339],[139.1711,35.254],[139.2079,35.2773],[139.2598,35.2955],[139.3383,35.3136],[139.4327,35.3193],[139.4687,35.315],[139.4829,35.3048],[139.5258,35.3018],[139.5395,35.3094],[139.5521,35.3029],[139.5522,35.2945],[139.5711,35.2932],[139.5674,35.2673],[139.5998,35.2389],[139.6026,35.2254],[139.6274,35.2157],[139.6231,35.2076],[139.609,35.2089],[139.5991,35.1949],[139.6162,35.1897],[139.6168,35.1669],[139.6226,35.1656],[139.6107,35.1635],[139.616,35.1602],[139.6085,35.1529],[139.6164,35.1481],[139.6076,35.1427],[139.6461,35.1377],[139.6643,35.1402],[139.6654,35.1465],[139.677,35.1394],[139.6794,35.1567],[139.6634,35.1594],[139.656,35.1841],[139.6855,35.2071],[139.725,35.2119],[139.7134,35.2239],[139.7293,35.2291],[139.7202,35.2403],[139.7332,35.2408],[139.7462,35.2563],[139.691,35.2666],[139.6773,35.28],[139.6742,35.3005],[139.6618,35.3007],[139.6608,35.2829],[139.6324,35.3014],[139.6612,35.3223],[139.6607,35.3282],[139.6407,35.3304],[139.6344,35.3219],[139.6235,35.3301],[139.6389,35.3407],[139.657,35.3419],[139.651,35.3598],[139.6565,35.3727],[139.6459,35.3781],[139.6532,35.3874],[139.6286,35.3842],[139.6365,35.3903],[139.6222,35.3961],[139.6454,35.4028],[139.6313,35.4048],[139.6311,35.411],[139.6526,35.413],[139.6696,35.4029],[139.6906,35.4392],[139.6754,35.4316],[139.6815,35.4416],[139.6685,35.4402],[139.6743,35.4497],[139.6603,35.4413],[139.6616,35.4493],[139.6519,35.4451],[139.6385,35.4568],[139.6379,35.4674],[139.6515,35.4815],[139.6731,35.4751],[139.6683,35.4679],[139.6818,35.4729],[139.6928,35.4814],[139.6932,35.4924],[139.6963,35.484],[139.7314,35.4991],[139.7301,35.5112],[139.7338,35.5006],[139.7488,35.5068],[139.746,35.519],[139.7564,35.5304],[139.7763,35.5096],[139.7907,35.5079],[139.7961,35.5186],[139.7765,35.5345]]],[[[139.7356,35.4941],[139.7345,35.4948],[139.7003,35.4787],[139.7127,35.4643],[139.7418,35.477],[139.7356,35.4941]]],[[[139.7712,35.5062],[139.7612,35.5057],[139.7363,35.4945],[139.7456,35.485],[139.7787,35.4996],[139.7712,35.5062]]],[[[139.6947,35.4653],[139.6924,35.472],[139.6726,35.4652],[139.6955,35.4498],[139.7022,35.4551],[139.6981,35.4609],[139.6847,35.4589],[139.6947,35.4653]]],[[[139.6917,35.4105],[139.6802,35.4102],[139.6712,35.4029],[139.6853,35.4019],[139.6779,35.396],[139.6824,35.3932],[139.6917,35.4105]]],[[[139.7597,35.525],[139.749,35.5199],[139.7538,35.5086],[139.766,35.5136],[139.7597,35.525]]],[[[139.6519,35.3074],[139.6437,35.3003],[139.6484,35.2948],[139.6564,35.3019],[139.6519,35.3074]]],[[[139.6098,35.1379],[139.6102,35.1328],[139.6272,35.1338],[139.6211,35.1364],[139.6098,35.1379]]],[[[139.6457,35.4747],[139.6421,35.4717],[139.6529,35.4636],[139.656,35.4702],[139.6457,35.4747]]],[[[139.4827,35.3028],[139.4742,35.2986],[139.4872,35.2986],[139.4827,35.3028]]],[[[139.6343,35.3304],[139.6295,35.3288],[139.6336,35.3231],[139.6381,35.327],[139.6343,35.3304]]],[[[139.6458,35.3387],[139.6422,35.3381],[139.6417,35.3357],[139.6458,35.3343],[139.6458,35.3387]]]]}},{"id":14,"type":"Feature","properties":{"N03_001":"新潟県","N03_007":"15000"},"geometry":{"type":"MultiPolygon","coordinates":[[[[139.6808,37.847],[139.6385,37.88],[139.6251,37.9175],[139.643,37.9468],[139.6393,37.9844],[139.6435,37.9945],[139.6543,37.9965],[139.6576,38.0374],[139.6801,38.0433],[139.6927,38.057],[139.6865,38.066],[139.691,38.0737],[139.6723,38.0769],[139.6827,38.1081],[139.6939,38.1159],[139.6825,38.1696],[139.6879,38.1824],[139.6964,38.1866],[139.6986,38.203],[139.7132,38.2066],[139.7535,38.1935],[139.7638,38.1989],[139.7865,38.1942],[139.8602,38.2311],[139.8766,38.2618],[139.8999,38.2758],[139.8989,38.2932],[139.8793,38.3034],[139.8484,38.3428],[139.8272,38.345],[139.8165,38.356],[139.7896,38.3487],[139.7707,38.3529],[139.7329,38.3714],[139.7221,38.394],[139.7095,38.3875],[139.7034,38.4002],[139.7186,38.4292],[139.7123,38.4792],[139.7258,38.4866],[139.7207,38.4963],[139.6929,38.5068],[139.6531,38.507],[139.6217,38.5254],[139.5995,38.5222],[139.5478,38.5529],[139.5461,38.5367],[139.5178,38.5047],[139.4573,38.3975],[139.4413,38.247],[139.4493,38.2341],[139.4281,38.1974],[139.43,38.1813],[139.3866,38.1226],[139.3032,38.0409],[139.2274,37.999],[139.2306,37.9807],[139.2455,37.9721],[139.2217,37.9677],[139.2284,37.9755],[139.2151,37.993],[139.1319,37.9608],[139.058,37.9465],[138.8826,37.847],[138.8418,37.8166],[138.8162,37.7881],[138.8012,37.7554],[138.7484,37.606],[138.7131,37.5586],[138.6707,37.5343],[138.6301,37.487],[138.6173,37.4841],[138.5878,37.4208],[138.5439,37.3687],[138.4887,37.3515],[138.4367,37.3246],[138.3156,37.2247],[138.2854,37.2041],[138.2776,37.2118],[138.2701,37.2042],[138.2758,37.1983],[138.2317,37.1742],[138.1516,37.1611],[138.0956,37.1726],[138.0487,37.1279],[138.0051,37.1152],[137.9125,37.0609],[137.635,36.9798],[137.6666,36.9502],[137.7111,36.9442],[137.7204,36.9267],[137.713,36.8938],[137.7341,36.869],[137.7301,36.8268],[137.7492,36.8097],[137.7497,36.7797],[137.7624,36.7662],[137.82,36.7982],[137.8559,36.8495],[137.8763,36.8661],[137.8617,36.8908],[137.8714,36.9027],[137.8626,36.907],[137.8681,36.9159],[137.8933,36.91],[137.9198,36.9199],[137.9474,36.913],[137.9577,36.9029],[137.9696,36.9108],[138.0136,36.9041],[138.0156,36.8932],[138.0329,36.8862],[138.0166,36.8604],[138.0201,36.8422],[138.0035,36.8264],[138.0338,36.8088],[138.0519,36.8074],[138.0522,36.8],[138.0713,36.8058],[138.0815,36.8299],[138.115,36.8504],[138.169,36.8451],[138.2034,36.8571],[138.213,36.8683],[138.2424,36.864],[138.2549,36.8699],[138.2684,36.8604],[138.2749,36.8409],[138.2876,36.8457],[138.2962,36.8582],[138.2886,36.8684],[138.2994,36.8867],[138.2903,36.8968],[138.2963,36.9108],[138.3176,36.9252],[138.3432,36.9208],[138.3938,36.9951],[138.4551,37.0196],[138.5234,37.0304],[138.5365,37.0209],[138.5585,37.0232],[138.5698,37.0155],[138.5863,36.9869],[138.5831,36.9295],[138.592,36.9254],[138.5962,36.9071],[138.6129,36.9086],[138.621,36.9041],[138.6234,36.8847],[138.6574,36.8681],[138.6817,36.8653],[138.6932,36.8548],[138.6803,36.8201],[138.6955,36.807],[138.669,36.7791],[138.688,36.7658],[138.6959,36.7385],[138.7131,36.7392],[138.727,36.7642],[138.7894,36.7449],[138.7954,36.7581],[138.8178,36.7616],[138.8269,36.7723],[138.8217,36.8176],[138.8573,36.8121],[138.8795,36.825],[138.9291,36.8326],[138.9161,36.8507],[138.923,36.8834],[138.9404,36.8951],[138.9792,36.8912],[138.9767,36.9208],[138.9668,36.9308],[138.9665,36.9788],[139.0477,36.9877],[139.0912,37.02],[139.097,37.0586],[139.123,37.0472],[139.1319,37.0257],[139.171,37.002],[139.1831,36.9615],[139.2055,36.9559],[139.2287,36.9612],[139.2378,36.9463],[139.2319,36.9405],[139.2434,36.9446],[139.2527,36.9735],[139.2472,36.9802],[139.2557,36.9887],[139.2434,37.0151],[139.2599,37.0482],[139.2387,37.0905],[139.2354,37.1139],[139.253,37.1613],[139.2206,37.2092],[139.1967,37.194],[139.1647,37.2394],[139.1747,37.2564],[139.2123,37.2862],[139.2242,37.3214],[139.2179,37.334],[139.2336,37.3436],[139.238,37.3729],[139.2317,37.3874],[139.2125,37.3919],[139.1973,37.4108],[139.2084,37.4171],[139.2075,37.4289],[139.223,37.4486],[139.282,37.4498],[139.3265,37.4624],[139.3351,37.4578],[139.3626,37.47],[139.3975,37.4598],[139.4064,37.4662],[139.4115,37.5056],[139.4284,37.5143],[139.4572,37.5179],[139.4758,37.5026],[139.486,37.5103],[139.5233,37.5145],[139.567,37.5024],[139.5851,37.5129],[139.5906,37.5279],[139.5785,37.5302],[139.5657,37.5461],[139.5704,37.5795],[139.5624,37.6001],[139.5485,37.6099],[139.546,37.6289],[139.555,37.6415],[139.5493,37.6491],[139.5938,37.6651],[139.6094,37.6843],[139.6273,37.6884],[139.6245,37.7083],[139.6496,37.7291],[139.6579,37.755],[139.7216,37.8094],[139.7415,37.8177],[139.715,37.8526],[139.6808,37.847]]],[[[138.503,38.3322],[138.4588,38.3218],[138.4638,38.3149],[138.442,38.2914],[138.4373,38.262],[138.4087,38.2485],[138.4024,38.2543],[138.3639,38.2129],[138.3261,38.1973],[138.29,38.1339],[138.2408,38.0845],[138.2479,38.076],[138.2332,38.0622],[138.2389,38.0315],[138.2213,38.0222],[138.2344,38.0041],[138.2346,37.9839],[138.2272,37.9797],[138.2531,37.9643],[138.2742,38.0022],[138.2987,38.007],[138.3282,37.9914],[138.3437,37.9655],[138.2852,37.9202],[138.2785,37.9075],[138.2899,37.8855],[138.2692,37.8478],[138.2167,37.8372],[138.2045,37.8202],[138.2151,37.8105],[138.2497,37.8031],[138.3044,37.8266],[138.3596,37.8305],[138.5001,37.9209],[138.5029,37.9439],[138.5464,38.008],[138.5727,38.0675],[138.5726,38.0787],[138.5609,38.0863],[138.4802,38.0623],[138.4443,38.0757],[138.4343,38.0881],[138.4361,38.118],[138.4911,38.2022],[138.5065,38.2499],[138.5079,38.2955],[138.521,38.3223],[138.515,38.3321],[138.503,38.3322]]],[[[139.2561,38.491],[139.2233,38.4586],[139.2149,38.4375],[139.2265,38.4373],[139.248,38.4533],[139.264,38.4865],[139.2561,38.491]]]]}},{"id":15,"type":"Feature","properties":{"N03_001":"富山県","N03_007":"16000"},"geometry":{"type":"Polygon","coordinates":[[[137.635,36.9798],[137.4906,36.9542],[137.4284,36.9265],[137.4098,36.8988],[137.4187,36.8741],[137.3928,36.8071],[137.319,36.7582],[137.2429,36.7656],[137.1809,36.7577],[137.1219,36.7795],[137.1183,36.7665],[137.1332,36.7569],[137.0922,36.7704],[137.1094,36.7729],[137.1134,36.7814],[137.0707,36.7918],[137.063,36.805],[137.0568,36.8016],[137.0066,36.8369],[136.9852,36.8692],[136.9851,36.8773],[137.0326,36.9239],[137.027,36.9391],[137.0517,36.9592],[137.0377,36.9671],[137.0043,36.9614],[136.9866,36.9672],[136.9738,36.9443],[136.9488,36.9555],[136.8956,36.9247],[136.879,36.9063],[136.883,36.8768],[136.8624,36.8603],[136.867,36.8506],[136.8488,36.8129],[136.854,36.7952],[136.8432,36.7813],[136.8527,36.7702],[136.849,36.759],[136.8391,36.7451],[136.8217,36.74],[136.8199,36.7307],[136.7966,36.7297],[136.7902,36.7199],[136.8132,36.703],[136.8111,36.685],[136.8206,36.6839],[136.8238,36.6697],[136.8013,36.6471],[136.7999,36.6364],[136.7842,36.6271],[136.7953,36.5834],[136.7909,36.5698],[136.8025,36.5688],[136.8171,36.5528],[136.7951,36.5108],[136.8026,36.4847],[136.789,36.4494],[136.7965,36.4454],[136.7695,36.4307],[136.7685,36.4233],[136.7713,36.414],[136.7951,36.4013],[136.8082,36.3587],[136.7847,36.3438],[136.7923,36.2992],[136.8042,36.3062],[136.8266,36.3026],[136.8425,36.3333],[136.8374,36.3473],[136.8651,36.3497],[136.873,36.3669],[136.8699,36.3493],[136.8828,36.342],[136.9075,36.3608],[136.9549,36.3393],[136.9722,36.3107],[136.9582,36.2777],[136.9762,36.2759],[137.0025,36.2869],[137.0215,36.3185],[137.0376,36.3174],[137.0523,36.3295],[137.0587,36.3425],[137.049,36.3457],[137.0608,36.3743],[137.0949,36.384],[137.0919,36.3964],[137.1597,36.4564],[137.1939,36.4536],[137.2126,36.4302],[137.2132,36.438],[137.2313,36.4443],[137.2476,36.462],[137.2564,36.4511],[137.2778,36.4648],[137.2983,36.4583],[137.3066,36.4639],[137.3168,36.461],[137.3178,36.4512],[137.3052,36.4362],[137.3195,36.4245],[137.358,36.4363],[137.3615,36.4501],[137.3901,36.4599],[137.3952,36.4364],[137.4102,36.4246],[137.4608,36.4122],[137.474,36.4253],[137.5042,36.4257],[137.5409,36.3914],[137.5924,36.3897],[137.6092,36.4179],[137.6378,36.4314],[137.6453,36.4545],[137.6551,36.4587],[137.652,36.4882],[137.6662,36.4932],[137.6688,36.5095],[137.7055,36.5179],[137.7075,36.536],[137.6846,36.5378],[137.6877,36.5621],[137.7251,36.5867],[137.7509,36.5883],[137.7442,36.6175],[137.7617,36.667],[137.7501,36.705],[137.7593,36.7406],[137.7518,36.7511],[137.7634,36.7682],[137.7497,36.7797],[137.7492,36.8097],[137.7301,36.8268],[137.7341,36.869],[137.713,36.8938],[137.7204,36.9267],[137.7111,36.9442],[137.6666,36.9502],[137.635,36.9798]]]}},{"id":16,"type":"Feature","properties":{"N03_001":"石川県","N03_007":"17000"},"geometry":{"type":"MultiPolygon","coordinates":[[[[137.0517,36.9592],[137.0566,36.9676],[137.0456,37.0377],[137.0541,37.1065],[137.0214,37.1008],[137.0024,37.0662],[137.0052,37.0571],[136.9964,37.0598],[136.9842,37.0482],[136.9557,37.0572],[136.9625,37.0673],[136.9405,37.0679],[136.9353,37.0789],[136.9414,37.0822],[136.9315,37.0874],[136.9065,37.0889],[136.9017,37.0737],[136.8878,37.0683],[136.8599,37.0757],[136.872,37.0878],[136.8676,37.111],[136.8929,37.1108],[136.8992,37.1316],[136.8915,37.1435],[136.8809,37.1354],[136.875,37.1405],[136.8848,37.1648],[136.9124,37.1937],[136.9063,37.2033],[136.9301,37.2062],[136.9081,37.2205],[136.9172,37.2267],[136.9323,37.2206],[136.9244,37.2284],[136.9639,37.2357],[136.951,37.2217],[136.9633,37.2046],[136.9912,37.1997],[137.0059,37.1837],[137.0263,37.188],[137.034,37.1961],[137.0254,37.2044],[137.0565,37.2082],[137.0694,37.2181],[137.068,37.2315],[137.0943,37.2567],[137.097,37.2766],[137.1164,37.2885],[137.1636,37.3047],[137.2232,37.2938],[137.2335,37.2997],[137.2306,37.3086],[137.247,37.3075],[137.2677,37.3368],[137.2528,37.3398],[137.2662,37.3576],[137.2489,37.3541],[137.2377,37.3789],[137.2515,37.4256],[137.2741,37.4395],[137.3317,37.4393],[137.3605,37.4508],[137.3403,37.4831],[137.3511,37.502],[137.3461,37.5146],[137.3288,37.5194],[137.3264,37.5295],[137.2824,37.527],[137.2753,37.5334],[137.2103,37.5062],[137.1445,37.499],[137.0949,37.4786],[137.0731,37.4557],[137.0482,37.4493],[137.0293,37.4327],[136.9243,37.395],[136.9033,37.3975],[136.896,37.4067],[136.8477,37.4017],[136.8029,37.3769],[136.7564,37.3648],[136.7488,37.3432],[136.738,37.3478],[136.7372,37.3358],[136.7217,37.3204],[136.7339,37.2795],[136.7209,37.2559],[136.7031,37.2457],[136.7014,37.2233],[136.6802,37.2072],[136.6695,37.1472],[136.6869,37.1379],[136.711,37.1484],[136.7274,37.1352],[136.7294,37.0973],[136.7184,37.0796],[136.7218,37.0578],[136.7466,37.0293],[136.7434,37.012],[136.7693,36.9991],[136.7685,36.9638],[136.7495,36.9313],[136.7673,36.9136],[136.7526,36.8489],[136.6749,36.7085],[136.558,36.5685],[136.4139,36.4172],[136.3454,36.3647],[136.2996,36.3517],[136.2751,36.3186],[136.2438,36.2953],[136.2586,36.2893],[136.2562,36.2799],[136.2692,36.2664],[136.3021,36.2575],[136.3167,36.2351],[136.3324,36.2296],[136.3279,36.2099],[136.3441,36.173],[136.358,36.1651],[136.4093,36.1722],[136.4143,36.1566],[136.4406,36.1373],[136.4645,36.1379],[136.4881,36.1591],[136.5057,36.1466],[136.5601,36.153],[136.5655,36.144],[136.6034,36.1279],[136.6147,36.1083],[136.6513,36.0922],[136.6623,36.0676],[136.7543,36.0863],[136.7799,36.134],[136.766,36.1609],[136.7984,36.1726],[136.8029,36.1879],[136.8228,36.202],[136.821,36.2107],[136.8517,36.2481],[136.8336,36.2649],[136.8146,36.2664],[136.7955,36.2925],[136.7847,36.3438],[136.8082,36.3587],[136.7951,36.4013],[136.7713,36.414],[136.7685,36.4233],[136.7695,36.4307],[136.7965,36.4454],[136.789,36.4494],[136.8026,36.4847],[136.7951,36.5108],[136.8171,36.5528],[136.8025,36.5688],[136.7909,36.5698],[136.7953,36.5834],[136.7835,36.6151],[136.7859,36.6296],[136.7999,36.6364],[136.8013,36.6471],[136.8238,36.6697],[136.8226,36.6806],[136.8111,36.685],[136.8132,36.703],[136.7902,36.7199],[136.7966,36.7297],[136.8199,36.7307],[136.8217,36.74],[136.8391,36.7451],[136.849,36.759],[136.8527,36.7702],[136.8432,36.7813],[136.854,36.7952],[136.8488,36.8129],[136.867,36.8506],[136.8624,36.8603],[136.883,36.8768],[136.879,36.9063],[136.8956,36.9247],[136.9488,36.9555],[136.9738,36.9443],[136.9866,36.9672],[137.0043,36.9614],[137.0377,36.9671],[137.0517,36.9592]]],[[[137.0378,37.1681],[137.0255,37.1585],[137.0243,37.145],[137.0047,37.1352],[136.9863,37.1511],[136.9799,37.147],[136.9689,37.1545],[136.9623,37.1428],[136.9489,37.1387],[136.9401,37.1461],[136.9278,37.1318],[136.9249,37.1447],[136.9114,37.155],[136.9018,37.1523],[136.9019,37.1414],[136.9389,37.1159],[136.9469,37.0912],[136.9657,37.1046],[136.9763,37.0975],[136.994,37.1178],[137.0232,37.1115],[137.05,37.1231],[137.0406,37.1378],[137.0533,37.1509],[137.0378,37.1681]]],[[[136.922,37.8553],[136.9158,37.8525],[136.9125,37.8454],[136.9244,37.8523],[136.922,37.8553]]]]}},{"id":17,"type":"Feature","properties":{"N03_001":"福井県","N03_007":"18000"},"geometry":{"type":"Polygon","coordinates":[[[136.2438,36.2953],[136.176,36.2541],[136.1234,36.25],[136.1347,36.2207],[136.1218,36.2011],[136.134,36.2038],[136.1277,36.1901],[136.1144,36.1927],[136.0904,36.1605],[136.0934,36.1532],[136.0548,36.1279],[136.0486,36.11],[136.0286,36.0954],[136.0106,36.0333],[135.964,35.9975],[135.9577,35.9818],[135.9967,35.9358],[135.9975,35.8845],[136.0703,35.8248],[136.0998,35.7792],[136.0999,35.7467],[136.0865,35.7382],[136.0955,35.7366],[136.0986,35.7263],[136.0924,35.711],[136.0785,35.7036],[136.0862,35.6853],[136.0743,35.6781],[136.0743,35.6674],[136.0625,35.6681],[136.0718,35.6607],[136.0483,35.6571],[136.0265,35.6791],[136.0442,35.698],[136.0241,35.75],[136.0362,35.7419],[136.0168,35.7637],[135.9811,35.7331],[135.9684,35.7351],[135.9545,35.7227],[135.9597,35.7018],[135.9712,35.7118],[135.9754,35.6983],[135.9776,35.6867],[135.9632,35.6572],[135.9856,35.6432],[135.9783,35.6276],[135.9624,35.6224],[135.95,35.6339],[135.9388,35.6146],[135.9258,35.6101],[135.9135,35.6094],[135.9079,35.6244],[135.8988,35.624],[135.8955,35.6135],[135.8851,35.6178],[135.8702,35.6083],[135.8593,35.6111],[135.8593,35.6232],[135.8436,35.6266],[135.8461,35.6355],[135.8146,35.6421],[135.8155,35.6325],[135.8277,35.6353],[135.8328,35.6314],[135.8232,35.6287],[135.839,35.6203],[135.8274,35.6082],[135.8535,35.6031],[135.8575,35.5895],[135.8397,35.5632],[135.828,35.564],[135.8212,35.5737],[135.8032,35.5684],[135.8337,35.5359],[135.8132,35.5359],[135.8119,35.5276],[135.8059,35.532],[135.7962,35.5261],[135.7797,35.5503],[135.7659,35.5573],[135.7714,35.5466],[135.7588,35.5426],[135.7508,35.5656],[135.7151,35.57],[135.6891,35.5449],[135.7168,35.5407],[135.7181,35.5197],[135.7371,35.5353],[135.765,35.534],[135.752,35.5321],[135.7375,35.4944],[135.7142,35.4832],[135.7002,35.4928],[135.6807,35.4873],[135.6629,35.4938],[135.6482,35.4783],[135.5835,35.4907],[135.6285,35.4919],[135.642,35.5069],[135.6348,35.5189],[135.6547,35.5309],[135.6688,35.5252],[135.6596,35.5347],[135.6653,35.5414],[135.6569,35.5449],[135.6331,35.5375],[135.6179,35.5188],[135.5749,35.4934],[135.5361,35.4889],[135.5073,35.5057],[135.5183,35.5496],[135.4993,35.5538],[135.5013,35.5401],[135.5093,35.5369],[135.5026,35.5247],[135.4919,35.5236],[135.4913,35.5306],[135.4809,35.5219],[135.4835,35.5343],[135.4682,35.5314],[135.4866,35.5579],[135.4668,35.5519],[135.4499,35.5208],[135.4762,35.5055],[135.4763,35.4897],[135.4584,35.4689],[135.4978,35.4375],[135.5021,35.42],[135.527,35.4184],[135.5275,35.3802],[135.6424,35.3667],[135.701,35.3437],[135.7189,35.3553],[135.7688,35.356],[135.7909,35.3866],[135.8075,35.3854],[135.8132,35.413],[135.8554,35.4095],[135.8543,35.4008],[135.8645,35.3944],[135.8906,35.4032],[135.893,35.4198],[135.9142,35.4321],[135.916,35.4706],[135.9396,35.5205],[135.947,35.5205],[135.9524,35.5062],[135.9727,35.5001],[135.981,35.4867],[136.0067,35.4918],[136.0283,35.5291],[136.0483,35.5345],[136.0692,35.5262],[136.0832,35.5406],[136.1072,35.5304],[136.1055,35.5554],[136.1155,35.5829],[136.1669,35.5654],[136.1665,35.5827],[136.1775,35.595],[136.1504,35.6589],[136.1345,35.6698],[136.1514,35.6984],[136.1853,35.7037],[136.2118,35.6825],[136.2344,35.6825],[136.2807,35.6586],[136.2989,35.6788],[136.2918,35.6904],[136.3227,35.7156],[136.327,35.7315],[136.3184,35.751],[136.3279,35.7751],[136.3468,35.7762],[136.3767,35.7952],[136.4307,35.775],[136.4846,35.7751],[136.5062,35.7503],[136.5252,35.788],[136.5723,35.778],[136.586,35.7844],[136.59,35.7957],[136.623,35.7878],[136.6452,35.8068],[136.6577,35.7835],[136.6721,35.7913],[136.71,35.792],[136.7245,35.8082],[136.7411,35.8011],[136.7639,35.8106],[136.776,35.7988],[136.7893,35.7994],[136.8023,35.844],[136.8311,35.8518],[136.8137,35.9109],[136.7839,35.9278],[136.7934,35.9456],[136.7529,35.9565],[136.7497,35.9909],[136.7271,35.9956],[136.733,36.0487],[136.7643,36.0677],[136.7543,36.0863],[136.6623,36.0676],[136.6513,36.0922],[136.6147,36.1083],[136.6034,36.1279],[136.5655,36.144],[136.5601,36.153],[136.5057,36.1466],[136.4881,36.1591],[136.4565,36.1363],[136.4406,36.1373],[136.4143,36.1566],[136.4093,36.1722],[136.358,36.1651],[136.3357,36.1849],[136.3279,36.2099],[136.3324,36.2296],[136.3167,36.2351],[136.3021,36.2575],[136.2692,36.2664],[136.2562,36.2799],[136.2586,36.2893],[136.2438,36.2953]]]}},{"id":18,"type":"Feature","properties":{"N03_001":"山梨県","N03_007":"19000"},"geometry":{"type":"Polygon","coordinates":[[[138.729,35.9092],[138.708,35.9096],[138.6858,35.8939],[138.676,35.8698],[138.6107,35.8737],[138.6061,35.8919],[138.6123,35.9087],[138.5924,35.9183],[138.5767,35.9115],[138.5106,35.9224],[138.4947,35.9111],[138.4898,35.8964],[138.4717,35.8962],[138.4542,35.9032],[138.4444,35.9177],[138.4543,35.9383],[138.4432,35.9511],[138.3705,35.9714],[138.3601,35.951],[138.3451,35.9413],[138.3263,35.9032],[138.2836,35.8593],[138.2486,35.8859],[138.2382,35.8824],[138.2047,35.8281],[138.2057,35.8157],[138.1856,35.7954],[138.1915,35.7843],[138.2087,35.7806],[138.2367,35.7577],[138.1802,35.7145],[138.194,35.6955],[138.1933,35.6723],[138.2187,35.6446],[138.2323,35.6401],[138.2283,35.6272],[138.2406,35.6051],[138.2405,35.5763],[138.2444,35.5635],[138.2595,35.553],[138.2573,35.5308],[138.269,35.5141],[138.2602,35.5059],[138.2535,35.466],[138.2441,35.459],[138.2594,35.4311],[138.2581,35.4074],[138.2464,35.3998],[138.232,35.3712],[138.2513,35.3635],[138.257,35.3386],[138.2487,35.3316],[138.2579,35.3165],[138.2764,35.3074],[138.2853,35.3043],[138.2965,35.3165],[138.3281,35.3277],[138.3676,35.3095],[138.3725,35.2994],[138.367,35.2702],[138.3862,35.2462],[138.3943,35.2078],[138.3996,35.2002],[138.419,35.1976],[138.4309,35.1804],[138.4915,35.1684],[138.5173,35.1986],[138.5332,35.2009],[138.5274,35.2168],[138.5323,35.2234],[138.5143,35.2622],[138.5217,35.2835],[138.5121,35.3136],[138.5351,35.3306],[138.5318,35.4094],[138.5591,35.4342],[138.5821,35.4456],[138.5977,35.4318],[138.6091,35.3932],[138.6634,35.3983],[138.6712,35.3928],[138.6805,35.3577],[138.7994,35.3767],[138.8219,35.3742],[138.8508,35.3905],[138.8735,35.3817],[138.9164,35.4006],[138.9302,35.4209],[138.9274,35.4376],[138.9545,35.4598],[139.0276,35.481],[139.046,35.5097],[139.0858,35.5121],[139.1284,35.5626],[139.1214,35.5869],[139.1337,35.6158],[139.1235,35.624],[139.127,35.6419],[139.1173,35.6549],[139.1313,35.672],[139.1056,35.691],[139.0721,35.6954],[139.0225,35.722],[138.9844,35.7678],[138.9864,35.7823],[138.9718,35.799],[138.9693,35.8314],[138.9533,35.8365],[138.9439,35.8548],[138.9109,35.8527],[138.892,35.8398],[138.8566,35.8646],[138.8136,35.8624],[138.7918,35.876],[138.7911,35.8908],[138.7771,35.9004],[138.729,35.9092]]]}},{"id":19,"type":"Feature","properties":{"N03_001":"長野県","N03_007":"20000"},"geometry":{"type":"Polygon","coordinates":[[[138.6959,36.7385],[138.688,36.7658],[138.669,36.7791],[138.6955,36.807],[138.6803,36.8201],[138.6932,36.8548],[138.6817,36.8653],[138.6574,36.8681],[138.6234,36.8847],[138.621,36.9041],[138.5962,36.9071],[138.5893,36.9154],[138.592,36.9254],[138.5831,36.9295],[138.5863,36.9869],[138.5585,37.0232],[138.5365,37.0209],[138.5141,37.0297],[138.4917,37.0205],[138.4551,37.0196],[138.3938,36.9951],[138.3432,36.9208],[138.3176,36.9252],[138.2963,36.9108],[138.2903,36.8968],[138.2994,36.8867],[138.2886,36.8684],[138.2962,36.8582],[138.2876,36.8457],[138.2749,36.8409],[138.2684,36.8604],[138.2549,36.8699],[138.2424,36.864],[138.213,36.8683],[138.2034,36.8571],[138.169,36.8451],[138.115,36.8504],[138.0815,36.8299],[138.0713,36.8058],[138.0522,36.8],[138.0519,36.8074],[138.0338,36.8088],[138.0035,36.8264],[138.0201,36.8422],[138.0166,36.8604],[138.0329,36.8862],[138.0156,36.8932],[138.0136,36.9041],[137.9696,36.9108],[137.9577,36.9029],[137.9474,36.913],[137.9198,36.9199],[137.8933,36.91],[137.8635,36.9129],[137.8714,36.9027],[137.8617,36.8908],[137.8763,36.8661],[137.831,36.8178],[137.831,36.808],[137.7819,36.773],[137.7674,36.7705],[137.7518,36.7511],[137.7593,36.7406],[137.7501,36.705],[137.7617,36.667],[137.7442,36.6175],[137.7509,36.5883],[137.7251,36.5867],[137.6877,36.5621],[137.6846,36.5378],[137.7075,36.536],[137.7055,36.5179],[137.6688,36.5095],[137.6662,36.4932],[137.652,36.4882],[137.6551,36.4587],[137.6453,36.4545],[137.6378,36.4314],[137.6092,36.4179],[137.6054,36.4025],[137.5874,36.3898],[137.5871,36.372],[137.6192,36.3642],[137.6355,36.3425],[137.6454,36.3417],[137.6531,36.3047],[137.6478,36.289],[137.6288,36.2784],[137.583,36.2204],[137.573,36.2184],[137.5787,36.1974],[137.5952,36.1903],[137.5951,36.172],[137.5547,36.14],[137.5605,36.1305],[137.5509,36.1099],[137.5777,36.0853],[137.6139,36.0764],[137.6137,36.0596],[137.5983,36.0432],[137.594,36.0118],[137.5435,35.9829],[137.5443,35.9724],[137.5245,35.9425],[137.5019,35.9376],[137.4755,35.8936],[137.4587,35.8893],[137.4349,35.9055],[137.3808,35.8924],[137.3644,35.8789],[137.3676,35.8607],[137.3611,35.8462],[137.336,35.8442],[137.325,35.8167],[137.3363,35.7988],[137.3918,35.7986],[137.3933,35.7777],[137.424,35.7744],[137.4402,35.7586],[137.4648,35.7564],[137.4972,35.6885],[137.5354,35.6658],[137.5455,35.6511],[137.5281,35.636],[137.5138,35.608],[137.5383,35.5848],[137.5681,35.5859],[137.5646,35.5664],[137.5745,35.5445],[137.6073,35.5335],[137.6316,35.5089],[137.6244,35.4938],[137.6318,35.47],[137.5931,35.4469],[137.6153,35.4308],[137.6337,35.399],[137.6184,35.3917],[137.5754,35.4001],[137.5779,35.3901],[137.5984,35.3792],[137.6039,35.3332],[137.5565,35.3092],[137.5576,35.2947],[137.5707,35.2831],[137.5572,35.2749],[137.546,35.2518],[137.5787,35.2194],[137.5779,35.199],[137.6268,35.2119],[137.6446,35.209],[137.6539,35.2267],[137.6813,35.2351],[137.7222,35.2305],[137.7224,35.2221],[137.768,35.2185],[137.7677,35.2069],[137.7791,35.2028],[137.8215,35.2156],[137.8381,35.2125],[137.8449,35.221],[137.8725,35.2189],[137.8849,35.2363],[137.8825,35.2481],[137.8954,35.258],[137.9186,35.2544],[137.9293,35.2755],[137.9673,35.2842],[137.9921,35.3017],[138.0189,35.3011],[138.0261,35.3202],[138.0613,35.3472],[138.0963,35.3399],[138.097,35.3543],[138.1411,35.3695],[138.1525,35.398],[138.1349,35.4077],[138.1398,35.4226],[138.1215,35.4286],[138.1193,35.446],[138.1219,35.4564],[138.1569,35.46],[138.1602,35.4678],[138.1564,35.4769],[138.1646,35.4939],[138.1402,35.4997],[138.1463,35.5186],[138.1383,35.5222],[138.1594,35.5449],[138.1461,35.557],[138.162,35.5813],[138.1895,35.5768],[138.2061,35.6084],[138.2034,35.6322],[138.2187,35.6446],[138.1933,35.6723],[138.194,35.6955],[138.1802,35.7145],[138.2367,35.7577],[138.2087,35.7806],[138.1915,35.7843],[138.1856,35.7954],[138.2057,35.8157],[138.2047,35.8281],[138.2382,35.8824],[138.2486,35.8859],[138.2836,35.8593],[138.3263,35.9032],[138.3451,35.9413],[138.3601,35.951],[138.3705,35.9714],[138.4432,35.9511],[138.4543,35.9383],[138.4444,35.9177],[138.4542,35.9032],[138.4717,35.8962],[138.4898,35.8964],[138.4947,35.9111],[138.5106,35.9224],[138.5767,35.9115],[138.5924,35.9183],[138.6123,35.9087],[138.6061,35.8919],[138.6107,35.8737],[138.676,35.8698],[138.6858,35.8939],[138.708,35.9096],[138.729,35.9092],[138.7393,35.9391],[138.7142,35.9655],[138.7126,35.9853],[138.6908,35.9908],[138.6798,36.0116],[138.6617,36.012],[138.6315,36.0283],[138.6442,36.0496],[138.6306,36.0913],[138.6452,36.0988],[138.6454,36.1202],[138.6341,36.134],[138.6007,36.1356],[138.5789,36.1675],[138.584,36.1772],[138.6049,36.1642],[138.6371,36.1749],[138.6228,36.1969],[138.6361,36.2067],[138.6332,36.2161],[138.6222,36.2146],[138.6119,36.2294],[138.6003,36.2784],[138.6535,36.3031],[138.6479,36.3145],[138.6572,36.3689],[138.6466,36.4108],[138.5902,36.4239],[138.555,36.4178],[138.5406,36.4028],[138.5054,36.4148],[138.4921,36.4132],[138.489,36.4009],[138.4597,36.4048],[138.457,36.4202],[138.4015,36.434],[138.3973,36.4841],[138.4114,36.5395],[138.4288,36.5562],[138.4203,36.5772],[138.4288,36.5979],[138.455,36.6139],[138.459,36.6348],[138.4731,36.6441],[138.4901,36.6412],[138.5294,36.6553],[138.5343,36.6663],[138.5179,36.677],[138.52,36.6923],[138.5604,36.7069],[138.5833,36.7013],[138.5977,36.7147],[138.6111,36.7066],[138.6218,36.7202],[138.6959,36.7385]]]}},{"id":20,"type":"Feature","properties":{"N03_001":"岐阜県","N03_007":"21000"},"geometry":{"type":"Polygon","coordinates":[[[137.5874,36.3898],[137.5409,36.3914],[137.5042,36.4257],[137.474,36.4253],[137.4608,36.4122],[137.4102,36.4246],[137.3952,36.4364],[137.3901,36.4599],[137.3615,36.4501],[137.358,36.4363],[137.3129,36.4253],[137.3052,36.4362],[137.3139,36.4417],[137.3168,36.461],[137.2778,36.4648],[137.2564,36.4511],[137.2476,36.462],[137.2313,36.4443],[137.2132,36.438],[137.2126,36.4302],[137.1939,36.4536],[137.1597,36.4564],[137.0919,36.3964],[137.0949,36.384],[137.0608,36.3743],[137.049,36.3457],[137.0587,36.3425],[137.0523,36.3295],[137.0376,36.3174],[137.0215,36.3185],[137.0078,36.2897],[136.9762,36.2759],[136.9582,36.2777],[136.9722,36.3107],[136.9468,36.3458],[136.9075,36.3608],[136.8828,36.342],[136.8699,36.3493],[136.873,36.3669],[136.8651,36.3497],[136.8374,36.3473],[136.8425,36.3333],[136.8266,36.3026],[136.8042,36.3062],[136.7923,36.2992],[136.8146,36.2664],[136.8336,36.2649],[136.8517,36.2481],[136.821,36.2107],[136.8228,36.202],[136.8029,36.1879],[136.7984,36.1726],[136.766,36.1609],[136.7799,36.134],[136.754,36.0902],[136.7643,36.0677],[136.733,36.0487],[136.7271,35.9956],[136.7497,35.9909],[136.7529,35.9565],[136.7934,35.9456],[136.7865,35.9223],[136.8137,35.9109],[136.8238,35.8928],[136.8202,35.8794],[136.8311,35.8518],[136.8023,35.844],[136.7893,35.7994],[136.776,35.7988],[136.7639,35.8106],[136.7411,35.8011],[136.7245,35.8082],[136.71,35.792],[136.6721,35.7913],[136.6577,35.7835],[136.6452,35.8068],[136.623,35.7878],[136.59,35.7957],[136.586,35.7844],[136.5723,35.778],[136.5252,35.788],[136.5062,35.7503],[136.4846,35.7751],[136.4307,35.775],[136.3767,35.7952],[136.3468,35.7762],[136.3279,35.7751],[136.3217,35.7653],[136.3235,35.718],[136.2918,35.6904],[136.2989,35.6788],[136.2771,35.6556],[136.2792,35.6367],[136.2886,35.6206],[136.3156,35.6234],[136.3237,35.6165],[136.315,35.6057],[136.3242,35.5851],[136.3175,35.5474],[136.3373,35.5503],[136.3461,35.5362],[136.3567,35.5399],[136.3625,35.5585],[136.3736,35.5594],[136.3843,35.5331],[136.4004,35.5301],[136.4056,35.5134],[136.3869,35.4884],[136.4018,35.4699],[136.4204,35.4662],[136.4262,35.4482],[136.4118,35.4186],[136.4441,35.3887],[136.4119,35.3699],[136.411,35.3522],[136.4223,35.3484],[136.4068,35.3053],[136.3911,35.2902],[136.3969,35.2579],[136.3791,35.2474],[136.3797,35.2409],[136.4122,35.2184],[136.4309,35.2294],[136.4407,35.2168],[136.4658,35.2375],[136.506,35.2351],[136.5174,35.2546],[136.528,35.2576],[136.5498,35.2341],[136.547,35.2224],[136.6023,35.178],[136.6155,35.1499],[136.6444,35.1444],[136.6463,35.1658],[136.6696,35.1337],[136.6723,35.1888],[136.6831,35.1998],[136.6779,35.2415],[136.7257,35.2956],[136.7681,35.3669],[136.7945,35.3683],[136.7929,35.3635],[136.8343,35.356],[136.8649,35.3726],[136.9221,35.3792],[136.9617,35.3998],[136.9644,35.4209],[136.9857,35.4245],[136.9913,35.4246],[136.9783,35.4032],[136.9873,35.402],[137.0021,35.3815],[137.0451,35.3674],[137.0479,35.3354],[137.0682,35.3357],[137.073,35.3265],[137.0635,35.3182],[137.0668,35.309],[137.0798,35.3068],[137.0813,35.2922],[137.096,35.2906],[137.101,35.3016],[137.1316,35.2936],[137.1458,35.2798],[137.1655,35.2822],[137.1845,35.2541],[137.2246,35.2565],[137.2574,35.2725],[137.2627,35.2852],[137.3038,35.2906],[137.3446,35.2737],[137.3441,35.2578],[137.3829,35.2602],[137.3882,35.2401],[137.4089,35.2349],[137.4168,35.2404],[137.4303,35.223],[137.5208,35.2736],[137.5214,35.2842],[137.5608,35.2857],[137.5565,35.3092],[137.6039,35.3332],[137.5984,35.3792],[137.5779,35.3901],[137.5754,35.4001],[137.6184,35.3917],[137.6337,35.399],[137.6153,35.4308],[137.5931,35.4469],[137.6318,35.47],[137.6244,35.4938],[137.6316,35.5089],[137.6073,35.5335],[137.5745,35.5445],[137.5646,35.5664],[137.5681,35.5859],[137.5383,35.5848],[137.5138,35.608],[137.5281,35.636],[137.5455,35.6511],[137.5354,35.6658],[137.4972,35.6885],[137.4648,35.7564],[137.4402,35.7586],[137.424,35.7744],[137.3933,35.7777],[137.3918,35.7986],[137.3363,35.7988],[137.325,35.8167],[137.336,35.8442],[137.3611,35.8462],[137.3676,35.8607],[137.3644,35.8789],[137.3808,35.8924],[137.4349,35.9055],[137.4587,35.8893],[137.4755,35.8936],[137.5019,35.9376],[137.5245,35.9425],[137.5443,35.9724],[137.5435,35.9829],[137.594,36.0118],[137.5983,36.0432],[137.6137,36.0596],[137.6139,36.0764],[137.5777,36.0853],[137.5509,36.1099],[137.5605,36.1305],[137.5547,36.14],[137.5951,36.172],[137.5952,36.1903],[137.5787,36.1974],[137.573,36.2184],[137.583,36.2204],[137.6288,36.2784],[137.6478,36.289],[137.6531,36.3047],[137.6454,36.3417],[137.6355,36.3425],[137.6192,36.3642],[137.5871,36.372],[137.5874,36.3898]]]}},{"id":21,"type":"Feature","properties":{"N03_001":"静岡県","N03_007":"22000"},"geometry":{"type":"MultiPolygon","coordinates":[[[[138.9164,35.4006],[138.8735,35.3817],[138.8508,35.3905],[138.8219,35.3742],[138.7994,35.3767],[138.6805,35.3577],[138.6712,35.3928],[138.6634,35.3983],[138.6091,35.3932],[138.5977,35.4318],[138.5821,35.4456],[138.5318,35.4094],[138.5351,35.3306],[138.5121,35.3136],[138.5217,35.2835],[138.5143,35.2622],[138.5323,35.2234],[138.5274,35.2168],[138.5332,35.2009],[138.5173,35.1986],[138.4915,35.1684],[138.4309,35.1804],[138.419,35.1976],[138.3996,35.2002],[138.3943,35.2078],[138.3862,35.2462],[138.367,35.2702],[138.3725,35.2994],[138.3647,35.312],[138.3281,35.3277],[138.2965,35.3165],[138.2853,35.3043],[138.2579,35.3165],[138.2487,35.3316],[138.257,35.3386],[138.2513,35.3635],[138.232,35.3712],[138.2464,35.3998],[138.2581,35.4074],[138.2594,35.4311],[138.2441,35.459],[138.2535,35.466],[138.2602,35.5059],[138.269,35.5141],[138.2573,35.5308],[138.2595,35.553],[138.2444,35.5635],[138.2405,35.5763],[138.2406,35.6051],[138.2283,35.6272],[138.2323,35.6401],[138.2187,35.6446],[138.2034,35.6322],[138.2061,35.6084],[138.1895,35.5768],[138.162,35.5813],[138.1461,35.557],[138.1594,35.5449],[138.1383,35.5222],[138.1463,35.5186],[138.1402,35.4997],[138.1646,35.4939],[138.1564,35.4769],[138.1602,35.4678],[138.1569,35.46],[138.1219,35.4564],[138.1193,35.446],[138.1215,35.4286],[138.1398,35.4226],[138.1349,35.4077],[138.1525,35.398],[138.1411,35.3695],[138.097,35.3543],[138.0963,35.3399],[138.0613,35.3472],[138.0261,35.3202],[138.0189,35.3011],[137.9921,35.3017],[137.9673,35.2842],[137.9293,35.2755],[137.9186,35.2544],[137.8954,35.258],[137.884,35.25],[137.8849,35.2363],[137.8725,35.2189],[137.8449,35.221],[137.8286,35.2116],[137.8166,35.1884],[137.8032,35.1831],[137.8255,35.1682],[137.8213,35.1584],[137.829,35.1519],[137.8136,35.151],[137.8148,35.1405],[137.8059,35.1311],[137.7931,35.1352],[137.8013,35.1066],[137.793,35.0955],[137.7768,35.0975],[137.7757,35.078],[137.7174,35.0351],[137.701,35.0035],[137.7081,34.9945],[137.6999,34.9848],[137.7072,34.9723],[137.6961,34.9714],[137.6755,34.9454],[137.6595,34.9446],[137.6412,34.8931],[137.6163,34.8753],[137.5975,34.8725],[137.587,34.85],[137.5516,34.8519],[137.5423,34.8421],[137.5,34.8313],[137.5017,34.8234],[137.487,34.8117],[137.493,34.7869],[137.4767,34.7748],[137.4741,34.7499],[137.4918,34.7025],[137.485,34.6741],[137.5821,34.6799],[137.8002,34.6463],[137.9025,34.6665],[137.9834,34.6638],[138.0575,34.6486],[138.1919,34.6008],[138.2272,34.5951],[138.2339,34.6053],[138.2173,34.6098],[138.1942,34.6391],[138.1954,34.6646],[138.2236,34.7224],[138.3042,34.7773],[138.2949,34.7762],[138.2887,34.7812],[138.3011,34.7792],[138.3379,34.8306],[138.3254,34.8525],[138.3244,34.8726],[138.3384,34.8811],[138.3549,34.9123],[138.4162,34.9433],[138.4783,34.9633],[138.5266,34.9949],[138.5335,35.013],[138.5158,35.0209],[138.5186,35.0133],[138.5025,35.0115],[138.5111,34.9906],[138.5007,34.9874],[138.4909,35.0223],[138.4961,35.0183],[138.4998,35.0357],[138.5085,35.0335],[138.5061,35.0417],[138.5237,35.0427],[138.5198,35.0468],[138.5345,35.0561],[138.5588,35.1017],[138.5787,35.1118],[138.6454,35.1177],[138.6977,35.1344],[138.6893,35.1435],[138.6957,35.1446],[138.6989,35.1364],[138.7385,35.1342],[138.8183,35.1119],[138.8761,35.066],[138.8871,35.0468],[138.9037,35.0475],[138.8916,35.0171],[138.8831,35.0252],[138.8475,35.0145],[138.7902,35.025],[138.7802,35.0181],[138.7688,34.9819],[138.7767,34.9741],[138.7624,34.9717],[138.7626,34.9655],[138.7899,34.9099],[138.7566,34.8854],[138.7543,34.8665],[138.7759,34.8532],[138.7598,34.8429],[138.7663,34.8237],[138.7625,34.8284],[138.7512,34.8207],[138.765,34.8119],[138.7534,34.8],[138.7683,34.7817],[138.7656,34.7693],[138.7769,34.7599],[138.7558,34.7446],[138.7618,34.7391],[138.7566,34.7334],[138.7393,34.7266],[138.7394,34.6911],[138.756,34.6917],[138.7808,34.6663],[138.7897,34.6695],[138.7916,34.6622],[138.7715,34.6489],[138.776,34.6412],[138.7939,34.6344],[138.793,34.6235],[138.8083,34.6283],[138.8411,34.6018],[138.8486,34.6128],[138.8855,34.6233],[138.8925,34.6351],[138.9124,34.6348],[138.9163,34.6501],[138.9566,34.6765],[138.9642,34.6728],[138.9573,34.6572],[138.9772,34.6535],[138.9865,34.6672],[138.9735,34.6732],[138.9751,34.6992],[138.992,34.7178],[138.9976,34.742],[139.0201,34.754],[139.0274,34.767],[139.0485,34.7687],[139.0417,34.7738],[139.0581,34.7855],[139.0793,34.824],[139.0828,34.8537],[139.0983,34.858],[139.1038,34.8702],[139.1301,34.8776],[139.1405,34.892],[139.132,34.8989],[139.1478,34.9359],[139.1445,34.9561],[139.1301,34.955],[139.1282,34.9691],[139.0958,34.9761],[139.083,35.0004],[139.1001,35.0101],[139.1002,35.045],[139.0742,35.0467],[139.0694,35.054],[139.082,35.0864],[139.0771,35.0981],[139.1093,35.1304],[139.1116,35.1414],[139.0284,35.1507],[139.0264,35.1756],[138.9877,35.2008],[138.9761,35.2357],[138.9755,35.2637],[139.003,35.2894],[139.019,35.3293],[138.9986,35.384],[139.0018,35.3989],[138.9695,35.4049],[138.9164,35.4006]]],[[[138.2114,34.6291],[138.2086,34.6224],[138.2191,34.6183],[138.2218,34.6225],[138.2114,34.6291]]],[[[139.1686,35.0433],[139.168,35.0366],[139.1765,35.0397],[139.1731,35.0424],[139.1686,35.0433]]]]}},{"id":22,"type":"Feature","properties":{"N03_001":"愛知県","N03_007":"23000"},"geometry":{"type":"MultiPolygon","coordinates":[[[[137.562,35.2893],[137.5434,35.2806],[137.5214,35.2842],[137.5208,35.2736],[137.4303,35.223],[137.4168,35.2404],[137.4089,35.2349],[137.3882,35.2401],[137.3829,35.2602],[137.3441,35.2578],[137.3446,35.2737],[137.3038,35.2906],[137.2627,35.2852],[137.2574,35.2725],[137.2246,35.2565],[137.1845,35.2541],[137.1655,35.2822],[137.1458,35.2798],[137.1316,35.2936],[137.101,35.3016],[137.096,35.2906],[137.0813,35.2922],[137.0798,35.3068],[137.0668,35.309],[137.0635,35.3182],[137.073,35.3265],[137.0682,35.3357],[137.0479,35.3354],[137.0451,35.3674],[137.0021,35.3815],[136.9873,35.402],[136.9783,35.4032],[136.9913,35.4246],[136.9687,35.422],[136.9611,35.4149],[136.9617,35.3998],[136.9221,35.3792],[136.8649,35.3726],[136.8343,35.356],[136.7929,35.3635],[136.7945,35.3683],[136.7757,35.3696],[136.7619,35.3611],[136.7257,35.2956],[136.6779,35.2415],[136.6831,35.1998],[136.6723,35.1888],[136.6712,35.1398],[136.6764,35.1289],[136.6952,35.1246],[136.7496,35.0807],[136.7534,35.053],[136.7706,35.0214],[136.7939,35.0145],[136.7966,35.0223],[136.7807,35.0336],[136.8003,35.0288],[136.7969,35.0515],[136.8301,35.0502],[136.8333,35.0641],[136.8187,35.0651],[136.8273,35.0829],[136.8473,35.083],[136.8426,35.0593],[136.8555,35.0566],[136.8685,35.0882],[136.892,35.0925],[136.8792,35.0474],[136.8893,35.0423],[136.8677,35.0401],[136.8527,35.0152],[136.8699,35.0086],[136.8497,35.0106],[136.8439,35.0047],[136.8543,35.0032],[136.8515,34.9982],[136.8205,34.9663],[136.8289,34.9614],[136.8217,34.8842],[136.8328,34.8745],[136.8369,34.8841],[136.8372,34.8759],[136.8546,34.866],[136.8666,34.838],[136.842,34.7623],[136.8736,34.7297],[136.9298,34.7031],[136.9356,34.7082],[136.9427,34.7007],[136.9742,34.7028],[136.9727,34.7161],[136.962,34.7212],[136.9701,34.7251],[136.9666,34.7321],[136.9148,34.77],[136.9238,34.8296],[136.9354,34.83],[136.9266,34.8529],[136.9346,34.8485],[136.9354,34.8571],[136.9277,34.8649],[136.9397,34.8614],[136.946,34.8742],[136.9343,34.8747],[136.9442,34.8809],[136.9642,34.8765],[136.9572,34.8811],[136.9693,34.9012],[136.981,34.9569],[136.9864,34.952],[136.9773,34.8946],[136.9838,34.8933],[136.9768,34.8933],[136.9706,34.8775],[136.9762,34.8753],[136.9681,34.8749],[136.9553,34.8548],[136.9647,34.853],[136.9542,34.8483],[136.9567,34.8333],[136.9644,34.8228],[136.997,34.8165],[137.0253,34.778],[137.0408,34.7756],[137.0763,34.7871],[137.0882,34.7762],[137.1056,34.7907],[137.1324,34.7821],[137.1344,34.7886],[137.1526,34.7813],[137.1686,34.7869],[137.1778,34.7792],[137.1682,34.7682],[137.178,34.7657],[137.1894,34.7757],[137.1931,34.8049],[137.1986,34.8111],[137.2097,34.8028],[137.2191,34.8125],[137.2144,34.8159],[137.2229,34.8168],[137.2161,34.8232],[137.2579,34.8044],[137.2928,34.8045],[137.2945,34.8106],[137.3012,34.8101],[137.3107,34.8047],[137.3155,34.799],[137.3033,34.7929],[137.3085,34.7788],[137.3256,34.7855],[137.331,34.7805],[137.3211,34.7713],[137.3203,34.7328],[137.349,34.7291],[137.3382,34.7211],[137.3086,34.7246],[137.3085,34.7021],[137.3251,34.7016],[137.3115,34.6963],[137.3158,34.6885],[137.3084,34.6813],[137.2862,34.6802],[137.2905,34.6937],[137.3009,34.6938],[137.3009,34.7281],[137.2848,34.7309],[137.2617,34.7159],[137.2669,34.7086],[137.2617,34.6988],[137.2455,34.7062],[137.2327,34.6991],[137.2395,34.6906],[137.2236,34.6756],[137.2064,34.6779],[137.1698,34.6565],[137.127,34.6547],[137.1403,34.6466],[137.1194,34.6346],[137.1025,34.6328],[137.1065,34.6416],[137.0877,34.6481],[137.0902,34.6561],[137.0683,34.6612],[137.0153,34.5813],[137.1321,34.5882],[137.3089,34.6397],[137.485,34.6741],[137.4918,34.7025],[137.4741,34.7499],[137.4767,34.7748],[137.493,34.7869],[137.487,34.8117],[137.5017,34.8234],[137.5,34.8313],[137.5423,34.8421],[137.5516,34.8519],[137.587,34.85],[137.5975,34.8725],[137.6336,34.8855],[137.6595,34.9446],[137.6755,34.9454],[137.6961,34.9714],[137.7072,34.9723],[137.6999,34.9848],[137.7081,34.9945],[137.701,35.0035],[137.7174,35.0351],[137.7757,35.078],[137.7768,35.0975],[137.793,35.0955],[137.8013,35.1066],[137.7931,35.1352],[137.8059,35.1311],[137.8148,35.1405],[137.8136,35.151],[137.829,35.1519],[137.8213,35.1584],[137.8255,35.1682],[137.8032,35.1831],[137.8166,35.1884],[137.8286,35.2116],[137.8381,35.2125],[137.8267,35.2159],[137.7791,35.2028],[137.7677,35.2069],[137.768,35.2185],[137.7224,35.2221],[137.7222,35.2305],[137.6813,35.2351],[137.6539,35.2267],[137.6446,35.209],[137.6268,35.2119],[137.5779,35.199],[137.5787,35.2194],[137.546,35.2518],[137.5572,35.2749],[137.5707,35.2831],[137.562,35.2893]]],[[[136.8058,34.8776],[136.7984,34.8756],[136.807,34.8402],[136.8142,34.8402],[136.8126,34.8467],[136.8245,34.8487],[136.8234,34.8592],[136.8058,34.8776]]],[[[136.8309,35.0494],[136.81,35.0493],[136.8109,35.0267],[136.839,35.0302],[136.8309,35.0494]]],[[[136.8215,35.0176],[136.8089,35.0127],[136.8001,35.0035],[136.8119,34.9959],[136.8215,35.0176]]],[[[136.8781,35.0719],[136.8694,35.0681],[136.8653,35.05],[136.8761,35.0543],[136.8781,35.0719]]],[[[136.8487,35.056],[136.838,35.0518],[136.8455,35.0339],[136.855,35.0553],[136.8487,35.056]]],[[[137.041,34.7324],[137.0325,34.723],[137.0531,34.7205],[137.0547,34.7267],[137.041,34.7324]]],[[[137.3188,34.7485],[137.3098,34.7447],[137.3081,34.7351],[137.3187,34.7331],[137.3188,34.7485]]],[[[136.8237,34.96],[136.8187,34.9644],[136.811,34.9548],[136.8203,34.9498],[136.8237,34.96]]],[[[137.2986,34.8099],[137.3014,34.7982],[137.3114,34.7991],[137.308,34.8051],[137.2986,34.8099]]],[[[137.0085,34.6862],[137.0006,34.6735],[137.0032,34.6666],[137.01,34.6775],[137.0085,34.6862]]],[[[137.0074,34.7091],[136.9969,34.7059],[136.9969,34.7017],[137.0101,34.7036],[137.0074,34.7091]]],[[[136.9571,34.8276],[136.946,34.8248],[136.9456,34.82],[136.9571,34.8276]]]]}},{"id":23,"type":"Feature","properties":{"N03_001":"三重県","N03_007":"24000"},"geometry":{"type":"MultiPolygon","coordinates":[[[[136.6728,35.1348],[136.6463,35.1658],[136.6444,35.1444],[136.6155,35.1499],[136.6023,35.178],[136.547,35.2224],[136.5498,35.2341],[136.528,35.2576],[136.5174,35.2546],[136.506,35.2351],[136.4658,35.2375],[136.4407,35.2168],[136.4309,35.2294],[136.4151,35.2178],[136.4094,35.1877],[136.4547,35.1614],[136.455,35.1524],[136.446,35.1499],[136.4356,35.1307],[136.448,35.1238],[136.44,35.1166],[136.4421,35.0862],[136.4353,35.0825],[136.4416,35.0667],[136.4178,35.0495],[136.4238,35.0298],[136.4159,34.9808],[136.3948,34.9514],[136.3727,34.9423],[136.3661,34.905],[136.3132,34.887],[136.2891,34.8696],[136.2771,34.8742],[136.2507,34.8577],[136.1981,34.8699],[136.1808,34.8858],[136.1315,34.8831],[136.1063,34.9001],[136.0984,34.8895],[136.0862,34.8891],[136.0852,34.8788],[136.0989,34.8706],[136.1221,34.8727],[136.1264,34.862],[136.1083,34.8528],[136.1044,34.8406],[136.0862,34.8366],[136.0952,34.8191],[136.0906,34.8122],[136.0223,34.7915],[136.0226,34.7823],[136.0336,34.7794],[136.0284,34.7583],[136.068,34.7239],[136.0711,34.7147],[136.0542,34.7062],[136.0751,34.6977],[136.0865,34.6753],[136.0778,34.6588],[136.0645,34.652],[136.041,34.6592],[136.0649,34.6516],[136.0736,34.6341],[136.0466,34.6006],[136.0498,34.5803],[136.0833,34.5593],[136.1106,34.5565],[136.1136,34.5464],[136.1555,34.5597],[136.1718,34.5348],[136.1677,34.5209],[136.1821,34.5168],[136.2166,34.528],[136.2147,34.5013],[136.229,34.4947],[136.2156,34.4811],[136.2054,34.4483],[136.1582,34.449],[136.1514,34.4418],[136.1313,34.4451],[136.0959,34.4352],[136.0887,34.4287],[136.0903,34.4161],[136.0691,34.3943],[136.0861,34.3796],[136.1024,34.3361],[136.1295,34.3162],[136.0949,34.3014],[136.0978,34.2888],[136.1218,34.2671],[136.1181,34.2606],[136.1318,34.2519],[136.1303,34.2429],[136.1107,34.2293],[136.1187,34.2155],[136.0976,34.2025],[136.0927,34.1904],[136.1089,34.1851],[136.1056,34.1716],[136.1147,34.1608],[136.1019,34.1413],[136.1084,34.1268],[136.0997,34.1204],[136.1079,34.1031],[136.1024,34.096],[136.1172,34.0842],[136.0933,34.0829],[136.0922,34.0482],[136.1045,34.027],[136.0964,34.0225],[136.0435,34.0407],[136.0317,34.0319],[136.0196,34.0368],[136.0037,34.0135],[136.0053,34.0033],[135.9962,34.0023],[136.0134,33.9742],[136.0104,33.9656],[135.9971,33.9569],[135.9776,33.967],[135.9698,33.93],[135.9296,33.9414],[135.9173,33.9251],[135.9327,33.9227],[135.9325,33.9169],[135.8937,33.92],[135.8963,33.9074],[135.879,33.9084],[135.8879,33.8963],[135.8865,33.8827],[135.8931,33.8935],[135.9013,33.8854],[135.8976,33.8698],[135.8811,33.8725],[135.8671,33.8599],[135.8621,33.8766],[135.8533,33.8623],[135.8606,33.849],[135.858,33.8162],[135.8909,33.8017],[135.9057,33.7685],[135.9284,33.754],[135.9389,33.7563],[135.9459,33.732],[135.9732,33.723],[135.973,33.7354],[135.9833,33.7364],[136.0119,33.7233],[136.0571,33.8261],[136.101,33.8855],[136.117,33.8906],[136.1181,33.8988],[136.1284,33.8869],[136.1508,33.9002],[136.1389,33.908],[136.1517,33.9122],[136.1504,33.9314],[136.164,33.9298],[136.1761,33.9125],[136.198,33.9221],[136.1968,33.936],[136.1807,33.9379],[136.2034,33.944],[136.2101,33.9313],[136.2199,33.9412],[136.2166,33.9466],[136.2318,33.9463],[136.219,33.9746],[136.2038,33.9647],[136.1929,33.9702],[136.2154,33.9832],[136.2102,33.9985],[136.2508,33.9827],[136.2355,33.9801],[136.2393,33.9687],[136.2709,33.9713],[136.2723,33.9884],[136.26,33.9886],[136.2712,34.0058],[136.2532,34.0068],[136.2445,34.0162],[136.2633,34.0107],[136.2809,34.0227],[136.2444,34.0384],[136.249,34.0635],[136.2109,34.0655],[136.2016,34.077],[136.2345,34.0858],[136.2275,34.0987],[136.2682,34.1291],[136.2744,34.1227],[136.2481,34.1029],[136.2507,34.0933],[136.2576,34.0878],[136.2667,34.1028],[136.2737,34.0828],[136.2801,34.0943],[136.2983,34.0905],[136.3132,34.1175],[136.2926,34.1125],[136.284,34.1181],[136.2918,34.1272],[136.2801,34.131],[136.2765,34.1395],[136.2846,34.148],[136.2776,34.1604],[136.2971,34.1655],[136.3029,34.1797],[136.3173,34.1795],[136.321,34.1861],[136.3317,34.1803],[136.3378,34.1972],[136.3227,34.1964],[136.3539,34.2082],[136.3507,34.1956],[136.356,34.1989],[136.3623,34.1894],[136.3891,34.2183],[136.3992,34.2185],[136.3937,34.2112],[136.4001,34.205],[136.435,34.221],[136.4554,34.2216],[136.4534,34.2451],[136.4404,34.2479],[136.4603,34.2475],[136.466,34.257],[136.4643,34.2311],[136.4828,34.228],[136.482,34.2199],[136.4959,34.2245],[136.5081,34.2311],[136.4907,34.2386],[136.5021,34.2427],[136.5001,34.2517],[136.4908,34.2522],[136.5025,34.2549],[136.5098,34.2428],[136.5193,34.2428],[136.5083,34.2525],[136.5056,34.279],[136.5192,34.2678],[136.5292,34.2733],[136.5287,34.2601],[136.5408,34.2776],[136.5378,34.2608],[136.5458,34.2532],[136.5576,34.268],[136.5484,34.2818],[136.5929,34.2924],[136.5938,34.2844],[136.5711,34.2779],[136.5806,34.2774],[136.5902,34.2694],[136.5811,34.275],[136.5859,34.2575],[136.6053,34.2586],[136.6182,34.2732],[136.635,34.2757],[136.6356,34.2846],[136.6582,34.2888],[136.6536,34.2968],[136.6745,34.3121],[136.6674,34.3166],[136.6557,34.3098],[136.6532,34.3166],[136.6369,34.3088],[136.6458,34.3165],[136.6583,34.3188],[136.6593,34.3263],[136.673,34.3264],[136.6655,34.3304],[136.6707,34.3372],[136.6569,34.3393],[136.6614,34.3455],[136.6722,34.3393],[136.6877,34.3436],[136.6788,34.3359],[136.6862,34.3355],[136.6857,34.3253],[136.6947,34.3357],[136.6938,34.3486],[136.7057,34.3487],[136.7067,34.3383],[136.7267,34.3432],[136.7205,34.3303],[136.6962,34.3199],[136.6909,34.2945],[136.6843,34.2932],[136.69,34.2876],[136.7115,34.2936],[136.7185,34.3039],[136.7509,34.2931],[136.7596,34.2972],[136.7583,34.306],[136.765,34.3046],[136.7626,34.3132],[136.7758,34.3139],[136.7731,34.2964],[136.7935,34.2889],[136.809,34.2978],[136.7976,34.3076],[136.8029,34.3189],[136.8052,34.3096],[136.825,34.3149],[136.8377,34.3079],[136.8482,34.3135],[136.848,34.3039],[136.829,34.303],[136.8328,34.2969],[136.8565,34.2878],[136.8638,34.2918],[136.8627,34.2859],[136.8379,34.2906],[136.833,34.2714],[136.8572,34.2773],[136.8357,34.261],[136.8296,34.271],[136.8174,34.2733],[136.8141,34.2661],[136.8137,34.272],[136.7709,34.2787],[136.7519,34.2725],[136.7654,34.2606],[136.8474,34.25],[136.853,34.2617],[136.8702,34.2627],[136.8699,34.2734],[136.9013,34.2789],[136.8843,34.3001],[136.8912,34.3106],[136.8778,34.3354],[136.9031,34.3628],[136.8921,34.3656],[136.8697,34.3446],[136.8625,34.3647],[136.8509,34.357],[136.8521,34.3686],[136.8342,34.3543],[136.8201,34.3578],[136.8471,34.372],[136.8554,34.3686],[136.8579,34.3638],[136.8763,34.3739],[136.8734,34.3842],[136.8816,34.3812],[136.8862,34.3885],[136.8974,34.3891],[136.898,34.3787],[136.9124,34.376],[136.909,34.3963],[136.9268,34.4147],[136.9189,34.4265],[136.9246,34.4442],[136.8971,34.4537],[136.8834,34.4346],[136.8842,34.4497],[136.8681,34.4558],[136.8666,34.4811],[136.8473,34.4805],[136.8313,34.5062],[136.8245,34.505],[136.8288,34.4928],[136.8204,34.4845],[136.8089,34.5083],[136.7769,34.5089],[136.716,34.5445],[136.6669,34.5583],[136.6404,34.5923],[136.5539,34.6145],[136.5488,34.6069],[136.5298,34.6085],[136.5492,34.631],[136.5484,34.6663],[136.5576,34.6714],[136.5216,34.6895],[136.5313,34.7468],[136.5549,34.788],[136.6316,34.8778],[136.6473,34.908],[136.6458,34.9344],[136.6669,34.937],[136.6631,34.9454],[136.6485,34.9468],[136.6411,34.9388],[136.6376,34.9464],[136.6518,34.9933],[136.6761,35.0084],[136.7,35.0072],[136.6977,35.0203],[136.7495,35.0365],[136.7631,35.0214],[136.7727,35.0244],[136.7534,35.053],[136.7496,35.0807],[136.6728,35.1348]]],[[[136.8986,34.5387],[136.8757,34.5293],[136.8719,34.5191],[136.8493,34.5083],[136.9021,34.5218],[136.8986,34.5387]]],[[[136.9041,34.5031],[136.8766,34.4933],[136.8731,34.4838],[136.8956,34.4839],[136.9096,34.4997],[136.9041,34.5031]]],[[[136.673,34.9979],[136.671,35.0023],[136.6528,34.9919],[136.6501,34.9773],[136.6656,34.9729],[136.677,34.9875],[136.6613,34.9935],[136.673,34.9979]]],[[[136.8596,34.4908],[136.8516,34.4885],[136.8538,34.4842],[136.8636,34.4855],[136.8596,34.4908]]],[[[136.9816,34.5522],[136.9773,34.5458],[136.9829,34.5427],[136.9877,34.5496],[136.9816,34.5522]]],[[[136.8202,34.3114],[136.8134,34.3092],[136.8111,34.3062],[136.8263,34.307],[136.8202,34.3114]]],[[[136.8763,34.3678],[136.8666,34.3658],[136.8737,34.3578],[136.877,34.3617],[136.8763,34.3678]]],[[[136.8179,34.2931],[136.8118,34.2896],[136.8204,34.2882],[136.8179,34.2931]]],[[[136.5506,34.2495],[136.5479,34.2481],[136.5494,34.2428],[136.5552,34.2449],[136.5506,34.2495]]],[[[136.3041,34.1637],[136.3002,34.1625],[136.3027,34.1571],[136.3056,34.1588],[136.3041,34.1637]]],[[[136.7186,34.3406],[136.7152,34.3383],[136.7134,34.3342],[136.7175,34.3348],[136.7186,34.3406]]]]}},{"id":24,"type":"Feature","properties":{"N03_001":"滋賀県","N03_007":"25000"},"geometry":{"type":"Polygon","coordinates":[[[136.2807,35.6586],[136.2344,35.6825],[136.2118,35.6825],[136.1853,35.7037],[136.1514,35.6984],[136.1345,35.6698],[136.1504,35.6589],[136.1775,35.595],[136.1665,35.5827],[136.1669,35.5654],[136.1155,35.5829],[136.1055,35.5554],[136.1072,35.5304],[136.0832,35.5406],[136.0692,35.5262],[136.0483,35.5345],[136.0283,35.5291],[136.0067,35.4918],[135.981,35.4867],[135.9727,35.5001],[135.9524,35.5062],[135.947,35.5205],[135.9396,35.5205],[135.916,35.4706],[135.9142,35.4321],[135.893,35.4198],[135.8906,35.4032],[135.8645,35.3944],[135.8543,35.4008],[135.8554,35.4095],[135.8132,35.413],[135.8075,35.3854],[135.7909,35.3866],[135.7641,35.3446],[135.7808,35.3406],[135.7909,35.3238],[135.8088,35.3169],[135.8296,35.2767],[135.8401,35.2756],[135.8551,35.2883],[135.8608,35.283],[135.8293,35.2205],[135.8468,35.1624],[135.8568,35.1536],[135.8351,35.0913],[135.8348,35.0556],[135.8154,35.0421],[135.8345,35.0221],[135.8355,35.0123],[135.8241,35.0088],[135.8366,35.0012],[135.8275,34.9911],[135.8493,34.9917],[135.8568,34.98],[135.8523,34.9714],[135.8787,34.9472],[135.8712,34.91],[135.8631,34.9037],[135.8675,34.8933],[135.8997,34.8714],[135.9403,34.8924],[135.947,34.8535],[135.9629,34.8531],[135.9715,34.8385],[136.0007,34.8451],[136.0054,34.8266],[136.0277,34.8218],[136.0103,34.7996],[136.0223,34.7915],[136.0906,34.8122],[136.0952,34.8191],[136.0862,34.8366],[136.1044,34.8406],[136.1083,34.8528],[136.1264,34.862],[136.1221,34.8727],[136.0989,34.8706],[136.0852,34.8788],[136.0862,34.8891],[136.0984,34.8895],[136.1063,34.9001],[136.1315,34.8831],[136.1808,34.8858],[136.1981,34.8699],[136.2507,34.8577],[136.2771,34.8742],[136.2891,34.8696],[136.3132,34.887],[136.3661,34.905],[136.3727,34.9423],[136.3948,34.9514],[136.4159,34.9808],[136.4238,35.0298],[136.4178,35.0495],[136.4416,35.0667],[136.4353,35.0825],[136.4421,35.0862],[136.44,35.1166],[136.448,35.1238],[136.4356,35.1307],[136.446,35.1499],[136.455,35.1524],[136.4547,35.1614],[136.4094,35.1877],[136.4151,35.2178],[136.3857,35.2351],[136.3791,35.2474],[136.3969,35.2579],[136.3911,35.2902],[136.4068,35.3053],[136.4223,35.3484],[136.411,35.3522],[136.4119,35.3699],[136.4441,35.3887],[136.4118,35.4186],[136.4262,35.4482],[136.4204,35.4662],[136.4018,35.4699],[136.3869,35.4884],[136.4056,35.5134],[136.4004,35.5301],[136.3843,35.5331],[136.3736,35.5594],[136.3625,35.5585],[136.3567,35.5399],[136.3461,35.5362],[136.3373,35.5503],[136.3175,35.5474],[136.3242,35.5851],[136.315,35.6057],[136.3237,35.6165],[136.3156,35.6234],[136.2886,35.6206],[136.2792,35.6367],[136.2807,35.6586]]]}},{"id":25,"type":"Feature","properties":{"N03_001":"京都府","N03_007":"26000"},"geometry":{"type":"MultiPolygon","coordinates":[[[[135.4866,35.5579],[135.4743,35.5569],[135.4651,35.5712],[135.4495,35.5723],[135.4627,35.6037],[135.4352,35.5884],[135.4268,35.5665],[135.4133,35.5701],[135.3901,35.5566],[135.3794,35.562],[135.3482,35.5429],[135.3404,35.5499],[135.3363,35.5321],[135.3495,35.5179],[135.3421,35.5074],[135.3798,35.5024],[135.3941,35.5172],[135.3982,35.4789],[135.3735,35.4769],[135.3796,35.4903],[135.351,35.4916],[135.3475,35.4753],[135.3167,35.4512],[135.3109,35.4581],[135.3321,35.4952],[135.3312,35.5168],[135.3234,35.5257],[135.3106,35.5123],[135.2896,35.5159],[135.2693,35.5333],[135.2404,35.5397],[135.2425,35.5602],[135.2611,35.5537],[135.2748,35.5602],[135.251,35.5704],[135.2476,35.5875],[135.2549,35.5881],[135.2562,35.5985],[135.2378,35.5816],[135.2278,35.5853],[135.2269,35.5697],[135.2042,35.5595],[135.2088,35.5427],[135.1925,35.5402],[135.1867,35.5572],[135.1927,35.571],[135.2448,35.6207],[135.2511,35.6454],[135.2676,35.6668],[135.2878,35.6756],[135.2945,35.6706],[135.2877,35.6648],[135.3034,35.6631],[135.2989,35.679],[135.3087,35.6938],[135.2874,35.7078],[135.2885,35.7243],[135.273,35.7324],[135.2737,35.7398],[135.2572,35.7444],[135.2551,35.759],[135.2211,35.7788],[135.2221,35.7725],[135.207,35.7639],[135.1961,35.7675],[135.1468,35.7499],[135.1386,35.7576],[135.1244,35.7457],[135.0858,35.7399],[135.0853,35.7258],[135.0592,35.7074],[135.0327,35.7003],[135.0256,35.6895],[134.9864,35.6921],[134.9667,35.6757],[134.9631,35.6622],[134.9286,35.6475],[134.8837,35.6466],[134.8857,35.6567],[134.8675,35.6582],[134.8739,35.6212],[134.854,35.5893],[134.9148,35.5449],[134.9151,35.5277],[134.9301,35.5117],[134.9582,35.513],[134.9934,35.5343],[135.0272,35.54],[135.0369,35.5386],[135.0429,35.52],[135.0452,35.5087],[135.0324,35.4976],[135.0422,35.4941],[135.0351,35.477],[135.0518,35.4425],[135.0487,35.4074],[135.03,35.4101],[135.0192,35.3941],[134.9905,35.3857],[134.9855,35.3962],[134.9589,35.4091],[134.9461,35.4133],[134.9323,35.4059],[134.9189,35.3644],[134.9235,35.3542],[134.9172,35.3402],[134.9281,35.3302],[134.9247,35.3117],[135.0073,35.2856],[135.0105,35.2697],[135.0375,35.2607],[135.0569,35.2645],[135.0679,35.2373],[135.1093,35.2663],[135.1573,35.2612],[135.167,35.2427],[135.1547,35.2267],[135.1971,35.203],[135.1991,35.1936],[135.1867,35.1902],[135.1873,35.1719],[135.2066,35.1606],[135.2286,35.1658],[135.232,35.1775],[135.2741,35.1772],[135.2892,35.1724],[135.2922,35.1613],[135.2785,35.1511],[135.2876,35.1427],[135.3409,35.1497],[135.3432,35.1356],[135.3898,35.1288],[135.3877,35.0991],[135.4043,35.089],[135.3995,35.0761],[135.3687,35.0549],[135.38,35.0391],[135.3816,35.0104],[135.4098,35.0115],[135.4228,35.0021],[135.4362,35.0084],[135.4875,34.9922],[135.4931,34.9877],[135.4832,34.9819],[135.4885,34.9666],[135.4819,34.9652],[135.4809,34.9503],[135.4946,34.9408],[135.5147,34.9437],[135.5173,34.9335],[135.537,34.9255],[135.5411,34.9153],[135.5813,34.9225],[135.581,34.937],[135.5647,34.933],[135.566,34.9401],[135.5572,34.9387],[135.5631,34.9537],[135.5786,34.9559],[135.5709,34.9698],[135.6133,34.9712],[135.6188,34.9588],[135.6011,34.9297],[135.633,34.9346],[135.6485,34.926],[135.6485,34.9096],[135.6746,34.9002],[135.6916,34.8533],[135.7102,34.8466],[135.7466,34.8012],[135.7286,34.778],[135.7333,34.7548],[135.7571,34.7359],[135.7548,34.7283],[135.792,34.7247],[135.849,34.706],[135.8761,34.7139],[135.8902,34.7094],[135.8974,34.7309],[135.9244,34.7577],[135.9239,34.7414],[135.9411,34.739],[135.9549,34.7483],[135.9583,34.7409],[135.981,34.7371],[135.9862,34.7153],[136.0093,34.7166],[136.0139,34.7078],[136.0268,34.7061],[136.0419,34.7343],[136.0555,34.7386],[136.0302,34.7559],[136.0336,34.7794],[136.0113,34.7958],[136.0277,34.8218],[136.0054,34.8266],[136.0007,34.8451],[135.9715,34.8385],[135.9629,34.8531],[135.947,34.8535],[135.9403,34.8924],[135.8997,34.8714],[135.8675,34.8933],[135.8631,34.9037],[135.8712,34.91],[135.8787,34.9472],[135.8523,34.9714],[135.8568,34.98],[135.8493,34.9917],[135.8275,34.9911],[135.8366,35.0012],[135.8241,35.0088],[135.8355,35.0123],[135.8345,35.0221],[135.8264,35.0236],[135.8159,35.0474],[135.8348,35.0556],[135.8351,35.0913],[135.8568,35.1536],[135.8468,35.1624],[135.8293,35.2205],[135.8374,35.226],[135.8352,35.2396],[135.8585,35.2871],[135.8296,35.2767],[135.8088,35.3169],[135.7909,35.3238],[135.7808,35.3406],[135.7641,35.3446],[135.7688,35.356],[135.7189,35.3553],[135.701,35.3437],[135.6424,35.3667],[135.5275,35.3802],[135.527,35.4184],[135.5021,35.42],[135.4978,35.4375],[135.4584,35.4689],[135.4763,35.4897],[135.4762,35.5055],[135.4499,35.5272],[135.4605,35.5485],[135.4866,35.5579]]],[[[135.4789,35.6051],[135.4766,35.596],[135.4805,35.593],[135.4814,35.6014],[135.4789,35.6051]]],[[[135.4252,35.6874],[135.4213,35.6802],[135.4234,35.6765],[135.4277,35.6814],[135.4252,35.6874]]]]}},{"id":26,"type":"Feature","properties":{"N03_001":"大阪府","N03_007":"27000"},"geometry":{"type":"MultiPolygon","coordinates":[[[[135.2651,34.4378],[135.2277,34.4135],[135.2191,34.4222],[135.2259,34.4291],[135.2216,34.4335],[135.2062,34.4231],[135.2012,34.4281],[135.2416,34.4552],[135.2524,34.4469],[135.2331,34.4316],[135.2518,34.4441],[135.2651,34.4378]]],[[[135.3281,34.4498],[135.3408,34.4669],[135.3391,34.4693],[135.3472,34.4587],[135.346,34.4547],[135.333,34.4447],[135.3281,34.4498]]],[[[135.3517,34.4743],[135.3531,34.48],[135.3596,34.4737],[135.3511,34.4657],[135.3517,34.4743]]],[[[135.3531,34.48],[135.3529,34.4802],[135.3544,34.4821],[135.3531,34.48]]],[[[135.3548,34.4827],[135.3548,34.4887],[135.3544,34.4821],[135.3548,34.4827]]],[[[135.3587,34.6278],[135.3457,34.6173],[135.3535,34.6322],[135.3587,34.6278]]],[[[135.3928,34.6418],[135.3789,34.6432],[135.3729,34.6521],[135.3796,34.6609],[135.4045,34.6537],[135.3928,34.6418]]],[[[135.3946,34.5325],[135.4027,34.5256],[135.395,34.5173],[135.3884,34.524],[135.3946,34.5325]]],[[[135.4177,34.5242],[135.3992,34.5365],[135.4093,34.5543],[135.4159,34.55],[135.4113,34.542],[135.4202,34.538],[135.4307,34.5538],[135.441,34.5542],[135.4177,34.5242]]],[[[135.417,34.6121],[135.4027,34.6121],[135.3897,34.6283],[135.4184,34.6195],[135.417,34.6121]]],[[[135.4407,34.6279],[135.4222,34.6219],[135.4075,34.6295],[135.4123,34.6372],[135.3985,34.6313],[135.3985,34.6382],[135.4324,34.644],[135.4407,34.6279]]],[[[135.3817,35.0262],[135.3816,35.0104],[135.4098,35.0115],[135.4228,35.0021],[135.4362,35.0084],[135.4875,34.9922],[135.4931,34.9877],[135.4832,34.9819],[135.4885,34.9666],[135.4819,34.9652],[135.4809,34.9503],[135.4946,34.9408],[135.5147,34.9437],[135.5173,34.9335],[135.537,34.9255],[135.5411,34.9153],[135.5813,34.9225],[135.581,34.937],[135.5647,34.933],[135.566,34.9401],[135.5572,34.9387],[135.5631,34.9537],[135.5786,34.9559],[135.5709,34.9698],[135.6133,34.9712],[135.6188,34.9588],[135.6011,34.9297],[135.633,34.9346],[135.6485,34.926],[135.6485,34.9096],[135.6746,34.9002],[135.6827,34.8878],[135.6825,34.8721],[135.6911,34.8685],[135.6956,34.8482],[135.7102,34.8466],[135.7466,34.8012],[135.7278,34.7766],[135.712,34.7813],[135.7066,34.7723],[135.7102,34.7559],[135.6969,34.7414],[135.7017,34.7217],[135.6734,34.7023],[135.6787,34.6778],[135.651,34.61],[135.6523,34.604],[135.6749,34.6017],[135.6818,34.5848],[135.6569,34.5623],[135.6503,34.5442],[135.6769,34.5255],[135.673,34.5029],[135.6848,34.4836],[135.6867,34.4488],[135.6653,34.4242],[135.6802,34.4089],[135.6547,34.3838],[135.5771,34.376],[135.509,34.3368],[135.4854,34.3628],[135.4701,34.3505],[135.4092,34.3419],[135.4054,34.3339],[135.3868,34.3291],[135.3387,34.334],[135.3281,34.3186],[135.304,34.3137],[135.2976,34.3008],[135.2916,34.2995],[135.2828,34.3179],[135.2542,34.3158],[135.225,34.3009],[135.2082,34.306],[135.2027,34.2876],[135.1807,34.2799],[135.1574,34.2771],[135.1465,34.2837],[135.1366,34.2735],[135.1103,34.2738],[135.0969,34.2971],[135.1059,34.3089],[135.0928,34.312],[135.1015,34.3193],[135.1306,34.3262],[135.1413,34.3182],[135.1529,34.3311],[135.2215,34.3465],[135.2472,34.375],[135.2869,34.3963],[135.2945,34.4151],[135.3196,34.4227],[135.318,34.4309],[135.3229,34.4279],[135.3249,34.4369],[135.3325,34.435],[135.3371,34.4458],[135.3535,34.4513],[135.3608,34.4616],[135.3562,34.4642],[135.3702,34.4678],[135.3638,34.4776],[135.3769,34.4786],[135.3709,34.5027],[135.3786,34.5085],[135.3672,34.517],[135.3783,34.5319],[135.386,34.5175],[135.3817,34.5117],[135.397,34.509],[135.401,34.5168],[135.4053,34.5103],[135.4104,34.5229],[135.4186,34.5193],[135.4422,34.5478],[135.4448,34.5572],[135.4105,34.5607],[135.4021,34.5997],[135.4158,34.5937],[135.4208,34.5697],[135.4294,34.5707],[135.4262,34.5896],[135.4415,34.5829],[135.4494,34.568],[135.4518,34.5919],[135.4255,34.5933],[135.4235,34.6049],[135.4466,34.6019],[135.4375,34.6108],[135.4234,34.6108],[135.4234,34.619],[135.433,34.613],[135.4313,34.6218],[135.4413,34.6262],[135.4476,34.6179],[135.4482,34.6307],[135.4536,34.6292],[135.4499,34.6467],[135.4192,34.6534],[135.4205,34.6602],[135.4144,34.6521],[135.4167,34.6732],[135.4083,34.6718],[135.4223,34.6796],[135.4073,34.6971],[135.4458,34.7181],[135.449,34.7341],[135.4593,34.7335],[135.4602,34.7479],[135.4447,34.7685],[135.4417,34.7889],[135.416,34.8177],[135.4238,34.83],[135.4186,34.8495],[135.4314,34.8564],[135.4458,34.8965],[135.4326,34.8917],[135.4191,34.9098],[135.4393,34.9205],[135.4621,34.9179],[135.4685,34.9254],[135.4416,34.9394],[135.4185,34.9339],[135.4073,34.9437],[135.3924,34.9414],[135.3819,34.9562],[135.3607,34.9544],[135.3451,34.9668],[135.3595,34.9825],[135.3526,34.9904],[135.3547,35.0246],[135.3398,35.0259],[135.3337,35.0397],[135.3595,35.0501],[135.376,35.0441],[135.3817,35.0262]]],[[[135.3881,34.6678],[135.4026,34.6732],[135.4098,34.659],[135.3879,34.6628],[135.3881,34.6678]]]]}},{"id":27,"type":"Feature","properties":{"N03_001":"兵庫県","N03_007":"28000"},"geometry":{"type":"MultiPolygon","coordinates":[[[[134.9447,34.6617],[134.9726,34.6438],[135.0185,34.6433],[135.0516,34.6245],[135.1111,34.6411],[135.1833,34.6496],[135.1798,34.6624],[135.1874,34.6669],[135.1776,34.6704],[135.1894,34.6723],[135.1844,34.682],[135.2075,34.6843],[135.2189,34.6955],[135.2383,34.6933],[135.2398,34.7014],[135.2881,34.7039],[135.2943,34.7194],[135.3055,34.7185],[135.306,34.7145],[135.3239,34.7181],[135.3239,34.7247],[135.3389,34.7223],[135.3639,34.7051],[135.3539,34.6968],[135.3632,34.6885],[135.3685,34.6964],[135.3737,34.693],[135.3713,34.6809],[135.3776,34.6927],[135.4012,34.6992],[135.3762,34.6767],[135.392,34.6801],[135.4129,34.702],[135.4458,34.7181],[135.449,34.7341],[135.4593,34.7335],[135.4593,34.752],[135.4447,34.7685],[135.4417,34.7889],[135.416,34.8177],[135.4238,34.83],[135.4186,34.8495],[135.4314,34.8564],[135.4458,34.8965],[135.4326,34.8917],[135.4191,34.9098],[135.4393,34.9205],[135.4621,34.9179],[135.4685,34.9254],[135.4416,34.9394],[135.4185,34.9339],[135.4073,34.9437],[135.3924,34.9414],[135.3819,34.9562],[135.3607,34.9544],[135.3451,34.9668],[135.3595,34.9825],[135.3526,34.9904],[135.3547,35.0246],[135.3398,35.0259],[135.3336,35.0352],[135.3495,35.0509],[135.3712,35.0453],[135.3766,35.066],[135.3995,35.0761],[135.4043,35.089],[135.3877,35.0991],[135.3912,35.1265],[135.3432,35.1356],[135.3409,35.1497],[135.2876,35.1427],[135.2785,35.1511],[135.2922,35.1613],[135.2892,35.1724],[135.2741,35.1772],[135.232,35.1775],[135.2286,35.1658],[135.2066,35.1606],[135.1873,35.1719],[135.1867,35.1902],[135.1991,35.1936],[135.1971,35.203],[135.1547,35.2267],[135.167,35.2427],[135.1573,35.2612],[135.1093,35.2663],[135.0679,35.2373],[135.0569,35.2645],[135.0375,35.2607],[135.0105,35.2697],[135.0073,35.2856],[134.9247,35.3117],[134.9281,35.3302],[134.9172,35.3402],[134.9235,35.3542],[134.9189,35.3644],[134.9323,35.4059],[134.9461,35.4133],[134.9589,35.4091],[134.9855,35.3962],[134.9905,35.3857],[135.0192,35.3941],[135.03,35.4101],[135.0487,35.4074],[135.0518,35.4425],[135.0351,35.477],[135.0422,35.4941],[135.0324,35.4976],[135.0452,35.5087],[135.0369,35.5386],[135.0272,35.54],[134.9934,35.5343],[134.9582,35.513],[134.9233,35.5163],[134.9148,35.5449],[134.854,35.5893],[134.8739,35.6212],[134.8675,35.6582],[134.8508,35.6558],[134.8424,35.6427],[134.8336,35.6488],[134.8369,35.6566],[134.7965,35.67],[134.7739,35.6589],[134.761,35.6642],[134.7329,35.6587],[134.725,35.667],[134.7082,35.6639],[134.7048,35.6529],[134.694,35.6552],[134.6941,35.665],[134.687,35.6565],[134.6726,35.6595],[134.6632,35.6481],[134.664,35.6668],[134.6216,35.6396],[134.6007,35.658],[134.5786,35.6602],[134.5761,35.6523],[134.5709,35.657],[134.5582,35.6511],[134.539,35.6702],[134.5055,35.6614],[134.4531,35.629],[134.4348,35.6333],[134.434,35.621],[134.37,35.6146],[134.4016,35.595],[134.4083,35.5873],[134.4051,35.5707],[134.4215,35.5629],[134.4233,35.5349],[134.4138,35.5138],[134.4309,35.5025],[134.4396,35.444],[134.4799,35.425],[134.4714,35.38],[134.5135,35.3541],[134.5019,35.3265],[134.5148,35.3077],[134.5093,35.2938],[134.5152,35.2772],[134.4867,35.2627],[134.4618,35.2431],[134.4638,35.2374],[134.4353,35.2292],[134.4028,35.241],[134.397,35.2276],[134.3825,35.2217],[134.3837,35.1939],[134.4125,35.1842],[134.4062,35.1658],[134.4116,35.152],[134.3674,35.147],[134.3495,35.0902],[134.3191,35.0834],[134.3163,35.0432],[134.2812,35.0369],[134.2644,35.0167],[134.2658,35.005],[134.2824,34.9966],[134.2711,34.9839],[134.2769,34.9633],[134.2537,34.9391],[134.2731,34.9325],[134.295,34.9075],[134.2644,34.8852],[134.2671,34.8755],[134.2546,34.8493],[134.261,34.847],[134.2638,34.8267],[134.2833,34.8298],[134.3164,34.8026],[134.3158,34.7811],[134.3348,34.7689],[134.3215,34.7617],[134.313,34.7384],[134.3237,34.731],[134.3217,34.7219],[134.3397,34.7389],[134.3638,34.7408],[134.3577,34.751],[134.3853,34.7261],[134.4162,34.7313],[134.4344,34.7476],[134.4261,34.7552],[134.4331,34.7662],[134.4554,34.7671],[134.4518,34.7537],[134.4643,34.7643],[134.4573,34.7858],[134.4679,34.7983],[134.4761,34.7871],[134.4697,34.7843],[134.4735,34.756],[134.4997,34.7745],[134.5047,34.7612],[134.5268,34.7827],[134.57,34.7579],[134.5864,34.7619],[134.5848,34.7687],[134.6035,34.7747],[134.6115,34.7678],[134.6286,34.7731],[134.6224,34.7838],[134.6423,34.7838],[134.632,34.7775],[134.6334,34.7673],[134.6457,34.7673],[134.6556,34.7884],[134.6526,34.7706],[134.6635,34.7847],[134.6703,34.78],[134.6597,34.7738],[134.6679,34.7706],[134.6853,34.7782],[134.6928,34.7702],[134.7115,34.7766],[134.7661,34.7606],[134.7572,34.7518],[134.811,34.732],[134.8088,34.7185],[134.8266,34.7063],[134.8482,34.7196],[134.9076,34.6765],[134.9447,34.6617]]],[[[135.0043,34.6083],[134.9766,34.5981],[134.9351,34.5494],[134.8791,34.5243],[134.847,34.4769],[134.836,34.4667],[134.8186,34.4683],[134.7985,34.4487],[134.7309,34.3346],[134.7061,34.3211],[134.6899,34.3293],[134.6584,34.2946],[134.6594,34.2724],[134.6718,34.2686],[134.6744,34.2449],[134.6951,34.2479],[134.7008,34.2414],[134.7181,34.2567],[134.7217,34.2415],[134.7102,34.2389],[134.6998,34.2222],[134.7307,34.2066],[134.7293,34.1902],[134.8004,34.2],[134.8463,34.231],[134.9516,34.2665],[134.944,34.2971],[134.921,34.3114],[134.9149,34.3365],[134.8937,34.3532],[134.8957,34.413],[134.9112,34.4297],[134.9065,34.4335],[134.9159,34.4347],[134.924,34.4441],[134.9193,34.4472],[134.9398,34.4587],[134.953,34.4827],[134.9796,34.5036],[134.9926,34.5226],[134.9954,34.5456],[135.0257,34.5766],[135.0043,34.6083]]],[[[135.22,34.6828],[135.2014,34.6736],[135.2023,34.6592],[135.2172,34.6501],[135.2451,34.6508],[135.2389,34.6612],[135.2282,34.658],[135.2364,34.6653],[135.2334,34.6711],[135.2211,34.6673],[135.2319,34.6734],[135.2178,34.6727],[135.2255,34.6779],[135.22,34.6828]]],[[[134.4873,34.6716],[134.4804,34.6589],[134.4638,34.6642],[134.4649,34.6411],[134.4808,34.6499],[134.5009,34.6455],[134.4901,34.6583],[134.496,34.6679],[134.4873,34.6716]]],[[[135.2814,34.6973],[135.2522,34.6933],[135.2545,34.6778],[135.2905,34.6817],[135.2788,34.6897],[135.2891,34.6909],[135.2814,34.6973]]],[[[134.5356,34.6866],[134.5105,34.6767],[134.5419,34.6582],[134.5454,34.6741],[134.544,34.6797],[134.5321,34.6768],[134.5356,34.6866]]],[[[134.5734,34.6767],[134.5624,34.6638],[134.576,34.6509],[134.5904,34.6681],[134.5734,34.6767]]],[[[135.2365,34.6408],[135.2135,34.64],[135.2093,34.6301],[135.2387,34.6324],[135.2365,34.6408]]],[[[134.8215,34.1795],[134.8116,34.1652],[134.8112,34.1571],[134.8306,34.1646],[134.8215,34.1795]]],[[[134.8715,34.7008],[134.8649,34.7028],[134.869,34.6958],[134.8574,34.692],[134.8776,34.6844],[134.884,34.6919],[134.8715,34.7008]]],[[[134.8556,34.7103],[134.8479,34.7123],[134.8532,34.7057],[134.8459,34.7083],[134.84,34.6967],[134.8532,34.6941],[134.8621,34.7074],[134.8556,34.7103]]],[[[134.5156,34.6596],[134.5022,34.6433],[134.5145,34.6365],[134.5127,34.6504],[134.519,34.6545],[134.5156,34.6596]]],[[[135.3303,34.7221],[135.3249,34.7104],[135.3388,34.7109],[135.3402,34.718],[135.3303,34.7221]]],[[[135.304,34.71],[135.3033,34.7169],[135.2939,34.7176],[135.2936,34.7045],[135.304,34.71]]],[[[135.3221,34.7121],[135.322,34.7164],[135.3062,34.7133],[135.321,34.7049],[135.3221,34.7121]]],[[[134.6055,34.7722],[134.5931,34.7695],[134.5963,34.7597],[134.6063,34.7664],[134.6055,34.7722]]],[[[135.2802,34.6513],[135.2805,34.6661],[135.2745,34.6654],[135.2768,34.6513],[135.2802,34.6513]]],[[[134.702,34.7708],[134.6927,34.7683],[134.6908,34.7602],[134.6979,34.76],[134.702,34.7708]]],[[[135.3436,34.7153],[135.3424,34.7137],[135.3471,34.7029],[135.3531,34.7073],[135.3436,34.7153]]],[[[134.6634,34.7654],[134.6675,34.7702],[134.6618,34.7724],[134.6572,34.7652],[134.6634,34.7654]]],[[[134.484,34.5999],[134.4795,34.5996],[134.4764,34.5931],[134.4822,34.5939],[134.484,34.5999]]],[[[134.9478,34.298],[134.9472,34.2931],[134.9525,34.2927],[134.9478,34.298]]],[[[134.4411,34.6539],[134.4346,34.6519],[134.4332,34.6496],[134.4413,34.6488],[134.4411,34.6539]]],[[[134.501,34.6361],[134.4977,34.6352],[134.4963,34.631],[134.5003,34.6308],[134.501,34.6361]]],[[[134.5337,34.6465],[134.5306,34.6457],[134.5305,34.6421],[134.5343,34.6433],[134.5337,34.6465]]]]}},{"id":28,"type":"Feature","properties":{"N03_001":"奈良県","N03_007":"29000"},"geometry":{"type":"Polygon","coordinates":[[[135.7286,34.778],[135.712,34.7813],[135.7102,34.7559],[135.6978,34.7495],[135.7017,34.7217],[135.6734,34.7023],[135.6787,34.6778],[135.651,34.61],[135.6523,34.604],[135.6749,34.6017],[135.6818,34.5848],[135.6569,34.5623],[135.6503,34.5442],[135.6769,34.5255],[135.673,34.5029],[135.6848,34.4836],[135.687,34.4515],[135.6786,34.4324],[135.6653,34.4242],[135.6802,34.4089],[135.6755,34.3995],[135.6511,34.3832],[135.6635,34.3554],[135.6603,34.3269],[135.6681,34.3258],[135.6771,34.2746],[135.6894,34.2717],[135.6925,34.2783],[135.7184,34.2633],[135.7275,34.2207],[135.7078,34.2082],[135.6777,34.2234],[135.6481,34.219],[135.6345,34.2046],[135.6451,34.1907],[135.642,34.1832],[135.6286,34.1769],[135.6219,34.1584],[135.5909,34.149],[135.5788,34.1164],[135.5497,34.1006],[135.5498,34.085],[135.5397,34.0754],[135.5671,34.0573],[135.5805,34.0579],[135.5997,34.032],[135.5936,34.0133],[135.6218,34.0098],[135.6367,33.9899],[135.637,33.9506],[135.6181,33.9546],[135.6102,33.9129],[135.6,33.9083],[135.6062,33.8991],[135.6229,33.898],[135.6268,33.8847],[135.618,33.8721],[135.648,33.8769],[135.6622,33.8891],[135.6606,33.8976],[135.6854,33.9037],[135.7241,33.9033],[135.7559,33.8852],[135.8018,33.8958],[135.8086,33.9065],[135.8522,33.8926],[135.8622,33.8627],[135.8731,33.8592],[135.8827,33.8789],[135.8716,33.8887],[135.8615,33.8871],[135.8656,33.92],[135.8939,33.9062],[135.8937,33.92],[135.9091,33.9185],[135.8925,33.946],[135.9221,33.9785],[135.9436,33.9765],[135.9846,33.9916],[136.0196,34.0368],[136.0317,34.0319],[136.0435,34.0407],[136.0964,34.0225],[136.1045,34.027],[136.0922,34.0482],[136.0933,34.0829],[136.1172,34.0842],[136.1024,34.096],[136.1079,34.1031],[136.0997,34.1204],[136.1084,34.1268],[136.1019,34.1413],[136.1147,34.1608],[136.1056,34.1716],[136.1089,34.1851],[136.0927,34.1904],[136.0976,34.2025],[136.1187,34.2155],[136.1107,34.2293],[136.1303,34.2429],[136.1318,34.2519],[136.1181,34.2606],[136.1218,34.2671],[136.0978,34.2888],[136.0949,34.3014],[136.1295,34.3162],[136.1024,34.3361],[136.0861,34.3796],[136.0691,34.3943],[136.0903,34.4161],[136.0887,34.4287],[136.0959,34.4352],[136.1313,34.4451],[136.1514,34.4418],[136.1582,34.449],[136.2054,34.4483],[136.2156,34.4811],[136.229,34.4947],[136.2147,34.5013],[136.2166,34.528],[136.1821,34.5168],[136.1677,34.5209],[136.1718,34.5348],[136.1555,34.5597],[136.1136,34.5464],[136.1106,34.5565],[136.0833,34.5593],[136.0498,34.5803],[136.0466,34.6006],[136.0736,34.6341],[136.0649,34.6516],[136.041,34.6592],[136.0645,34.652],[136.0778,34.6588],[136.0865,34.6753],[136.0751,34.6977],[136.0542,34.7062],[136.0711,34.7147],[136.0555,34.7386],[136.0419,34.7343],[136.0268,34.7061],[136.0139,34.7078],[136.0093,34.7166],[135.9862,34.7153],[135.981,34.7371],[135.9728,34.7421],[135.9583,34.7409],[135.9549,34.7483],[135.9411,34.739],[135.9239,34.7414],[135.9244,34.7577],[135.8974,34.7309],[135.8902,34.7094],[135.8761,34.7139],[135.849,34.706],[135.792,34.7247],[135.7548,34.7283],[135.7571,34.7359],[135.7333,34.7548],[135.7286,34.778]]]}},{"id":29,"type":"Feature","properties":{"N03_001":"和歌山県","N03_007":"30000"},"geometry":{"type":"MultiPolygon","coordinates":[[[[135.6511,34.3832],[135.5771,34.376],[135.509,34.3368],[135.4854,34.3628],[135.4701,34.3505],[135.4092,34.3419],[135.4054,34.3339],[135.3868,34.3291],[135.3422,34.3351],[135.3281,34.3186],[135.304,34.3137],[135.2976,34.3008],[135.2916,34.2995],[135.2828,34.3179],[135.2542,34.3158],[135.225,34.3009],[135.2082,34.306],[135.2027,34.2876],[135.1896,34.2828],[135.1574,34.2771],[135.1465,34.2837],[135.1321,34.2724],[135.1103,34.2738],[135.0969,34.2971],[135.1064,34.3058],[135.1027,34.3109],[135.0743,34.3054],[135.0681,34.2908],[135.0743,34.281],[135.0627,34.2624],[135.0896,34.2608],[135.1231,34.2416],[135.1327,34.2299],[135.1283,34.2273],[135.1004,34.2356],[135.1104,34.227],[135.1395,34.2254],[135.1335,34.2191],[135.1435,34.2193],[135.1399,34.2121],[135.1501,34.2003],[135.1498,34.1946],[135.1372,34.2011],[135.1426,34.1867],[135.18,34.1869],[135.1869,34.1565],[135.1842,34.1484],[135.2012,34.1516],[135.2095,34.1494],[135.1668,34.1343],[135.1261,34.1368],[135.1218,34.1305],[135.1312,34.1313],[135.131,34.1221],[135.1447,34.1116],[135.1143,34.1191],[135.1079,34.0983],[135.0967,34.0912],[135.087,34.0698],[135.1359,34.0646],[135.1464,34.0561],[135.1462,34.0453],[135.1577,34.0473],[135.1708,34.0322],[135.1369,34.0169],[135.1477,34.0053],[135.1077,33.9889],[135.0935,33.9932],[135.0881,33.9792],[135.0722,33.9775],[135.086,33.9674],[135.074,33.9591],[135.08,33.9558],[135.1018,33.9643],[135.1144,33.9568],[135.089,33.9491],[135.085,33.9352],[135.0683,33.9317],[135.0699,33.9247],[135.0797,33.9244],[135.0832,33.9097],[135.0762,33.9031],[135.059,33.9049],[135.0649,33.8962],[135.057,33.8887],[135.0608,33.8798],[135.0801,33.8909],[135.1119,33.8934],[135.1419,33.8848],[135.1861,33.8195],[135.207,33.8092],[135.2184,33.8128],[135.2359,33.7979],[135.2382,33.7805],[135.2707,33.7826],[135.2979,33.7674],[135.3171,33.7677],[135.3305,33.7442],[135.3482,33.7473],[135.3574,33.74],[135.3521,33.7275],[135.3731,33.7295],[135.3892,33.7156],[135.3962,33.7223],[135.3949,33.7024],[135.3871,33.6956],[135.3773,33.6951],[135.3797,33.6901],[135.3636,33.6794],[135.3558,33.6921],[135.3341,33.6925],[135.3444,33.6818],[135.3297,33.6703],[135.3426,33.6588],[135.3914,33.643],[135.3902,33.6173],[135.3978,33.6161],[135.386,33.6],[135.3926,33.5886],[135.41,33.5756],[135.4167,33.5806],[135.4193,33.5697],[135.4439,33.5632],[135.4464,33.5489],[135.4917,33.5488],[135.4913,33.5401],[135.5089,33.5354],[135.518,33.5219],[135.5695,33.5174],[135.5789,33.5071],[135.6261,33.5031],[135.6282,33.5082],[135.6632,33.4907],[135.699,33.4904],[135.7271,33.4774],[135.7593,33.4844],[135.7765,33.4634],[135.75,33.4494],[135.7538,33.4364],[135.7647,33.4354],[135.771,33.4472],[135.7835,33.4397],[135.7933,33.4478],[135.7812,33.4633],[135.7971,33.4968],[135.9125,33.55],[135.9226,33.5623],[135.8918,33.5558],[135.9214,33.5746],[135.9596,33.5821],[135.9607,33.5935],[135.9504,33.5896],[135.9489,33.6024],[135.9348,33.5937],[135.9261,33.6051],[135.9451,33.6192],[135.9449,33.6279],[135.9531,33.6263],[135.9365,33.6402],[135.961,33.6545],[135.9862,33.6552],[135.9738,33.6707],[136.0119,33.7233],[135.9833,33.7364],[135.973,33.7354],[135.9732,33.723],[135.9459,33.732],[135.9389,33.7563],[135.9284,33.754],[135.9057,33.7685],[135.8909,33.8017],[135.858,33.8162],[135.8606,33.849],[135.8533,33.8623],[135.8589,33.8685],[135.8463,33.8967],[135.8086,33.9065],[135.8018,33.8958],[135.7559,33.8852],[135.7241,33.9033],[135.6854,33.9037],[135.6606,33.8976],[135.6622,33.8891],[135.648,33.8769],[135.618,33.8721],[135.6268,33.8847],[135.6229,33.898],[135.6011,33.9026],[135.6102,33.9129],[135.6181,33.9546],[135.637,33.9506],[135.6367,33.9899],[135.6218,34.0098],[135.5936,34.0133],[135.5997,34.032],[135.5805,34.0579],[135.5671,34.0573],[135.5397,34.0754],[135.5498,34.085],[135.5497,34.1006],[135.5788,34.1164],[135.5909,34.149],[135.6219,34.1584],[135.6286,34.1769],[135.642,34.1832],[135.6451,34.1907],[135.6345,34.2046],[135.6481,34.219],[135.6777,34.2234],[135.7078,34.2082],[135.7275,34.2207],[135.73,34.2316],[135.7184,34.2633],[135.6925,34.2783],[135.6828,34.2702],[135.6728,34.2815],[135.6681,34.3258],[135.659,34.334],[135.6635,34.3554],[135.6511,34.3832]]],[[[135.9091,33.9185],[135.9325,33.9169],[135.9327,33.9227],[135.9173,33.9251],[135.9296,33.9414],[135.9698,33.93],[135.9776,33.967],[136.0014,33.9572],[136.0133,33.9692],[135.9962,34.0023],[136.0069,34.0074],[135.9895,34.0023],[135.9746,33.986],[135.9221,33.9785],[135.8925,33.946],[135.9091,33.9185]]],[[[135.8808,33.9094],[135.8802,33.9179],[135.8656,33.92],[135.8689,33.9145],[135.8587,33.9012],[135.8615,33.8871],[135.8716,33.8887],[135.8827,33.8789],[135.8748,33.8729],[135.8748,33.8616],[135.8811,33.8725],[135.8976,33.8698],[135.9016,33.882],[135.8931,33.8935],[135.8865,33.8827],[135.8808,33.9094]]],[[[135.8117,33.4814],[135.7976,33.4636],[135.8209,33.4623],[135.8216,33.4524],[135.8314,33.449],[135.8292,33.4562],[135.854,33.4617],[135.861,33.4707],[135.8117,33.4814]]],[[[135.0208,34.2931],[135.0123,34.2837],[134.9994,34.2814],[135.0116,34.2765],[135.0208,34.2931]]],[[[135.0553,34.2992],[135.0374,34.2986],[135.0356,34.2968],[135.0438,34.292],[135.0553,34.2992]]],[[[135.1027,34.1181],[135.0973,34.1122],[135.1003,34.1082],[135.1052,34.1102],[135.1027,34.1181]]],[[[135.1433,33.8633],[135.1477,33.8568],[135.155,33.8582],[135.1554,33.8623],[135.1433,33.8633]]],[[[135.0937,34.0079],[135.0931,34.0029],[135.1018,34.005],[135.095,34.0059],[135.0937,34.0079]]],[[[135.1838,34.1526],[135.1826,34.1558],[135.1769,34.1521],[135.1814,34.1508],[135.1838,34.1526]]],[[[135.8187,33.4526],[135.8123,33.4497],[135.817,33.4477],[135.8187,33.4526]]],[[[135.0771,34.1153],[135.0789,34.11],[135.0838,34.1142],[135.0771,34.1153]]]]}},{"id":30,"type":"Feature","properties":{"N03_001":"鳥取県","N03_007":"31000"},"geometry":{"type":"Polygon","coordinates":[[[134.4028,35.241],[134.4353,35.2292],[134.4638,35.2374],[134.4618,35.2431],[134.4867,35.2627],[134.5152,35.2772],[134.5093,35.2938],[134.5148,35.3077],[134.5019,35.3265],[134.5135,35.3541],[134.4714,35.38],[134.4799,35.425],[134.4396,35.444],[134.4309,35.5025],[134.4138,35.5138],[134.4233,35.5349],[134.4215,35.5629],[134.4051,35.5707],[134.4083,35.5873],[134.4016,35.595],[134.37,35.6146],[134.3664,35.6021],[134.3445,35.6062],[134.3315,35.5911],[134.2969,35.5901],[134.2874,35.5735],[134.2576,35.5546],[134.0767,35.5209],[134.0218,35.5197],[134.0084,35.5377],[133.9956,35.5242],[133.9616,35.5252],[133.9198,35.5093],[133.7552,35.5008],[133.6719,35.5064],[133.5906,35.532],[133.568,35.5304],[133.4977,35.5157],[133.4726,35.499],[133.4464,35.4942],[133.4331,35.4821],[133.4277,35.4629],[133.4025,35.4533],[133.2935,35.4778],[133.2534,35.5129],[133.2606,35.5198],[133.2558,35.5283],[133.2463,35.5277],[133.2446,35.5351],[133.2708,35.5525],[133.2277,35.5489],[133.1981,35.5287],[133.2225,35.4802],[133.272,35.446],[133.3087,35.4309],[133.3206,35.4103],[133.3136,35.3874],[133.3242,35.3735],[133.296,35.3494],[133.2986,35.3251],[133.2926,35.3207],[133.3069,35.3035],[133.2995,35.2923],[133.3106,35.2679],[133.2752,35.2578],[133.2587,35.2614],[133.1525,35.2188],[133.1529,35.2038],[133.1718,35.2087],[133.1808,35.2027],[133.1949,35.1699],[133.1842,35.1569],[133.1484,35.1398],[133.1363,35.0696],[133.142,35.0647],[133.1612,35.0741],[133.1795,35.0673],[133.2149,35.0739],[133.2272,35.0682],[133.2488,35.0787],[133.2691,35.0577],[133.2908,35.0709],[133.2909,35.1004],[133.3255,35.0935],[133.3382,35.1066],[133.3549,35.1008],[133.3788,35.1147],[133.4034,35.1143],[133.4118,35.1211],[133.4112,35.1388],[133.3934,35.1691],[133.3961,35.1806],[133.4156,35.1847],[133.4222,35.1761],[133.4476,35.1713],[133.5081,35.1931],[133.5263,35.1831],[133.5215,35.2106],[133.5055,35.2282],[133.5172,35.2407],[133.5348,35.2367],[133.5618,35.2489],[133.5768,35.3144],[133.5968,35.345],[133.6492,35.3363],[133.6774,35.3193],[133.6961,35.3269],[133.7271,35.317],[133.745,35.3196],[133.7837,35.2948],[133.7999,35.2927],[133.8182,35.2526],[133.8321,35.2488],[133.8446,35.2495],[133.8659,35.2723],[133.862,35.2924],[133.9252,35.3069],[133.9315,35.3332],[133.9453,35.3326],[133.9648,35.3467],[134.0079,35.3515],[134.0157,35.3487],[134.0154,35.3339],[133.9995,35.3146],[134.0078,35.3084],[134.0702,35.2973],[134.0978,35.3057],[134.1138,35.286],[134.1398,35.2788],[134.1376,35.2696],[134.1506,35.258],[134.1375,35.2392],[134.1642,35.228],[134.1531,35.2002],[134.1725,35.1697],[134.1899,35.1759],[134.1928,35.1886],[134.2216,35.1904],[134.2609,35.2105],[134.2785,35.1969],[134.3227,35.2028],[134.3365,35.2195],[134.3689,35.2317],[134.3732,35.2459],[134.3897,35.2521],[134.4028,35.241]]]}},{"id":31,"type":"Feature","properties":{"N03_001":"島根県","N03_007":"32000"},"geometry":{"type":"MultiPolygon","coordinates":[[[[133.2446,35.5491],[133.3268,35.568],[133.2676,35.5787],[133.2549,35.5699],[133.252,35.5755],[133.225,35.5711],[133.2319,35.5767],[133.2176,35.5801],[133.2109,35.5671],[133.195,35.5679],[133.1926,35.5801],[133.187,35.5777],[133.1902,35.5617],[133.1836,35.5673],[133.1671,35.563],[133.1615,35.5719],[133.16,35.563],[133.1413,35.5609],[133.1299,35.5772],[133.1341,35.5817],[133.1223,35.5783],[133.1145,35.594],[133.0902,35.6038],[133.084,35.6017],[133.0983,35.5889],[133.0916,35.5884],[133.0959,35.5782],[133.0686,35.5839],[133.0475,35.5778],[133.0607,35.5672],[133.0489,35.5543],[133.0345,35.5589],[133.027,35.5389],[132.9679,35.5433],[132.9714,35.5159],[132.9205,35.5183],[132.831,35.505],[132.8003,35.4837],[132.7315,35.4693],[132.7571,35.4561],[132.7534,35.4476],[132.709,35.4414],[132.6849,35.4517],[132.6841,35.4437],[132.6585,35.4447],[132.6454,35.4328],[132.6274,35.4329],[132.6228,35.4186],[132.6602,35.4085],[132.6717,35.4007],[132.6748,35.3874],[132.6625,35.331],[132.6285,35.2879],[132.5387,35.2571],[132.5275,35.2421],[132.4983,35.2276],[132.4874,35.2305],[132.4509,35.1991],[132.4214,35.189],[132.4032,35.1696],[132.4044,35.1601],[132.3839,35.1473],[132.3894,35.1317],[132.3368,35.1014],[132.3108,35.0578],[132.2692,35.0393],[132.2363,35.0346],[132.1479,34.9662],[132.1108,34.9505],[132.1063,34.9355],[132.0932,34.9346],[132.0748,34.9188],[132.0766,34.9046],[132.0635,34.9042],[132.0706,34.8922],[132.0575,34.889],[132.0568,34.873],[132.0443,34.8722],[132.0462,34.8783],[132.036,34.8821],[132.0138,34.8703],[132.0081,34.8473],[131.9939,34.841],[131.9892,34.8278],[131.9546,34.8164],[131.9468,34.7929],[131.9254,34.7824],[131.9231,34.7887],[131.9145,34.7741],[131.8973,34.7757],[131.8861,34.7567],[131.8646,34.7553],[131.8743,34.7438],[131.8713,34.734],[131.8491,34.7113],[131.8108,34.6921],[131.752,34.6767],[131.705,34.6727],[131.6906,34.681],[131.6844,34.6672],[131.6989,34.6489],[131.6948,34.6207],[131.7184,34.6134],[131.7274,34.5762],[131.706,34.5634],[131.7009,34.551],[131.7067,34.5331],[131.6693,34.5107],[131.6834,34.4785],[131.6934,34.4816],[131.7,34.4747],[131.6939,34.4657],[131.6974,34.4353],[131.7129,34.4285],[131.7412,34.4291],[131.7573,34.4394],[131.7949,34.4329],[131.7848,34.3999],[131.7636,34.3771],[131.778,34.3534],[131.7776,34.3329],[131.7961,34.3266],[131.7965,34.3189],[131.8195,34.303],[131.8314,34.3026],[131.8341,34.3111],[131.8696,34.305],[131.8853,34.3107],[131.884,34.3213],[131.8998,34.3191],[131.919,34.338],[131.9587,34.3063],[131.9608,34.3208],[131.9742,34.329],[131.974,34.3411],[132.001,34.3662],[132.0121,34.3674],[132.0135,34.382],[131.9899,34.414],[131.9975,34.4278],[132.0162,34.4375],[132.0233,34.4612],[132.0391,34.4689],[132.0686,34.4677],[132.0581,34.4803],[132.0597,34.4923],[132.0365,34.5013],[132.0527,34.5303],[132.084,34.5375],[132.1137,34.5626],[132.1255,34.5832],[132.1297,34.5955],[132.1166,34.6067],[132.1308,34.6292],[132.1268,34.6392],[132.1609,34.6816],[132.1575,34.6927],[132.1422,34.6916],[132.1305,34.7062],[132.1779,34.7366],[132.1965,34.7386],[132.2034,34.7488],[132.2225,34.7497],[132.2252,34.77],[132.2429,34.7837],[132.2428,34.8067],[132.2747,34.8],[132.2896,34.7784],[132.2987,34.777],[132.3158,34.8014],[132.3338,34.79],[132.3731,34.8012],[132.3831,34.7948],[132.3814,34.7858],[132.3967,34.7794],[132.4247,34.7991],[132.4212,34.8118],[132.4366,34.8209],[132.4658,34.8017],[132.5051,34.796],[132.5184,34.8039],[132.5378,34.795],[132.5541,34.8083],[132.568,34.8065],[132.6196,34.8435],[132.6675,34.8323],[132.6839,34.8514],[132.6987,34.8429],[132.7106,34.8499],[132.6998,34.8822],[132.634,34.9048],[132.6759,34.9328],[132.6851,34.9506],[132.7065,34.9549],[132.7204,34.948],[132.7497,34.9603],[132.7451,34.9768],[132.7687,34.9839],[132.7634,34.9929],[132.7878,35.0049],[132.787,35.0133],[132.8137,35.0405],[132.8368,35.0471],[132.8279,35.0612],[132.8733,35.1023],[132.8974,35.1041],[132.9095,35.0862],[132.9476,35.0758],[132.975,35.0832],[132.9907,35.1013],[133.0331,35.0683],[133.0524,35.0702],[133.06,35.0811],[133.0854,35.0782],[133.0962,35.0854],[133.1408,35.0756],[133.1367,35.0887],[133.1484,35.1398],[133.1842,35.1569],[133.1949,35.1699],[133.1808,35.2027],[133.1718,35.2087],[133.1529,35.2038],[133.1525,35.2188],[133.2587,35.2614],[133.2752,35.2578],[133.3106,35.2679],[133.2995,35.2923],[133.3069,35.3035],[133.2926,35.3207],[133.2986,35.3251],[133.296,35.3494],[133.3242,35.3735],[133.3136,35.3874],[133.3206,35.4103],[133.3087,35.4309],[133.272,35.446],[133.2225,35.4802],[133.1986,35.526],[133.2185,35.5463],[133.2446,35.5491]]],[[[133.279,36.3489],[133.28,36.3405],[133.2634,36.3279],[133.2475,36.3344],[133.2264,36.3287],[133.2318,36.3193],[133.2101,36.3108],[133.2106,36.3009],[133.1959,36.3015],[133.1939,36.2912],[133.2067,36.2889],[133.198,36.28],[133.1826,36.2897],[133.1878,36.2738],[133.1766,36.2559],[133.1927,36.2455],[133.1854,36.2147],[133.2076,36.2099],[133.2086,36.1981],[133.2241,36.1884],[133.2449,36.1902],[133.2349,36.1689],[133.2449,36.1677],[133.2485,36.1748],[133.2479,36.1611],[133.2562,36.1688],[133.278,36.1696],[133.279,36.188],[133.2886,36.1744],[133.2929,36.1791],[133.3254,36.1673],[133.3393,36.1696],[133.3357,36.1972],[133.3094,36.1995],[133.335,36.2028],[133.3397,36.2216],[133.3512,36.2134],[133.3436,36.1969],[133.3679,36.2044],[133.3777,36.2306],[133.3727,36.251],[133.3852,36.2676],[133.3791,36.2765],[133.3627,36.2791],[133.3634,36.2886],[133.3561,36.2908],[133.3623,36.2953],[133.3451,36.2986],[133.3403,36.3114],[133.3245,36.3089],[133.3163,36.3237],[133.3089,36.3192],[133.3099,36.3284],[133.297,36.3282],[133.279,36.3489]]],[[[133.0692,36.1427],[133.0553,36.1297],[133.0145,36.1376],[133.0128,36.1155],[133.0055,36.1077],[132.9794,36.114],[132.9669,36.1023],[132.9679,36.0927],[132.9473,36.0797],[132.9534,36.0771],[132.946,36.0649],[132.9995,36.0402],[132.9767,36.0834],[132.984,36.0925],[132.9893,36.0851],[132.9911,36.0921],[133.0032,36.0918],[133.0066,36.103],[133.013,36.0978],[133.0054,36.0904],[133.0115,36.0753],[133.0221,36.0639],[133.0448,36.0604],[133.0569,36.0831],[133.0449,36.0951],[133.0424,36.1109],[133.0703,36.1136],[133.0909,36.1342],[133.0692,36.1427]]],[[[133.1126,36.1201],[133.0941,36.1171],[133.0913,36.0965],[133.0833,36.1142],[133.0818,36.1035],[133.0714,36.1057],[133.0644,36.0982],[133.079,36.0727],[133.0704,36.0592],[133.0705,36.038],[133.0823,36.0406],[133.077,36.0443],[133.0879,36.0462],[133.0878,36.0528],[133.1038,36.05],[133.0968,36.0575],[133.1081,36.0647],[133.097,36.0723],[133.1159,36.0663],[133.1157,36.0791],[133.1315,36.0734],[133.1367,36.0822],[133.1514,36.0748],[133.1354,36.0863],[133.1191,36.0815],[133.136,36.1021],[133.1126,36.1201]]],[[[133.0038,36.0329],[133.0093,36.0019],[133.0267,36.0059],[133.03,35.9999],[133.0415,36.0131],[133.0565,36.0006],[133.057,35.9946],[133.0623,35.9943],[133.0731,36.0109],[133.0549,36.013],[133.0353,36.0286],[133.0038,36.0329]]],[[[133.1643,36.114],[133.1565,36.1051],[133.1663,36.1],[133.1682,36.1063],[133.1643,36.114]]],[[[133.1264,35.5962],[133.1197,35.59],[133.1235,35.5875],[133.1259,35.5896],[133.1264,35.5962]]],[[[131.8335,34.8374],[131.8375,34.8335],[131.8416,34.836],[131.8361,34.8379],[131.8335,34.8374]]],[[[133.0543,36.0022],[133.0513,36.0018],[133.0486,35.9986],[133.0523,35.9959],[133.0543,36.0022]]],[[[133.175,36.1401],[133.1728,36.1355],[133.1736,36.1335],[133.1796,36.1369],[133.175,36.1401]]],[[[132.0615,34.9047],[132.0581,34.9039],[132.0608,34.8975],[132.0634,34.9015],[132.0615,34.9047]]],[[[132.0508,34.9061],[132.0446,34.9036],[132.0517,34.9033],[132.0508,34.9061]]]]}},{"id":32,"type":"Feature","properties":{"N03_001":"岡山県","N03_007":"33000"},"geometry":{"type":"MultiPolygon","coordinates":[[[[134.4028,35.241],[134.3897,35.2521],[134.3732,35.2459],[134.3689,35.2317],[134.3365,35.2195],[134.3227,35.2028],[134.2785,35.1969],[134.2609,35.2105],[134.2216,35.1904],[134.1928,35.1886],[134.1899,35.1759],[134.1725,35.1697],[134.1531,35.2002],[134.1642,35.228],[134.1375,35.2392],[134.1506,35.258],[134.1376,35.2696],[134.1398,35.2788],[134.1138,35.286],[134.0978,35.3057],[134.0702,35.2973],[134.0078,35.3084],[133.9995,35.3146],[134.0154,35.3339],[134.0157,35.3487],[134.0079,35.3515],[133.9648,35.3467],[133.9453,35.3326],[133.9315,35.3332],[133.9252,35.3069],[133.862,35.2924],[133.8659,35.2723],[133.8446,35.2495],[133.8321,35.2488],[133.8182,35.2526],[133.7999,35.2927],[133.7837,35.2948],[133.745,35.3196],[133.7271,35.317],[133.6961,35.3269],[133.6774,35.3193],[133.6492,35.3363],[133.5968,35.345],[133.5768,35.3144],[133.5618,35.2489],[133.5348,35.2367],[133.5172,35.2407],[133.5055,35.2282],[133.5215,35.2106],[133.5263,35.1831],[133.5004,35.1924],[133.4476,35.1713],[133.4074,35.1859],[133.3961,35.1806],[133.3934,35.1691],[133.4126,35.1335],[133.4034,35.1143],[133.3788,35.1147],[133.3549,35.1008],[133.3382,35.1066],[133.3255,35.0935],[133.2909,35.1004],[133.2908,35.0709],[133.2669,35.0524],[133.3212,35.0036],[133.3195,34.9832],[133.3031,34.972],[133.2972,34.956],[133.3094,34.937],[133.2958,34.904],[133.298,34.8893],[133.3312,34.8558],[133.3361,34.8347],[133.353,34.8306],[133.3781,34.8084],[133.3698,34.7898],[133.3768,34.7818],[133.3619,34.7556],[133.3702,34.7481],[133.3615,34.7271],[133.3691,34.7236],[133.3855,34.6775],[133.4034,34.6719],[133.3834,34.6219],[133.397,34.5949],[133.4232,34.5855],[133.4267,34.5692],[133.446,34.5564],[133.4539,34.5302],[133.4449,34.5059],[133.4564,34.5001],[133.4459,34.4831],[133.4552,34.4774],[133.4563,34.4545],[133.484,34.4648],[133.4903,34.46],[133.476,34.4521],[133.4738,34.4414],[133.4891,34.441],[133.5009,34.4517],[133.5275,34.4539],[133.527,34.4712],[133.5194,34.4731],[133.4999,34.4999],[133.5016,34.5045],[133.5404,34.4614],[133.594,34.4694],[133.5998,34.4753],[133.5887,34.4825],[133.5941,34.4911],[133.6194,34.4919],[133.6254,34.501],[133.6472,34.5038],[133.6586,34.5204],[133.6769,34.5184],[133.6702,34.5073],[133.6841,34.5071],[133.6897,34.5255],[133.7053,34.5231],[133.704,34.4778],[133.7434,34.4706],[133.7372,34.4906],[133.719,34.4964],[133.7351,34.4986],[133.7398,34.5251],[133.7483,34.4895],[133.7596,34.4858],[133.7596,34.4702],[133.7666,34.4723],[133.7852,34.4361],[133.8177,34.4318],[133.8091,34.4615],[133.8365,34.4746],[133.8811,34.4564],[133.9337,34.4515],[133.9432,34.4553],[133.9344,34.4733],[133.9381,34.4811],[133.9648,34.4949],[133.9565,34.506],[133.9595,34.5227],[133.9869,34.5309],[134.003,34.5116],[134.0073,34.5164],[133.9979,34.5209],[133.9954,34.5334],[134.0011,34.545],[134.0097,34.5507],[134.0223,34.5462],[134.0311,34.5702],[134.0411,34.5764],[134.0327,34.5978],[133.9739,34.5945],[133.9587,34.5841],[133.9461,34.599],[133.9774,34.6003],[133.9967,34.6135],[134.0421,34.6083],[134.0474,34.5976],[134.064,34.6075],[134.0532,34.596],[134.0601,34.5846],[134.0913,34.5809],[134.1035,34.5896],[134.12,34.5886],[134.1384,34.5996],[134.1344,34.6078],[134.147,34.617],[134.1732,34.6173],[134.1855,34.6313],[134.1831,34.6367],[134.1739,34.6313],[134.1705,34.6529],[134.1885,34.6508],[134.1928,34.665],[134.2026,34.6636],[134.2179,34.6758],[134.2169,34.6838],[134.2453,34.7011],[134.2356,34.7149],[134.22,34.7085],[134.2071,34.7095],[134.2122,34.7172],[134.1976,34.7152],[134.1939,34.7202],[134.2049,34.7268],[134.1792,34.7367],[134.1859,34.7424],[134.2039,34.7305],[134.2287,34.7314],[134.2441,34.7153],[134.2686,34.7192],[134.2754,34.7346],[134.2981,34.7365],[134.3151,34.7322],[134.3217,34.7219],[134.3237,34.731],[134.313,34.7384],[134.3215,34.7617],[134.3348,34.7689],[134.3158,34.7811],[134.3164,34.8026],[134.2833,34.8298],[134.2638,34.8267],[134.261,34.847],[134.2546,34.8493],[134.2671,34.8755],[134.2644,34.8852],[134.295,34.9075],[134.2731,34.9325],[134.2537,34.9391],[134.2769,34.9633],[134.2711,34.9839],[134.2824,34.9966],[134.2658,35.005],[134.2644,35.0167],[134.2812,35.0369],[134.3163,35.0432],[134.3191,35.0834],[134.3495,35.0902],[134.3674,35.147],[134.4116,35.152],[134.4062,35.1658],[134.4111,35.187],[134.3837,35.1939],[134.38,35.2094],[134.3825,35.2217],[134.397,35.2276],[134.4028,35.241]]],[[[134.2983,34.7302],[134.2869,34.7185],[134.2765,34.7216],[134.2747,34.7135],[134.2875,34.7061],[134.3067,34.7121],[134.313,34.7035],[134.3249,34.7043],[134.3272,34.7122],[134.3418,34.7032],[134.3469,34.7081],[134.3318,34.723],[134.323,34.7141],[134.2983,34.7302]]],[[[133.5426,34.402],[133.5163,34.3841],[133.5458,34.3666],[133.5586,34.367],[133.5573,34.3755],[133.545,34.3774],[133.5561,34.3942],[133.5426,34.402]]],[[[133.5248,34.4164],[133.5058,34.4066],[133.5138,34.3897],[133.5256,34.3989],[133.5248,34.4164]]],[[[133.6844,34.5043],[133.6692,34.502],[133.6689,34.4876],[133.6835,34.4892],[133.6844,34.5043]]],[[[134.199,34.6172],[134.1679,34.6102],[134.1644,34.6039],[134.1908,34.6055],[134.199,34.6172]]],[[[134.259,34.707],[134.2504,34.7058],[134.2553,34.6902],[134.2687,34.7012],[134.259,34.707]]],[[[134.2569,34.6874],[134.2444,34.6808],[134.2629,34.675],[134.2735,34.6808],[134.2569,34.6874]]],[[[134.2421,34.6783],[134.2289,34.6789],[134.2185,34.6757],[134.2246,34.6678],[134.2442,34.6722],[134.2421,34.6783]]],[[[133.5882,34.3636],[133.5784,34.3551],[133.5733,34.3596],[133.5671,34.351],[133.5809,34.3511],[133.5882,34.3636]]],[[[133.5121,34.4353],[133.5114,34.4321],[133.4997,34.4262],[133.5117,34.4261],[133.5121,34.4353]]],[[[133.7612,34.4313],[133.764,34.4198],[133.7745,34.4217],[133.775,34.4265],[133.7612,34.4313]]],[[[133.4983,34.3504],[133.4973,34.3403],[133.5068,34.3353],[133.5094,34.3405],[133.4983,34.3504]]],[[[133.5382,34.3097],[133.5279,34.3076],[133.5257,34.3051],[133.5338,34.2985],[133.5382,34.3097]]],[[[134.0239,34.5068],[134.0182,34.507],[134.0076,34.498],[134.0169,34.4965],[134.0239,34.5068]]],[[[134.2647,34.714],[134.2584,34.7135],[134.2495,34.7115],[134.2692,34.71],[134.2647,34.714]]],[[[134.2863,34.7042],[134.2795,34.7029],[134.2886,34.6963],[134.2898,34.7037],[134.2863,34.7042]]],[[[134.1042,34.5677],[134.0952,34.5622],[134.0971,34.5595],[134.1065,34.5608],[134.1042,34.5677]]],[[[134.1908,34.6023],[134.1897,34.5975],[134.2007,34.5987],[134.1908,34.6023]]],[[[134.2917,34.6857],[134.2903,34.6847],[134.2968,34.6801],[134.2979,34.6836],[134.2917,34.6857]]],[[[134.213,34.7259],[134.2147,34.7202],[134.2191,34.7228],[134.213,34.7259]]],[[[133.8368,34.4255],[133.8274,34.4228],[133.8309,34.4176],[133.8345,34.4212],[133.8368,34.4255]]],[[[133.517,34.352],[133.5174,34.3478],[133.5225,34.3432],[133.5229,34.3476],[133.517,34.352]]],[[[133.7156,34.464],[133.7115,34.4653],[133.7101,34.462],[133.7144,34.4621],[133.7156,34.464]]],[[[133.5888,34.3812],[133.583,34.3809],[133.5822,34.3787],[133.586,34.377],[133.5888,34.3812]]],[[[133.9253,34.4188],[133.924,34.4217],[133.9201,34.4185],[133.9253,34.4188]]]]}},{"id":33,"type":"Feature","properties":{"N03_001":"広島県","N03_007":"34000"},"geometry":{"type":"MultiPolygon","coordinates":[[[[133.1364,35.0743],[133.1222,35.084],[133.0962,35.0854],[133.0854,35.0782],[133.06,35.0811],[133.0524,35.0702],[133.0331,35.0683],[132.9907,35.1013],[132.975,35.0832],[132.9476,35.0758],[132.9095,35.0862],[132.8974,35.1041],[132.8733,35.1023],[132.8279,35.0612],[132.8368,35.0471],[132.8137,35.0405],[132.787,35.0133],[132.7878,35.0049],[132.7634,34.9929],[132.7687,34.9839],[132.7451,34.9768],[132.7497,34.9603],[132.7204,34.948],[132.7065,34.9549],[132.6851,34.9506],[132.6759,34.9328],[132.634,34.9048],[132.6998,34.8822],[132.7106,34.8499],[132.6987,34.8429],[132.6839,34.8514],[132.6675,34.8323],[132.6196,34.8435],[132.568,34.8065],[132.5541,34.8083],[132.5378,34.795],[132.5184,34.8039],[132.5051,34.796],[132.4658,34.8017],[132.4366,34.8209],[132.4212,34.8118],[132.4247,34.7991],[132.3967,34.7794],[132.3814,34.7858],[132.3831,34.7948],[132.3731,34.8012],[132.3338,34.79],[132.3158,34.8014],[132.2987,34.777],[132.2896,34.7784],[132.2747,34.8],[132.2428,34.8067],[132.2429,34.7837],[132.2252,34.77],[132.2225,34.7497],[132.2034,34.7488],[132.1965,34.7386],[132.1779,34.7366],[132.1305,34.7062],[132.1422,34.6916],[132.1575,34.6927],[132.1609,34.6816],[132.1268,34.6392],[132.1308,34.6292],[132.1166,34.6067],[132.1297,34.5955],[132.1255,34.5832],[132.1137,34.5626],[132.084,34.5375],[132.0527,34.5303],[132.0365,34.5013],[132.0597,34.4923],[132.0581,34.4803],[132.081,34.4435],[132.0689,34.4163],[132.0746,34.402],[132.07,34.392],[132.0774,34.3892],[132.0713,34.3554],[132.0853,34.3579],[132.1013,34.3453],[132.1055,34.3296],[132.1251,34.3338],[132.1295,34.327],[132.124,34.2968],[132.1401,34.2849],[132.1336,34.2724],[132.1464,34.2568],[132.1447,34.2364],[132.1565,34.2293],[132.1701,34.2338],[132.1712,34.2253],[132.203,34.2287],[132.1976,34.2047],[132.2456,34.2107],[132.2389,34.2271],[132.2207,34.2328],[132.2343,34.2588],[132.2821,34.2859],[132.319,34.3233],[132.3268,34.3441],[132.3368,34.3377],[132.3477,34.3414],[132.3388,34.3464],[132.3565,34.3494],[132.3493,34.356],[132.3626,34.3587],[132.3647,34.3475],[132.3768,34.3524],[132.3755,34.3604],[132.3993,34.3654],[132.4399,34.3524],[132.444,34.3405],[132.4525,34.3528],[132.5217,34.3592],[132.5087,34.3527],[132.5115,34.3438],[132.4963,34.3482],[132.4919,34.3362],[132.505,34.3341],[132.4943,34.3162],[132.519,34.282],[132.5146,34.2569],[132.527,34.2565],[132.5247,34.2468],[132.5316,34.2415],[132.5585,34.2382],[132.5481,34.2252],[132.5381,34.2286],[132.5316,34.2222],[132.5439,34.2096],[132.5383,34.1958],[132.5535,34.1944],[132.5935,34.2125],[132.5962,34.2291],[132.6058,34.2265],[132.6027,34.2201],[132.6162,34.2206],[132.618,34.2104],[132.6432,34.2022],[132.6675,34.2191],[132.684,34.2102],[132.6851,34.2225],[132.7001,34.2355],[132.7604,34.2409],[132.772,34.2588],[132.7531,34.2594],[132.7598,34.2679],[132.7542,34.2821],[132.7887,34.2795],[132.7995,34.3127],[132.8276,34.3163],[132.8507,34.2922],[132.856,34.3],[132.8738,34.3022],[132.8689,34.3118],[132.9162,34.3325],[132.9308,34.3263],[132.9448,34.3362],[132.9831,34.3312],[132.9945,34.3375],[133.0154,34.3287],[133.0402,34.3317],[133.0598,34.3452],[133.0735,34.3431],[133.087,34.3784],[133.0967,34.3794],[133.0849,34.3957],[133.1275,34.3826],[133.2096,34.4106],[133.2322,34.4115],[133.2455,34.4241],[133.2421,34.4359],[133.254,34.4235],[133.2516,34.4411],[133.2704,34.4327],[133.2739,34.419],[133.272,34.4066],[133.2593,34.3971],[133.2458,34.3982],[133.2468,34.3895],[133.271,34.392],[133.2815,34.4013],[133.2925,34.3827],[133.3057,34.3875],[133.3227,34.3766],[133.3349,34.381],[133.3471,34.3758],[133.3459,34.3666],[133.3779,34.3775],[133.3846,34.3842],[133.3854,34.4205],[133.4077,34.4285],[133.4085,34.4375],[133.4313,34.4241],[133.4405,34.4362],[133.4082,34.4572],[133.4085,34.4785],[133.4148,34.4769],[133.4145,34.4593],[133.4451,34.4465],[133.4459,34.4831],[133.4564,34.5001],[133.4452,34.5097],[133.4539,34.5302],[133.446,34.5564],[133.4267,34.5692],[133.4232,34.5855],[133.397,34.5949],[133.3848,34.6168],[133.3919,34.6311],[133.3885,34.6434],[133.4034,34.6719],[133.3855,34.6775],[133.3691,34.7236],[133.3615,34.7271],[133.3702,34.7481],[133.3619,34.7556],[133.3768,34.7818],[133.3698,34.7898],[133.3781,34.8084],[133.353,34.8306],[133.3361,34.8347],[133.3312,34.8558],[133.298,34.8893],[133.2958,34.904],[133.3094,34.937],[133.2972,34.956],[133.3031,34.972],[133.3217,34.9879],[133.3196,35.0086],[133.269,35.05],[133.2488,35.0787],[133.2272,35.0682],[133.2149,35.0739],[133.1685,35.0674],[133.1612,35.0741],[133.142,35.0647],[133.1364,35.0743]]],[[[132.4797,34.2963],[132.4792,34.2942],[132.4811,34.2868],[132.4738,34.2836],[132.4422,34.2887],[132.4342,34.2793],[132.4458,34.2666],[132.4327,34.2537],[132.4355,34.2475],[132.4513,34.2482],[132.4561,34.2567],[132.4792,34.2325],[132.4744,34.2086],[132.4587,34.2286],[132.4384,34.2258],[132.4198,34.258],[132.3721,34.2583],[132.3885,34.2415],[132.3844,34.2267],[132.4209,34.1969],[132.4222,34.1808],[132.4324,34.1771],[132.4365,34.1952],[132.4425,34.1954],[132.4542,34.1819],[132.4458,34.1789],[132.4442,34.1512],[132.4311,34.1319],[132.4856,34.1418],[132.4902,34.1546],[132.4719,34.1828],[132.474,34.1954],[132.4896,34.2022],[132.4985,34.2685],[132.4797,34.2963]]],[[[132.5349,34.2005],[132.5075,34.1887],[132.4982,34.1757],[132.4931,34.154],[132.5081,34.1441],[132.5037,34.1331],[132.4472,34.1082],[132.4477,34.0943],[132.4575,34.0848],[132.4985,34.091],[132.502,34.1032],[132.525,34.0952],[132.5329,34.1036],[132.5353,34.0959],[132.5455,34.0979],[132.5496,34.0797],[132.5564,34.08],[132.5706,34.1158],[132.5872,34.1092],[132.574,34.1271],[132.539,34.1078],[132.5377,34.1212],[132.555,34.1477],[132.5328,34.147],[132.5217,34.1575],[132.54,34.1644],[132.5468,34.1766],[132.5564,34.1747],[132.5527,34.1866],[132.5355,34.1875],[132.5349,34.2005]]],[[[132.9309,34.2846],[132.908,34.2647],[132.9037,34.25],[132.8867,34.2616],[132.8795,34.249],[132.8405,34.2402],[132.8464,34.2349],[132.842,34.2233],[132.8642,34.2064],[132.921,34.2151],[132.9167,34.234],[132.9403,34.2743],[132.9309,34.2846]]],[[[133.1533,34.3582],[133.1379,34.3437],[133.1345,34.3289],[133.156,34.2991],[133.196,34.2754],[133.1962,34.286],[133.2095,34.2982],[133.1934,34.2998],[133.2105,34.3187],[133.1956,34.3362],[133.1769,34.3434],[133.1734,34.3577],[133.1533,34.3582]]],[[[133.1342,34.3165],[133.1019,34.3074],[133.0891,34.3129],[133.0681,34.2732],[133.0695,34.2624],[133.0933,34.2565],[133.1436,34.2849],[133.1491,34.3012],[133.1342,34.3165]]],[[[132.3336,34.3113],[132.2902,34.2875],[132.277,34.2628],[132.2638,34.2563],[132.2727,34.2338],[132.3041,34.2448],[132.3481,34.2825],[132.3336,34.3113]]],[[[133.2155,34.4091],[133.1723,34.3928],[133.1744,34.3664],[133.19,34.3574],[133.2134,34.3599],[133.2187,34.3803],[133.2369,34.3914],[133.2353,34.4066],[133.2155,34.4091]]],[[[132.712,34.2038],[132.6932,34.2014],[132.6855,34.1827],[132.7123,34.181],[132.7231,34.1694],[132.7391,34.173],[132.749,34.1629],[132.7653,34.1769],[132.7543,34.1827],[132.7594,34.192],[132.712,34.2038]]],[[[132.849,34.1963],[132.8073,34.1774],[132.8034,34.1544],[132.8199,34.151],[132.8678,34.174],[132.849,34.1963]]],[[[133.1122,34.3602],[133.1046,34.3572],[133.0962,34.331],[133.096,34.3236],[133.1101,34.3172],[133.1266,34.3377],[133.1122,34.3602]]],[[[133.3187,34.3728],[133.2888,34.356],[133.2961,34.3447],[133.3349,34.3551],[133.3425,34.3697],[133.3237,34.3614],[133.3187,34.3728]]],[[[132.673,34.2033],[132.651,34.1903],[132.6451,34.171],[132.6762,34.1751],[132.6845,34.1877],[132.673,34.2033]]],[[[132.3855,34.1775],[132.3884,34.1499],[132.4137,34.1507],[132.4122,34.1665],[132.3855,34.1775]]],[[[132.7868,34.1888],[132.7714,34.1764],[132.7726,34.1613],[132.798,34.1719],[132.7868,34.1888]]],[[[133.0788,34.3331],[133.0619,34.3146],[133.0692,34.3026],[133.0823,34.3041],[133.0871,34.3132],[133.0788,34.3331]]],[[[133.2866,34.3577],[133.2637,34.3476],[133.2643,34.3357],[133.2851,34.3379],[133.2866,34.3577]]],[[[132.4409,34.3259],[132.4154,34.3023],[132.4169,34.2996],[132.4415,34.2981],[132.4383,34.306],[132.4481,34.3161],[132.4409,34.3259]]],[[[133.2607,34.3844],[133.2589,34.3659],[133.2701,34.3608],[133.2794,34.3804],[133.2607,34.3844]]],[[[132.5333,34.0742],[132.5196,34.0516],[132.5295,34.0465],[132.5376,34.0609],[132.5333,34.0742]]],[[[133.1623,34.3912],[133.1516,34.3818],[133.1561,34.3743],[133.1726,34.374],[133.1623,34.3912]]],[[[132.2965,34.1993],[132.2949,34.1874],[132.3195,34.1899],[132.3118,34.1984],[132.2965,34.1993]]],[[[132.9157,34.3002],[132.9074,34.2947],[132.9152,34.2802],[132.9263,34.2946],[132.9178,34.2905],[132.9157,34.3002]]],[[[133.4362,34.3512],[133.4304,34.3391],[133.4542,34.3392],[133.4528,34.3421],[133.4362,34.3512]]],[[[132.8061,34.2815],[132.7925,34.2766],[132.7916,34.2717],[132.8033,34.2686],[132.8112,34.2758],[132.8061,34.2815]]],[[[132.4815,34.347],[132.4768,34.3459],[132.4824,34.3307],[132.4866,34.34],[132.4815,34.347]]],[[[132.8696,34.2714],[132.8637,34.2631],[132.8752,34.2547],[132.8777,34.2576],[132.8696,34.2714]]],[[[132.4395,34.1605],[132.4302,34.1542],[132.4276,34.1509],[132.442,34.1519],[132.4395,34.1605]]],[[[132.5496,34.0794],[132.544,34.0746],[132.5416,34.0688],[132.5593,34.072],[132.5504,34.0716],[132.5496,34.0794]]],[[[133.3992,34.3885],[133.3905,34.3846],[133.398,34.3778],[133.4034,34.3816],[133.3992,34.3885]]],[[[132.8195,34.1971],[132.8119,34.1953],[132.809,34.1886],[132.8213,34.1924],[132.8195,34.1971]]],[[[132.9891,34.3159],[132.9901,34.3069],[132.9983,34.3055],[132.995,34.3129],[132.9891,34.3159]]],[[[132.578,34.1683],[132.5701,34.1605],[132.5723,34.1552],[132.5792,34.159],[132.578,34.1683]]],[[[133.1465,34.3706],[133.138,34.3675],[133.1346,34.3615],[133.1449,34.3632],[133.1465,34.3706]]],[[[132.3706,34.2798],[132.3634,34.2761],[132.3772,34.2736],[132.3776,34.2781],[132.3706,34.2798]]],[[[132.7906,34.122],[132.7873,34.114],[132.7993,34.1182],[132.8001,34.1212],[132.7906,34.122]]],[[[132.7733,34.1578],[132.7584,34.1522],[132.7601,34.1483],[132.7751,34.1546],[132.7733,34.1578]]],[[[132.9372,34.3245],[132.9465,34.3104],[132.9486,34.311],[132.9428,34.3237],[132.9372,34.3245]]],[[[132.46,34.3517],[132.4578,34.3465],[132.463,34.34],[132.463,34.3504],[132.46,34.3517]]],[[[132.4939,34.0455],[132.4866,34.0417],[132.4821,34.0371],[132.4889,34.0377],[132.4939,34.0455]]],[[[132.8837,34.2901],[132.8828,34.2794],[132.8865,34.2766],[132.8866,34.2872],[132.8837,34.2901]]],[[[133.4672,34.3166],[133.4627,34.3144],[133.4579,34.3144],[133.4683,34.3105],[133.4672,34.3166]]],[[[133.1071,34.3682],[133.099,34.3628],[133.0992,34.3597],[133.1064,34.3619],[133.1071,34.3682]]],[[[132.6713,34.1597],[132.6657,34.1551],[132.6686,34.1512],[132.6739,34.1524],[132.6713,34.1597]]],[[[132.697,34.2235],[132.6927,34.2226],[132.6923,34.2187],[132.7008,34.2184],[132.697,34.2235]]],[[[133.2419,34.3796],[133.2381,34.3746],[133.2443,34.3709],[133.2465,34.3749],[133.2419,34.3796]]],[[[132.9426,34.2878],[132.9373,34.2869],[132.9357,34.2846],[132.9445,34.284],[132.9426,34.2878]]],[[[132.9101,34.2785],[132.9067,34.2777],[132.9063,34.271],[132.9107,34.2732],[132.9101,34.2785]]],[[[132.6586,34.158],[132.6516,34.1558],[132.6517,34.1508],[132.6553,34.1519],[132.6586,34.158]]],[[[132.7833,34.2612],[132.7808,34.2577],[132.7872,34.2557],[132.7879,34.2606],[132.7833,34.2612]]],[[[132.463,34.3169],[132.4604,34.3155],[132.4619,34.3109],[132.4653,34.3126],[132.463,34.3169]]],[[[132.3193,34.1189],[132.3187,34.1234],[132.3134,34.1222],[132.3182,34.1209],[132.3193,34.1189]]]]}},{"id":34,"type":"Feature","properties":{"N03_001":"山口県","N03_007":"35000"},"geometry":{"type":"MultiPolygon","coordinates":[[[[131.6906,34.681],[131.6677,34.6756],[131.6703,34.6597],[131.6486,34.6534],[131.6476,34.6425],[131.6382,34.6468],[131.6396,34.6616],[131.6123,34.6661],[131.602,34.6603],[131.5898,34.634],[131.6012,34.6312],[131.603,34.623],[131.5893,34.6191],[131.5795,34.6256],[131.58,34.6203],[131.5615,34.6184],[131.5509,34.593],[131.5548,34.5799],[131.539,34.563],[131.5155,34.5526],[131.504,34.5339],[131.4809,34.5316],[131.4668,34.5384],[131.4554,34.5255],[131.4525,34.5082],[131.4673,34.4976],[131.4626,34.4869],[131.4534,34.4802],[131.4406,34.4831],[131.4463,34.4765],[131.4321,34.4711],[131.4348,34.466],[131.415,34.4488],[131.3974,34.4588],[131.3963,34.4484],[131.4216,34.4393],[131.4093,34.433],[131.4121,34.4265],[131.4008,34.428],[131.3914,34.4173],[131.3791,34.4221],[131.3616,34.4111],[131.3368,34.4163],[131.3252,34.3927],[131.3047,34.3824],[131.2719,34.3901],[131.2482,34.3815],[131.2247,34.3921],[131.2153,34.3708],[131.2051,34.3749],[131.1998,34.3975],[131.188,34.3806],[131.1568,34.3723],[131.1434,34.3806],[131.1289,34.4126],[131.1118,34.4095],[131.0744,34.4246],[131.0433,34.4103],[131.02,34.411],[131.005,34.415],[131.0033,34.4278],[130.9743,34.44],[130.9702,34.4283],[130.9611,34.4276],[130.9588,34.4118],[130.9396,34.4044],[130.9402,34.3894],[130.9552,34.3891],[130.9504,34.4004],[130.9585,34.4079],[130.98,34.3995],[131.0167,34.4048],[131.0365,34.3789],[131.0338,34.3704],[131.0009,34.374],[130.967,34.3576],[130.9348,34.3518],[130.9311,34.3427],[130.8998,34.3607],[130.8897,34.3443],[130.8957,34.3201],[130.8847,34.2988],[130.8669,34.2878],[130.9217,34.2394],[130.9163,34.2151],[130.9288,34.2128],[130.9335,34.1891],[130.9257,34.1697],[130.8982,34.153],[130.9027,34.1406],[130.8671,34.137],[130.8608,34.1105],[130.8882,34.0655],[130.8956,34.0707],[130.9109,34.0617],[130.9149,34.0459],[130.9036,34.0252],[130.9163,34.0197],[130.9087,33.9925],[130.9169,33.9785],[130.9091,33.9552],[130.913,33.9553],[130.9205,33.951],[130.9143,33.9408],[130.9284,33.9384],[130.9246,33.9474],[130.9379,33.9491],[130.995,33.989],[131.0063,34.0031],[131.0044,34.0145],[131.0117,34.0096],[131.0213,34.0201],[131.0155,34.0295],[131.0304,34.0391],[131.0369,34.0571],[131.0476,34.0422],[131.096,34.0355],[131.1343,33.9927],[131.1344,34.0033],[131.1506,34.0035],[131.1462,33.9955],[131.1555,33.9892],[131.1694,33.9965],[131.161,33.9739],[131.1743,33.9733],[131.163,33.9705],[131.1577,33.9554],[131.1784,33.9314],[131.2105,33.9445],[131.2099,33.9587],[131.224,33.9491],[131.2277,33.9641],[131.2272,33.9448],[131.2153,33.9367],[131.2312,33.9378],[131.239,33.9514],[131.2432,33.9386],[131.2303,33.9304],[131.2499,33.936],[131.2449,33.919],[131.3558,33.9665],[131.3477,33.9803],[131.3782,34.0083],[131.3834,34.0219],[131.3718,34.0285],[131.3865,34.032],[131.3846,34.05],[131.3987,34.0493],[131.3944,34.0262],[131.415,34.0214],[131.3948,33.9959],[131.4273,34.0144],[131.4318,34.0067],[131.4238,33.9913],[131.442,33.983],[131.4495,33.9954],[131.4611,33.988],[131.4546,34.0023],[131.4795,34.0133],[131.4664,34.0287],[131.472,34.037],[131.5087,34.0229],[131.5156,34.0142],[131.5096,34.0036],[131.5218,34.0078],[131.5402,33.9976],[131.5994,34.0386],[131.6114,34.0235],[131.6348,34.0468],[131.6462,34.039],[131.6763,34.0429],[131.6786,34.0545],[131.698,34.0467],[131.7097,34.0605],[131.7516,34.0655],[131.7336,34.0489],[131.7372,34.0457],[131.7424,34.0524],[131.758,34.0486],[131.7596,34.0564],[131.7917,34.0539],[131.8008,34.0485],[131.7811,34.0275],[131.7885,34.0247],[131.8023,34.0432],[131.826,34.0282],[131.8044,34.0161],[131.7827,33.9952],[131.7874,33.9877],[131.772,33.9778],[131.8167,33.9696],[131.8219,33.9759],[131.8161,33.9822],[131.7947,33.9877],[131.8184,33.9931],[131.8317,34.0114],[131.8594,34.0067],[131.8568,34.0017],[131.8686,33.9983],[131.865,33.9893],[131.9111,33.9715],[131.9364,33.9472],[131.9626,33.9451],[131.969,33.9328],[131.9649,33.9189],[131.9724,33.9168],[131.9701,33.9239],[131.9802,33.9298],[132.0242,33.9018],[132.057,33.9203],[132.0482,33.9084],[132.0741,33.9054],[132.0775,33.8931],[132.12,33.8754],[132.1137,33.8617],[132.1183,33.832],[132.1399,33.8318],[132.1574,33.8447],[132.1583,33.8597],[132.1463,33.8671],[132.1483,33.8746],[132.1301,33.8837],[132.1266,33.9408],[132.1187,33.949],[132.1246,33.9471],[132.1278,33.9572],[132.1875,33.9632],[132.2128,34.0021],[132.2207,34.0464],[132.2095,34.0593],[132.2002,34.1203],[132.2225,34.131],[132.2499,34.13],[132.2469,34.1799],[132.232,34.1873],[132.2456,34.2107],[132.1976,34.2047],[132.203,34.2287],[132.1712,34.2253],[132.1701,34.2338],[132.1565,34.2293],[132.1447,34.2364],[132.1464,34.2568],[132.1336,34.2724],[132.1401,34.2849],[132.124,34.2968],[132.1295,34.327],[132.1251,34.3338],[132.1055,34.3296],[132.1013,34.3453],[132.0853,34.3579],[132.0713,34.3554],[132.0774,34.3892],[132.07,34.392],[132.0746,34.402],[132.0689,34.4163],[132.081,34.4435],[132.0642,34.4689],[132.0233,34.4612],[132.0162,34.4375],[131.9975,34.4278],[131.9899,34.414],[132.0135,34.382],[132.0121,34.3674],[132.001,34.3662],[131.974,34.3411],[131.9742,34.329],[131.9608,34.3208],[131.9587,34.3063],[131.919,34.338],[131.8998,34.3191],[131.884,34.3213],[131.8853,34.3107],[131.8603,34.3046],[131.8341,34.3111],[131.8314,34.3026],[131.8195,34.303],[131.7965,34.3189],[131.7961,34.3266],[131.7776,34.3329],[131.778,34.3534],[131.7662,34.3649],[131.7635,34.3809],[131.7848,34.3999],[131.7949,34.4329],[131.7573,34.4394],[131.7412,34.4291],[131.7129,34.4285],[131.6974,34.4353],[131.6939,34.4657],[131.7,34.4747],[131.6934,34.4816],[131.6834,34.4785],[131.6821,34.4928],[131.668,34.5041],[131.7067,34.5331],[131.7009,34.551],[131.706,34.5634],[131.7274,34.5762],[131.7184,34.6134],[131.6948,34.6207],[131.6989,34.6489],[131.6844,34.6672],[131.6906,34.681]],[[131.7338,34.0488],[131.7403,34.054],[131.7423,34.0525],[131.7353,34.0475],[131.7338,34.0488]]],[[[132.234,33.9676],[132.2293,33.9596],[132.2126,33.964],[132.207,33.9497],[132.1846,33.9537],[132.188,33.9347],[132.1732,33.9239],[132.1752,33.9027],[132.2042,33.8787],[132.1996,33.8712],[132.2067,33.8593],[132.2198,33.8744],[132.2342,33.8772],[132.2586,33.8776],[132.2681,33.8702],[132.269,33.8902],[132.2886,33.9021],[132.2896,33.8908],[132.3002,33.8966],[132.3361,33.8843],[132.3274,33.8576],[132.3451,33.8693],[132.3611,33.8606],[132.3707,33.8641],[132.3627,33.8981],[132.3758,33.9141],[132.4104,33.9123],[132.4575,33.9412],[132.4165,33.9529],[132.4018,33.9409],[132.4013,33.9282],[132.3698,33.9284],[132.3524,33.9159],[132.354,33.9071],[132.3298,33.9016],[132.3167,33.906],[132.3235,33.9172],[132.3013,33.9201],[132.2858,33.9554],[132.259,33.9498],[132.234,33.9676]]],[[[132.2094,33.8173],[132.1775,33.808],[132.1724,33.798],[132.1969,33.8043],[132.2157,33.782],[132.2416,33.7817],[132.2575,33.7694],[132.2733,33.78],[132.2596,33.7796],[132.2475,33.7965],[132.2094,33.8173]]],[[[131.2463,34.4383],[131.2174,34.4257],[131.1709,34.4259],[131.1728,34.4084],[131.2042,34.3979],[131.2223,34.4241],[131.227,34.4174],[131.254,34.4244],[131.2557,34.4172],[131.2602,34.4307],[131.2463,34.4383]]],[[[132.0714,33.8584],[132.0676,33.8485],[132.0811,33.8361],[132.0784,33.8274],[132.0614,33.8197],[132.0541,33.7983],[132.0281,33.7934],[132.0367,33.7868],[132.0577,33.789],[132.0605,33.8025],[132.0727,33.8031],[132.0885,33.8258],[132.118,33.8306],[132.1024,33.8437],[132.0836,33.8448],[132.0714,33.8584]]],[[[131.8581,33.99],[131.8505,33.9553],[131.8334,33.956],[131.8206,33.9448],[131.8119,33.9547],[131.8053,33.942],[131.8265,33.9311],[131.8551,33.9485],[131.8582,33.9637],[131.8756,33.9687],[131.8581,33.99]]],[[[130.9122,33.9542],[130.8953,33.9442],[130.884,33.9527],[130.8774,33.9445],[130.8962,33.936],[130.8992,33.9218],[130.9097,33.9248],[130.901,33.9176],[130.9135,33.9115],[130.9234,33.9143],[130.9284,33.9264],[130.9147,33.9383],[130.9129,33.9427],[130.9166,33.9515],[130.9122,33.9542]]],[[[131.5862,34.0235],[131.5689,34.0134],[131.5558,33.9903],[131.565,33.9934],[131.5662,33.987],[131.5916,33.9994],[131.6014,34.0145],[131.5862,34.0235]]],[[[131.1307,34.7987],[131.1376,34.7581],[131.1609,34.7637],[131.161,34.7761],[131.1468,34.7797],[131.1488,34.79],[131.1307,34.7987]]],[[[131.9706,33.798],[131.9589,33.7808],[131.9471,33.7808],[131.9504,33.7726],[131.9641,33.7685],[131.9935,33.7797],[131.9706,33.798]]],[[[131.773,34.0503],[131.7627,34.0481],[131.7528,34.0327],[131.7332,34.0376],[131.7287,34.0227],[131.7456,34.0231],[131.7802,34.0485],[131.773,34.0503]]],[[[131.7091,34.0352],[131.705,34.008],[131.6914,34.008],[131.7197,33.9892],[131.7187,33.9796],[131.7328,33.9826],[131.7109,34.0003],[131.7094,34.0254],[131.7154,34.0311],[131.7091,34.0352]]],[[[132.1509,33.7639],[132.14,33.7472],[132.145,33.7308],[132.1266,33.7194],[132.1335,33.7129],[132.153,33.7275],[132.1461,33.7402],[132.1509,33.7639]]],[[[130.8673,34.3737],[130.8658,34.3594],[130.8402,34.3552],[130.8405,34.3453],[130.8476,34.3413],[130.8575,34.3525],[130.8776,34.3534],[130.8805,34.3636],[130.8673,34.3737]]],[[[132.415,34.0303],[132.4029,34.0273],[132.4045,34.0164],[132.4248,34.0124],[132.415,34.0303]]],[[[131.4125,34.513],[131.4013,34.4986],[131.4076,34.4893],[131.419,34.4941],[131.4125,34.513]]],[[[131.2776,34.518],[131.2716,34.5049],[131.2776,34.4971],[131.2939,34.5113],[131.2776,34.518]]],[[[130.7788,34.1152],[130.7759,34.1047],[130.7945,34.0937],[130.8001,34.1],[130.7788,34.1152]]],[[[132.3477,33.9593],[132.3375,33.9549],[132.3374,33.9467],[132.3526,33.9393],[132.3555,33.9525],[132.3477,33.9593]]],[[[132.0171,33.8714],[132.016,33.8594],[131.9976,33.8574],[132.0225,33.8545],[132.0171,33.8714]]],[[[132.0625,33.8844],[132.0578,33.8799],[132.0615,33.867],[132.0699,33.8708],[132.0625,33.8844]]],[[[132.2637,34.0098],[132.2584,34.0039],[132.2716,33.996],[132.2701,34.005],[132.2637,34.0098]]],[[[132.4708,33.9666],[132.4654,33.9625],[132.4781,33.9545],[132.4793,33.9588],[132.4708,33.9666]]],[[[132.3593,33.8586],[132.3656,33.8468],[132.3727,33.8481],[132.3703,33.8534],[132.3593,33.8586]]],[[[132.1665,33.9473],[132.1567,33.9459],[132.1545,33.9396],[132.1633,33.9393],[132.1665,33.9473]]],[[[132.3917,34.0427],[132.3829,34.0418],[132.3833,34.0276],[132.3893,34.0324],[132.3917,34.0427]]],[[[131.3895,34.5237],[131.3841,34.521],[131.3865,34.5124],[131.3901,34.5133],[131.3895,34.5237]]],[[[130.8645,33.9809],[130.8614,33.9796],[130.8615,33.9704],[130.8688,33.9779],[130.8645,33.9809]]],[[[132.0439,33.9009],[132.0494,33.8871],[132.0541,33.8896],[132.0489,33.899],[132.0439,33.9009]]],[[[131.6969,33.9498],[131.6897,33.9409],[131.6955,33.9357],[131.7003,33.9385],[131.6969,33.9498]]],[[[132.2589,33.8162],[132.2494,33.8142],[132.2494,33.8107],[132.2538,33.8066],[132.2589,33.8162]]],[[[132.401,33.8146],[132.3917,33.807],[132.3945,33.8018],[132.3995,33.8039],[132.401,33.8146]]],[[[132.4547,33.927],[132.4555,33.92],[132.4608,33.9196],[132.4613,33.924],[132.4547,33.927]]],[[[130.8979,33.991],[130.8945,33.9937],[130.8896,33.9865],[130.8983,33.9849],[130.8979,33.991]]],[[[132.3487,33.9738],[132.3483,33.963],[132.351,33.9614],[132.3555,33.967],[132.3487,33.9738]]],[[[132.3311,34.0036],[132.33,33.9939],[132.3343,33.9915],[132.3356,33.9944],[132.3311,34.0036]]],[[[131.9342,33.795],[131.9317,33.7886],[131.9379,33.787],[131.9394,33.7922],[131.9342,33.795]]],[[[131.7599,33.9835],[131.7607,33.9768],[131.7637,33.9756],[131.7663,33.98],[131.7599,33.9835]]],[[[131.2676,34.4185],[131.2683,34.4101],[131.2738,34.4117],[131.2702,34.4145],[131.2676,34.4185]]],[[[130.9013,34.1766],[130.8989,34.1723],[130.905,34.1706],[130.9059,34.1725],[130.9013,34.1766]]],[[[131.3437,34.5037],[131.3395,34.5021],[131.3411,34.4981],[131.345,34.4985],[131.3437,34.5037]]],[[[132.1806,33.8497],[132.1783,33.8464],[132.1839,33.8441],[132.1852,33.8484],[132.1806,33.8497]]],[[[132.4199,34.0373],[132.4185,34.0336],[132.427,34.0335],[132.4199,34.0373]]],[[[132.3954,34.0601],[132.3918,34.0567],[132.3985,34.0541],[132.3997,34.0571],[132.3954,34.0601]]],[[[130.9742,34.3638],[130.967,34.3631],[130.9648,34.3593],[130.9726,34.3611],[130.9742,34.3638]]],[[[131.3807,34.4878],[131.3772,34.4861],[131.3757,34.4822],[131.3794,34.4821],[131.3807,34.4878]]],[[[131.319,34.4329],[131.3171,34.4279],[131.3223,34.4277],[131.3208,34.4325],[131.319,34.4329]]],[[[131.3759,34.4667],[131.3769,34.4618],[131.3802,34.464],[131.3759,34.4667]]],[[[132.4913,33.9585],[132.4858,33.9563],[132.4887,33.953],[132.4921,33.956],[132.4913,33.9585]]],[[[132.0525,33.7796],[132.0481,33.7738],[132.0512,33.7717],[132.0548,33.7753],[132.0525,33.7796]]],[[[132.0304,33.7401],[132.0254,33.7372],[132.0298,33.7361],[132.0304,33.7401]]],[[[132.3134,34.1222],[132.3141,34.1193],[132.3193,34.1189],[132.3182,34.1209],[132.3134,34.1222]]]]}},{"id":35,"type":"Feature","properties":{"N03_001":"徳島県","N03_007":"36000"},"geometry":{"type":"MultiPolygon","coordinates":[[[[134.3059,33.5484],[134.314,33.5456],[134.3199,33.555],[134.3086,33.5637],[134.3178,33.5818],[134.3388,33.5781],[134.3627,33.5808],[134.3323,33.5844],[134.3642,33.5909],[134.3643,33.602],[134.3883,33.6196],[134.3625,33.6281],[134.3959,33.6561],[134.4118,33.6541],[134.4188,33.6653],[134.4441,33.6665],[134.5101,33.6984],[134.5432,33.7201],[134.5417,33.7343],[134.5538,33.7419],[134.5657,33.7324],[134.5749,33.7534],[134.5699,33.7617],[134.5815,33.7633],[134.5804,33.7701],[134.6023,33.7643],[134.6018,33.7721],[134.6202,33.7867],[134.6388,33.7847],[134.7497,33.8346],[134.742,33.8421],[134.7212,33.8323],[134.6797,33.8305],[134.7186,33.8475],[134.6904,33.8517],[134.6429,33.843],[134.645,33.8654],[134.6312,33.8567],[134.6357,33.8687],[134.6608,33.8758],[134.6531,33.8812],[134.6674,33.8793],[134.6841,33.8921],[134.7056,33.9259],[134.696,33.9517],[134.6649,33.9651],[134.6409,34.0064],[134.6261,34.009],[134.6313,33.9997],[134.6219,33.989],[134.5918,34.008],[134.5983,34.0231],[134.5888,34.028],[134.5954,34.0329],[134.5869,34.0352],[134.5856,34.0523],[134.6051,34.0907],[134.6046,34.1183],[134.6233,34.1282],[134.6255,34.1365],[134.6162,34.1444],[134.6419,34.18],[134.6244,34.1808],[134.5864,34.2013],[134.5861,34.2398],[134.566,34.2327],[134.5723,34.2226],[134.5056,34.2257],[134.4718,34.2088],[134.4402,34.2079],[134.438,34.1895],[134.4293,34.1834],[134.4339,34.1695],[134.4196,34.1579],[134.4042,34.1671],[134.3855,34.1651],[134.3498,34.1853],[134.3442,34.1724],[134.3144,34.1772],[134.2976,34.1687],[134.2922,34.1792],[134.2603,34.1836],[134.2043,34.1727],[134.1731,34.1758],[134.1457,34.1645],[134.1353,34.1519],[134.1393,34.1341],[134.1223,34.1188],[134.0945,34.1146],[134.0796,34.1211],[134.0613,34.111],[134.0498,34.1173],[134.0263,34.0851],[134.0104,34.0868],[133.9939,34.0726],[133.9731,34.073],[133.9591,34.0825],[133.9439,34.0945],[133.9398,34.1149],[133.9223,34.1144],[133.9013,34.1001],[133.8929,34.1082],[133.8671,34.1002],[133.8548,34.1042],[133.8218,34.0917],[133.815,34.0733],[133.8001,34.0696],[133.778,34.0789],[133.729,34.0442],[133.7213,34.0223],[133.6796,34.0125],[133.6857,34.0037],[133.6751,33.9837],[133.6841,33.9764],[133.683,33.9646],[133.6924,33.9624],[133.6871,33.9553],[133.6926,33.944],[133.6757,33.9264],[133.6856,33.9257],[133.6905,33.9163],[133.6776,33.9095],[133.6779,33.8931],[133.6619,33.8858],[133.6664,33.866],[133.7017,33.8498],[133.7402,33.8478],[133.7482,33.8368],[133.7758,33.8423],[133.8178,33.8373],[133.8387,33.8452],[133.8724,33.8062],[133.9128,33.7914],[133.9475,33.8037],[133.9511,33.8287],[133.9598,33.8347],[133.9875,33.8395],[133.9959,33.8219],[134.0327,33.8284],[134.0333,33.8093],[134.0588,33.7767],[134.0561,33.7519],[134.0684,33.7284],[134.0701,33.7112],[134.0581,33.691],[134.1263,33.6959],[134.1748,33.684],[134.1713,33.6577],[134.1842,33.649],[134.1492,33.6271],[134.156,33.6118],[134.176,33.6071],[134.1706,33.597],[134.1847,33.5887],[134.1932,33.5616],[134.2187,33.5675],[134.2385,33.5529],[134.2872,33.5598],[134.3059,33.5484]]],[[[134.6437,34.2395],[134.6177,34.2301],[134.6146,34.2196],[134.6246,34.218],[134.6223,34.2115],[134.5889,34.2109],[134.5911,34.2014],[134.6258,34.1873],[134.6274,34.2078],[134.6437,34.2395]]],[[[134.6072,34.2517],[134.5896,34.2351],[134.5911,34.214],[134.6174,34.2342],[134.6179,34.244],[134.6072,34.2517]]],[[[134.4859,33.6454],[134.482,33.6357],[134.4902,33.6321],[134.5047,33.641],[134.4859,33.6454]]],[[[134.6567,33.8675],[134.6482,33.8639],[134.6494,33.854],[134.6615,33.8631],[134.6567,33.8675]]],[[[134.8197,33.8577],[134.8063,33.8463],[134.8062,33.843],[134.8186,33.8441],[134.8197,33.8577]]],[[[134.6,34.0683],[134.5971,34.0669],[134.5911,34.0557],[134.6032,34.0558],[134.6,34.0683]]],[[[134.3184,33.5481],[134.3187,33.5402],[134.3238,33.5402],[134.3226,33.544],[134.3184,33.5481]]],[[[134.4222,33.6372],[134.422,33.6302],[134.4262,33.63],[134.4266,33.6354],[134.4222,33.6372]]],[[[134.6798,33.8697],[134.6724,33.8626],[134.6773,33.8616],[134.6798,33.8697]]],[[[134.797,33.8486],[134.7989,33.8426],[134.8013,33.8441],[134.797,33.8486]]],[[[134.5902,34.0509],[134.5907,34.0452],[134.5938,34.0445],[134.5961,34.0493],[134.5902,34.0509]]],[[[134.7103,33.8578],[134.7097,33.8528],[134.7146,33.8559],[134.7103,33.8578]]]]}},{"id":36,"type":"Feature","properties":{"N03_001":"香川県","N03_007":"37000"},"geometry":{"type":"MultiPolygon","coordinates":[[[[134.4402,34.2079],[134.4099,34.223],[134.4121,34.235],[134.3992,34.2365],[134.3937,34.2511],[134.3775,34.2606],[134.3684,34.2498],[134.3468,34.2525],[134.3059,34.2785],[134.2961,34.274],[134.2717,34.2892],[134.2623,34.2828],[134.2557,34.2871],[134.2467,34.3039],[134.2639,34.3212],[134.2658,34.3366],[134.2585,34.3366],[134.2501,34.3516],[134.2408,34.3404],[134.2262,34.342],[134.2113,34.3691],[134.2043,34.3668],[134.2134,34.3499],[134.2088,34.3452],[134.1923,34.3439],[134.1831,34.3517],[134.185,34.3336],[134.1663,34.3259],[134.1547,34.3389],[134.1637,34.3826],[134.1363,34.4003],[134.1197,34.3948],[134.1288,34.3861],[134.1172,34.3776],[134.1206,34.3595],[134.0923,34.3846],[134.0907,34.3627],[134.0787,34.35],[134.0796,34.3593],[134.0695,34.352],[134.0707,34.3645],[134.0645,34.3649],[134.0552,34.3562],[134.0603,34.3509],[133.9988,34.3546],[133.9928,34.3566],[133.9805,34.3669],[133.9781,34.3725],[133.9636,34.365],[133.9592,34.3776],[133.9385,34.3757],[133.9302,34.3893],[133.9209,34.3777],[133.894,34.3824],[133.8881,34.3752],[133.8949,34.3546],[133.8578,34.3267],[133.8343,34.3248],[133.8304,34.3333],[133.8576,34.3458],[133.8579,34.3574],[133.8495,34.3599],[133.8289,34.3421],[133.8405,34.3607],[133.8207,34.3513],[133.8207,34.3188],[133.7898,34.2987],[133.7827,34.3107],[133.7721,34.306],[133.7753,34.2965],[133.7684,34.3038],[133.7619,34.2999],[133.7681,34.2878],[133.7633,34.2837],[133.7404,34.2819],[133.747,34.2773],[133.7412,34.2716],[133.7313,34.2787],[133.7356,34.2614],[133.6982,34.2343],[133.6752,34.2369],[133.6724,34.2269],[133.6716,34.2465],[133.6491,34.2328],[133.6229,34.2356],[133.609,34.2524],[133.5741,34.2651],[133.5578,34.2625],[133.5756,34.2565],[133.5751,34.2443],[133.6038,34.2344],[133.6482,34.1917],[133.6392,34.1248],[133.628,34.119],[133.6369,34.1139],[133.6312,34.0601],[133.6228,34.0494],[133.5985,34.0436],[133.6133,34.0323],[133.6269,34.0378],[133.6395,34.0259],[133.6654,34.0271],[133.6796,34.0125],[133.7213,34.0223],[133.729,34.0442],[133.778,34.0789],[133.8001,34.0696],[133.815,34.0733],[133.8218,34.0917],[133.8548,34.1042],[133.8671,34.1002],[133.8929,34.1082],[133.9013,34.1001],[133.9223,34.1144],[133.9398,34.1149],[133.9439,34.0945],[133.9591,34.0825],[133.9731,34.073],[133.9939,34.0726],[134.0104,34.0868],[134.0263,34.0851],[134.0498,34.1173],[134.0613,34.111],[134.0796,34.1211],[134.0945,34.1146],[134.1223,34.1188],[134.1393,34.1341],[134.1372,34.1547],[134.1685,34.1745],[134.2043,34.1727],[134.2603,34.1836],[134.2922,34.1792],[134.2976,34.1687],[134.3144,34.1772],[134.3442,34.1724],[134.3498,34.1853],[134.3855,34.1651],[134.4042,34.1671],[134.4196,34.1579],[134.4339,34.1695],[134.4293,34.1834],[134.438,34.1895],[134.4402,34.2079]]],[[[134.3468,34.5648],[134.3148,34.5591],[134.2952,34.5467],[134.2644,34.5533],[134.2396,34.5301],[134.1855,34.5158],[134.1705,34.5263],[134.1609,34.5099],[134.1822,34.4869],[134.1847,34.488],[134.1967,34.4845],[134.2024,34.4801],[134.2121,34.4815],[134.2181,34.4743],[134.2335,34.4765],[134.2296,34.4689],[134.2361,34.4705],[134.242,34.4584],[134.2235,34.4384],[134.2386,34.4325],[134.2246,34.4251],[134.2329,34.4147],[134.2513,34.4244],[134.2486,34.4335],[134.2676,34.4679],[134.2964,34.4797],[134.3102,34.4775],[134.3167,34.4596],[134.2842,34.4608],[134.2844,34.4457],[134.3196,34.458],[134.3378,34.4329],[134.3354,34.4473],[134.3536,34.4777],[134.3428,34.4879],[134.3512,34.4927],[134.3473,34.5004],[134.36,34.529],[134.3443,34.544],[134.3635,34.5605],[134.3461,34.5578],[134.3468,34.5648]]],[[[134.0856,34.4995],[134.0419,34.4884],[134.0361,34.4814],[134.0813,34.4592],[134.1046,34.487],[134.0856,34.4995]]],[[[133.7105,34.3991],[133.7091,34.3873],[133.6995,34.3867],[133.6851,34.3636],[133.6988,34.352],[133.7305,34.3703],[133.7189,34.3964],[133.7105,34.3991]]],[[[134.1667,34.4938],[134.1447,34.4788],[134.1413,34.4702],[134.1517,34.4613],[134.1922,34.4814],[134.1667,34.4938]]],[[[133.9698,34.478],[133.9669,34.4665],[133.9763,34.449],[133.9911,34.4431],[134.009,34.4476],[134.0117,34.4542],[134.0027,34.4507],[133.9823,34.4756],[133.9719,34.4731],[133.9698,34.478]]],[[[133.7777,34.401],[133.7615,34.39],[133.7527,34.3986],[133.7576,34.3698],[133.7943,34.3902],[133.7777,34.401]]],[[[133.6264,34.2871],[133.6215,34.2809],[133.6269,34.2714],[133.6172,34.2591],[133.655,34.2707],[133.6563,34.2812],[133.6392,34.2723],[133.6264,34.2871]]],[[[133.6718,34.4108],[133.6512,34.4067],[133.6655,34.383],[133.6769,34.3928],[133.6718,34.4108]]],[[[134.0539,34.4092],[134.0373,34.3869],[134.0382,34.3793],[134.0542,34.3904],[134.0539,34.4092]]],[[[133.6643,34.3255],[133.6705,34.3079],[133.6801,34.3058],[133.6801,34.3171],[133.6643,34.3255]]],[[[133.6213,34.3544],[133.62,34.3335],[133.6274,34.3314],[133.6317,34.339],[133.6213,34.3544]]],[[[134.0076,34.498],[134.0111,34.4872],[134.0191,34.4801],[134.0239,34.5068],[134.0169,34.4965],[134.0076,34.498]]],[[[134.0626,34.4332],[134.0576,34.4318],[134.0552,34.4172],[134.0647,34.4223],[134.0626,34.4332]]],[[[133.8205,34.3954],[133.8123,34.3918],[133.8224,34.3828],[133.8245,34.3902],[133.8205,34.3954]]],[[[134.1271,34.4822],[134.1104,34.4796],[134.1081,34.4751],[134.1178,34.473],[134.1271,34.4822]]],[[[133.5272,34.1366],[133.5331,34.126],[133.5419,34.1288],[133.5396,34.1329],[133.5272,34.1366]]],[[[133.8046,34.4274],[133.7956,34.4253],[133.8044,34.4151],[133.8091,34.4208],[133.8046,34.4274]]],[[[133.7797,34.3655],[133.7751,34.362],[133.7758,34.3565],[133.787,34.3599],[133.7797,34.3655]]],[[[134.0044,34.4732],[133.9988,34.4701],[133.9999,34.4625],[134.0094,34.4681],[134.0044,34.4732]]],[[[134.1054,34.4146],[134.106,34.4074],[134.101,34.4006],[134.1117,34.4046],[134.1054,34.4146]]],[[[133.9655,34.4618],[133.9564,34.4606],[133.9559,34.4578],[133.965,34.454],[133.9655,34.4618]]],[[[133.6747,34.2745],[133.6702,34.2722],[133.6809,34.2673],[133.6817,34.2729],[133.6747,34.2745]]],[[[133.6495,34.3833],[133.6429,34.377],[133.6524,34.3734],[133.6528,34.3759],[133.6495,34.3833]]],[[[134.0136,34.4423],[134.0078,34.4421],[134.0038,34.4401],[134.0104,34.4361],[134.0136,34.4423]]],[[[133.9537,34.4778],[133.9507,34.4735],[133.9588,34.4686],[133.9584,34.4717],[133.9537,34.4778]]],[[[133.9999,34.3583],[134.0002,34.3598],[133.9945,34.3632],[133.993,34.3581],[133.9999,34.3583]]],[[[133.784,34.4072],[133.7803,34.4046],[133.7893,34.4035],[133.784,34.4072]]],[[[133.9736,34.5125],[133.9706,34.5057],[133.9756,34.5053],[133.9736,34.5125]]],[[[133.6253,34.2035],[133.6219,34.2014],[133.6277,34.1981],[133.6281,34.2007],[133.6253,34.2035]]],[[[133.979,34.4951],[133.98,34.4882],[133.9835,34.4889],[133.979,34.4951]]],[[[134.1512,34.5207],[134.1448,34.5203],[134.1448,34.5174],[134.1496,34.5161],[134.1512,34.5207]]],[[[133.6466,34.3343],[133.6452,34.3368],[133.6401,34.3375],[133.641,34.3335],[133.6466,34.3343]]],[[[133.8295,34.395],[133.828,34.3904],[133.8328,34.3891],[133.8313,34.3941],[133.8295,34.395]]],[[[133.9941,34.4868],[133.9897,34.4844],[133.994,34.4828],[133.9941,34.4868]]],[[[133.9723,34.4805],[133.9716,34.4748],[133.976,34.4752],[133.9723,34.4805]]],[[[134.1262,34.4211],[134.1229,34.419],[134.1226,34.4163],[134.1268,34.4165],[134.1262,34.4211]]],[[[133.8121,34.4087],[133.8088,34.4082],[133.8075,34.4053],[133.8113,34.4043],[133.8121,34.4087]]],[[[134.1895,34.4728],[134.1846,34.4701],[134.1855,34.4677],[134.1904,34.4708],[134.1895,34.4728]]],[[[133.9253,34.4188],[133.9201,34.4185],[133.9234,34.4167],[133.9253,34.4188]]]]}},{"id":37,"type":"Feature","properties":{"N03_001":"愛媛県","N03_007":"38000"},"geometry":{"type":"MultiPolygon","coordinates":[[[[133.5985,34.0436],[133.5613,34.009],[133.5517,34.013],[133.5556,34.001],[133.546,34.0078],[133.5411,34.0033],[133.5519,33.9956],[133.5469,33.989],[133.5393,33.9941],[133.5379,33.9833],[133.5326,33.987],[133.5184,33.9726],[133.4905,33.9693],[133.4106,33.9906],[133.3564,33.9792],[133.3461,33.9905],[133.3369,33.9921],[133.333,33.9837],[133.3331,33.9907],[133.3205,33.9942],[133.3059,33.9828],[133.2703,33.9836],[133.2637,33.9612],[133.2557,33.9807],[133.2485,33.9749],[133.2491,33.9607],[133.1993,33.9462],[133.198,33.9359],[133.1958,33.946],[133.1859,33.9495],[133.1719,33.9399],[133.1768,33.9308],[133.1716,33.9279],[133.1679,33.9382],[133.133,33.9274],[133.1258,33.9415],[133.1168,33.9258],[133.1123,33.9305],[133.1193,33.9411],[133.1078,33.9478],[133.1012,33.9407],[133.0883,33.9454],[133.0851,33.9575],[133.0647,33.9736],[133.0666,33.9826],[133.03,34.0461],[133.0343,34.0491],[133.0253,34.05],[133.0228,34.0626],[133.0068,34.0659],[132.9773,34.1164],[132.9692,34.1096],[132.943,34.1396],[132.9237,34.116],[132.8965,34.1207],[132.8993,34.1099],[132.9262,34.1094],[132.9302,34.0884],[132.9203,34.0871],[132.9164,34.0636],[132.8651,34.0592],[132.8374,34.0335],[132.7703,33.9991],[132.7715,33.9611],[132.7552,33.9113],[132.7402,33.9037],[132.7107,33.9067],[132.6999,33.8767],[132.7125,33.8588],[132.6961,33.852],[132.7008,33.8388],[132.6873,33.8341],[132.6926,33.8138],[132.6834,33.8085],[132.69,33.7884],[132.6992,33.7867],[132.7,33.761],[132.6799,33.7458],[132.6476,33.6926],[132.5859,33.6536],[132.48,33.617],[132.4183,33.5447],[132.3071,33.4873],[132.2587,33.4726],[132.2657,33.4676],[132.2591,33.45],[132.2402,33.4649],[132.2259,33.459],[132.2246,33.4445],[132.1996,33.4561],[132.1941,33.4423],[132.1739,33.4468],[132.1738,33.4263],[132.1572,33.4396],[132.148,33.434],[132.1697,33.4187],[132.1652,33.4111],[132.1535,33.4072],[132.1371,33.4194],[132.1343,33.4049],[132.1201,33.4199],[132.0182,33.3477],[132.0252,33.3439],[132.0666,33.376],[132.1137,33.391],[132.1207,33.3883],[132.1143,33.3726],[132.1039,33.3734],[132.1022,33.3625],[132.1292,33.3636],[132.1522,33.3759],[132.1533,33.3892],[132.1825,33.4121],[132.2384,33.4264],[132.2571,33.4419],[132.2806,33.4471],[132.2997,33.4747],[132.3173,33.457],[132.3238,33.4723],[132.3532,33.4738],[132.3459,33.4836],[132.3515,33.4883],[132.3707,33.4738],[132.3729,33.4631],[132.3903,33.477],[132.402,33.4711],[132.3904,33.4683],[132.3877,33.4594],[132.417,33.4618],[132.4081,33.4465],[132.3886,33.4423],[132.4162,33.4429],[132.4067,33.4255],[132.3991,33.43],[132.3886,33.4234],[132.3965,33.3971],[132.3794,33.3878],[132.3901,33.3652],[132.4106,33.384],[132.4194,33.3831],[132.4103,33.3641],[132.4204,33.3566],[132.4092,33.3532],[132.4095,33.3432],[132.4002,33.3471],[132.3764,33.3372],[132.3706,33.3186],[132.3914,33.3195],[132.4167,33.3037],[132.4336,33.3197],[132.452,33.309],[132.4671,33.3187],[132.4866,33.3176],[132.4908,33.3252],[132.4984,33.3119],[132.5224,33.3158],[132.5282,33.3066],[132.5084,33.3061],[132.4831,33.2896],[132.4697,33.2572],[132.484,33.2663],[132.4758,33.2698],[132.4829,33.2749],[132.501,33.2701],[132.5067,33.2596],[132.5422,33.2716],[132.5409,33.2588],[132.52,33.2498],[132.55,33.2339],[132.5545,33.2222],[132.5395,33.227],[132.5411,33.2165],[132.5119,33.2133],[132.5055,33.1966],[132.4903,33.1951],[132.5068,33.1946],[132.5149,33.1724],[132.5013,33.1701],[132.4987,33.1837],[132.4868,33.1644],[132.4772,33.1698],[132.4827,33.1859],[132.4702,33.1764],[132.4582,33.1843],[132.4596,33.2079],[132.4442,33.2011],[132.4227,33.211],[132.3952,33.2063],[132.3895,33.198],[132.3987,33.195],[132.4,33.1849],[132.4178,33.1973],[132.4102,33.1958],[132.4036,33.2054],[132.4226,33.2085],[132.4641,33.1704],[132.4365,33.1697],[132.434,33.1584],[132.4264,33.1584],[132.443,33.1487],[132.4421,33.1379],[132.4519,33.1317],[132.4536,33.1425],[132.5007,33.1354],[132.4992,33.1204],[132.4624,33.1269],[132.4576,33.1214],[132.4751,33.1071],[132.4709,33.0994],[132.4797,33.0988],[132.4612,33.0862],[132.4704,33.0836],[132.4653,33.0772],[132.4711,33.0713],[132.4728,33.0822],[132.4822,33.0764],[132.4843,33.0569],[132.4781,33.0648],[132.4487,33.0554],[132.4444,33.0651],[132.4439,33.0572],[132.4282,33.0568],[132.4249,33.0673],[132.4129,33.0631],[132.4136,33.0723],[132.3972,33.0573],[132.4049,33.0474],[132.3952,33.0388],[132.3961,33.0284],[132.3787,33.0215],[132.4106,33.0268],[132.4041,33.0347],[132.4076,33.0549],[132.4181,33.0581],[132.443,33.0481],[132.4523,33.0352],[132.4496,33.048],[132.4708,33.0493],[132.4689,33.0407],[132.4852,33.0464],[132.4849,33.0107],[132.495,33.0184],[132.506,33.0049],[132.5006,32.9938],[132.5119,32.9764],[132.5539,32.9603],[132.4996,32.9651],[132.5016,32.9821],[132.4849,32.9807],[132.4867,32.9734],[132.4717,32.9686],[132.5028,32.9561],[132.4922,32.9399],[132.4605,32.9382],[132.4775,32.9223],[132.4764,32.9046],[132.5216,32.9083],[132.5271,32.9198],[132.4972,32.9194],[132.5244,32.9337],[132.5044,32.943],[132.5127,32.9501],[132.5379,32.9472],[132.5399,32.9362],[132.566,32.9303],[132.5481,32.9449],[132.5719,32.9462],[132.5776,32.9392],[132.5931,32.9458],[132.5861,32.9346],[132.599,32.9126],[132.6555,32.9252],[132.6525,32.9392],[132.6834,32.9468],[132.6915,32.9736],[132.6757,33.0167],[132.678,33.038],[132.6577,33.0571],[132.6695,33.0712],[132.6693,33.0924],[132.6635,33.109],[132.6282,33.1348],[132.6323,33.1493],[132.6149,33.1693],[132.6194,33.1809],[132.6356,33.1864],[132.6387,33.1736],[132.6624,33.1544],[132.6869,33.1348],[132.6958,33.1376],[132.7378,33.1822],[132.7406,33.2013],[132.7753,33.2058],[132.7719,33.2411],[132.7931,33.2748],[132.8497,33.2897],[132.9007,33.3206],[132.9029,33.338],[132.8901,33.3575],[132.86,33.3684],[132.8545,33.3983],[132.8354,33.4007],[132.834,33.4202],[132.8234,33.4299],[132.8266,33.4456],[132.8081,33.4538],[132.8111,33.4661],[132.8475,33.4792],[132.8737,33.471],[132.9596,33.4663],[133.0154,33.4809],[133.0134,33.4906],[133.0343,33.5118],[133.0379,33.5264],[133.0626,33.5454],[133.0623,33.5614],[133.0468,33.5752],[133.0546,33.5935],[133.0796,33.6087],[133.0672,33.6226],[133.075,33.6506],[133.1165,33.6601],[133.1192,33.6886],[133.1446,33.7046],[133.1398,33.7157],[133.1612,33.7317],[133.1578,33.7503],[133.1838,33.7681],[133.1927,33.7938],[133.2037,33.7947],[133.2199,33.7804],[133.2369,33.7827],[133.2572,33.7939],[133.2692,33.8256],[133.2843,33.8318],[133.3263,33.8148],[133.3558,33.8343],[133.3917,33.8244],[133.4121,33.8391],[133.4995,33.8292],[133.5097,33.8483],[133.5263,33.8537],[133.5402,33.8787],[133.5571,33.8822],[133.5831,33.8677],[133.607,33.8815],[133.6273,33.872],[133.6779,33.8931],[133.6776,33.9095],[133.6905,33.9163],[133.6765,33.9329],[133.6926,33.9478],[133.6871,33.9553],[133.6924,33.9624],[133.683,33.9646],[133.6841,33.9764],[133.6751,33.9837],[133.6857,34.0037],[133.6782,34.0182],[133.656,34.0291],[133.6395,34.0259],[133.6269,34.0378],[133.6133,34.0323],[133.5985,34.0436]]],[[[133.0115,34.2997],[132.9861,34.2912],[132.9807,34.2867],[132.9847,34.2697],[132.9649,34.2641],[132.9716,34.258],[132.9899,34.262],[132.9953,34.2471],[132.9906,34.225],[132.9568,34.2241],[132.9417,34.2038],[132.9477,34.2054],[132.9486,34.1943],[133.0573,34.2185],[133.0518,34.2398],[133.0573,34.2583],[133.0448,34.2623],[133.0294,34.2928],[133.0115,34.2997]]],[[[133.037,34.1953],[133.0208,34.1782],[133.0356,34.1695],[133.0396,34.1534],[133.0264,34.1578],[133.0152,34.1418],[133.0224,34.1266],[133.0127,34.1108],[133.0351,34.1077],[133.1101,34.1725],[133.0833,34.1694],[133.0686,34.1917],[133.037,34.1953]]],[[[132.6457,34.0183],[132.6452,34.0103],[132.6226,33.9932],[132.6048,33.9911],[132.6047,33.984],[132.5779,33.9684],[132.6007,33.9427],[132.6169,33.9576],[132.6416,33.9566],[132.6408,33.9705],[132.63,33.9736],[132.6448,33.9816],[132.6408,34.0031],[132.6519,34.0133],[132.6457,34.0183]]],[[[133.1078,34.2417],[133.0788,34.23],[133.0646,34.2352],[133.0593,34.2266],[133.0659,34.2168],[133.054,34.2122],[133.0701,34.2088],[133.0831,34.1937],[133.0953,34.2044],[133.111,34.1912],[133.1237,34.1941],[133.1198,34.2064],[133.1386,34.2119],[133.1087,34.2225],[133.1078,34.2417]]],[[[133.1525,34.2804],[133.1325,34.2651],[133.1338,34.241],[133.1656,34.2553],[133.1525,34.2804]]],[[[133.2291,34.2918],[133.1988,34.2688],[133.2005,34.24],[133.214,34.244],[133.2085,34.2575],[133.2368,34.2771],[133.2291,34.2918]]],[[[132.6912,33.9265],[132.6795,33.9211],[132.6787,33.9105],[132.6599,33.9103],[132.6532,33.9006],[132.6689,33.8963],[132.6622,33.8769],[132.6686,33.8703],[132.6898,33.8758],[132.6726,33.8928],[132.674,33.9009],[132.6929,33.9039],[132.6912,33.9265]]],[[[132.5617,33.9942],[132.5342,33.9866],[132.5383,33.963],[132.5499,33.9705],[132.5617,33.9942]]],[[[132.6618,33.9738],[132.6495,33.9573],[132.6567,33.9508],[132.6751,33.9532],[132.6725,33.9701],[132.6618,33.9738]]],[[[133.1719,34.2856],[133.166,34.2811],[133.1728,34.258],[133.1861,34.2585],[133.1719,34.2856]]],[[[132.5178,33.2412],[132.5075,33.229],[132.5202,33.2179],[132.5344,33.2277],[132.5178,33.2412]]],[[[132.8732,34.1974],[132.8639,34.1903],[132.8755,34.1788],[132.892,34.1838],[132.894,34.1905],[132.8732,34.1974]]],[[[132.5125,33.9904],[132.4961,33.9793],[132.4978,33.97],[132.5229,33.9863],[132.5125,33.9904]]],[[[132.3751,33.2216],[132.3541,33.204],[132.3577,33.1891],[132.3652,33.1895],[132.3609,33.2022],[132.3827,33.2116],[132.3751,33.2216]]],[[[133.1932,34.2573],[133.1846,34.2501],[133.182,34.2276],[133.196,34.2457],[133.1932,34.2573]]],[[[132.2634,33.1847],[132.2661,33.1683],[132.2931,33.1696],[132.294,33.1756],[132.2657,33.174],[132.2634,33.1847]]],[[[133.3673,34.0078],[133.3552,34.0055],[133.3505,33.9964],[133.3607,33.9899],[133.3689,33.9941],[133.3673,34.0078]]],[[[132.5498,33.9382],[132.5233,33.9368],[132.5179,33.9274],[132.5357,33.9268],[132.5529,33.9331],[132.5498,33.9382]]],[[[133.1638,34.2464],[133.1536,34.2438],[133.1519,34.2332],[133.1672,34.2342],[133.1721,34.2414],[133.1638,34.2464]]],[[[132.9238,34.2021],[132.9218,34.1841],[132.9298,34.1827],[132.9343,34.185],[132.9238,34.2021]]],[[[132.9979,34.1586],[132.9919,34.1495],[133.0094,34.1481],[133.0109,34.1529],[132.9979,34.1586]]],[[[132.309,33.1638],[132.2895,33.1615],[132.2904,33.1569],[132.3117,33.1484],[132.3049,33.1566],[132.309,33.1638]]],[[[133.3094,34.1838],[133.3174,34.1715],[133.3282,34.1735],[133.3257,34.1806],[133.3094,34.1838]]],[[[133.2723,34.2001],[133.266,34.1972],[133.2683,34.1825],[133.2764,34.1843],[133.2723,34.2001]]],[[[132.4552,32.9521],[132.4503,32.9471],[132.4356,32.943],[132.4555,32.9428],[132.4552,32.9521]]],[[[132.3437,33.3808],[132.3439,33.3778],[132.3485,33.3727],[132.3632,33.3732],[132.3437,33.3808]]],[[[132.6896,33.9774],[132.6863,33.9655],[132.6977,33.9657],[132.6928,33.9761],[132.6896,33.9774]]],[[[132.3325,33.1096],[132.3187,33.107],[132.3181,33.1021],[132.3369,33.1064],[132.3325,33.1096]]],[[[133.0883,34.1949],[133.0825,34.1856],[133.0854,34.1816],[133.0934,34.1878],[133.0883,34.1949]]],[[[132.534,33.8527],[132.5296,33.8557],[132.5166,33.8512],[132.5323,33.8445],[132.534,33.8527]]],[[[132.3422,33.396],[132.3355,33.3913],[132.3419,33.3874],[132.3463,33.3952],[132.3422,33.396]]],[[[133.1813,34.1119],[133.1787,34.1068],[133.1879,34.1028],[133.1847,34.1117],[133.1813,34.1119]]],[[[132.9051,34.1943],[132.896,34.1894],[132.8985,34.1855],[132.9071,34.189],[132.9051,34.1943]]],[[[132.4222,33.1138],[132.4116,33.1104],[132.4082,33.1063],[132.4135,33.1026],[132.4222,33.1138]]],[[[132.6389,33.8947],[132.6374,33.8925],[132.6431,33.8863],[132.6461,33.8908],[132.6389,33.8947]]],[[[132.9498,34.2494],[132.9491,34.2418],[132.9575,34.2442],[132.9551,34.2475],[132.9498,34.2494]]],[[[133.1579,34.2307],[133.1478,34.2216],[133.148,34.2172],[133.1528,34.2185],[133.1579,34.2307]]],[[[133.2597,34.2358],[133.2568,34.2314],[133.26,34.2292],[133.2637,34.2337],[133.2597,34.2358]]],[[[133.1913,34.1234],[133.1835,34.122],[133.1811,34.1158],[133.1861,34.1159],[133.1913,34.1234]]],[[[132.9818,34.1289],[132.9761,34.1272],[132.9776,34.1229],[132.9833,34.1255],[132.9818,34.1289]]],[[[133.3595,34.174],[133.3605,34.1656],[133.3635,34.163],[133.3662,34.1671],[133.3595,34.174]]],[[[132.9936,34.122],[132.9902,34.1186],[132.9915,34.113],[132.9949,34.1139],[132.9936,34.122]]],[[[132.4842,33.7391],[132.4766,33.737],[132.4875,33.7367],[132.4842,33.7391]]],[[[132.3389,33.1615],[132.3294,33.1569],[132.3313,33.1552],[132.3389,33.1615]]],[[[132.3524,33.4582],[132.3444,33.4573],[132.3446,33.4531],[132.3521,33.455],[132.3524,33.4582]]],[[[132.3619,33.232],[132.3609,33.2251],[132.3642,33.2238],[132.3619,33.232]]],[[[132.5959,34.0314],[132.5902,34.029],[132.589,34.0248],[132.5943,34.0265],[132.5959,34.0314]]],[[[133.0989,34.0243],[133.091,34.0223],[133.0963,34.02],[133.0989,34.0243]]],[[[132.9365,34.2056],[132.9323,34.199],[132.9372,34.2003],[132.9365,34.2056]]],[[[133.1595,34.1242],[133.1555,34.1214],[133.1587,34.1191],[133.1608,34.1226],[133.1595,34.1242]]],[[[132.3971,33.1676],[132.3922,33.1641],[132.396,33.1629],[132.3971,33.1676]]]]}},{"id":38,"type":"Feature","properties":{"N03_001":"高知県","N03_007":"39000"},"geometry":{"type":"MultiPolygon","coordinates":[[[[133.6607,33.8818],[133.6441,33.883],[133.6273,33.872],[133.5962,33.8798],[133.5831,33.8677],[133.5499,33.882],[133.5264,33.8621],[133.5263,33.8537],[133.5097,33.8483],[133.4995,33.8292],[133.4121,33.8391],[133.3917,33.8244],[133.3558,33.8343],[133.3263,33.8148],[133.2843,33.8318],[133.2692,33.8256],[133.2572,33.7939],[133.2369,33.7827],[133.2199,33.7804],[133.2037,33.7947],[133.1927,33.7938],[133.1838,33.7681],[133.1578,33.7503],[133.1612,33.7317],[133.1398,33.7157],[133.1446,33.7046],[133.1192,33.6886],[133.1165,33.6601],[133.075,33.6506],[133.0672,33.6226],[133.0796,33.6087],[133.0546,33.5935],[133.0468,33.5752],[133.0623,33.5614],[133.0626,33.5454],[133.0379,33.5264],[133.0343,33.5118],[133.0134,33.4906],[133.0154,33.4809],[132.9596,33.4663],[132.8737,33.471],[132.8475,33.4792],[132.8111,33.4661],[132.8081,33.4538],[132.8266,33.4456],[132.8234,33.4299],[132.834,33.4202],[132.8354,33.4007],[132.8545,33.3983],[132.86,33.3684],[132.8901,33.3575],[132.9033,33.3301],[132.8985,33.3147],[132.8577,33.2932],[132.7931,33.2748],[132.7719,33.2411],[132.7753,33.2058],[132.7406,33.2013],[132.7378,33.1822],[132.6958,33.1376],[132.6869,33.1348],[132.6624,33.1544],[132.6387,33.1736],[132.6356,33.1864],[132.6194,33.1809],[132.6149,33.1693],[132.6323,33.1493],[132.6282,33.1348],[132.6635,33.109],[132.6693,33.0924],[132.6695,33.0712],[132.6577,33.0571],[132.678,33.038],[132.6757,33.0167],[132.6915,32.9736],[132.6834,32.9468],[132.6525,32.9392],[132.6555,32.9252],[132.6861,32.9198],[132.6963,32.9285],[132.6982,32.9184],[132.7082,32.926],[132.7148,32.8994],[132.7219,32.8991],[132.7053,32.894],[132.721,32.8776],[132.6969,32.8869],[132.6905,32.8749],[132.6584,32.8559],[132.674,32.8404],[132.6594,32.8393],[132.6599,32.8268],[132.6441,32.8195],[132.6519,32.804],[132.6286,32.8002],[132.6442,32.7876],[132.6357,32.7848],[132.6404,32.7695],[132.629,32.7629],[132.6498,32.7664],[132.6546,32.7812],[132.6977,32.7848],[132.6872,32.7915],[132.7106,32.799],[132.7576,32.7531],[132.7707,32.762],[132.8019,32.7479],[132.8155,32.7533],[132.8144,32.7612],[132.8327,32.7661],[132.8391,32.7808],[132.8616,32.7907],[132.8715,32.786],[132.8659,32.7734],[132.8725,32.7685],[132.8791,32.7707],[132.8795,32.7897],[132.9309,32.7815],[132.9352,32.7869],[132.9435,32.7833],[132.9396,32.7738],[132.948,32.7663],[132.9589,32.7782],[132.9656,32.7751],[132.9537,32.7573],[132.9692,32.7515],[132.9661,32.7293],[132.985,32.7334],[133.0052,32.7217],[133.0196,32.7236],[133.0175,32.7615],[133.0016,32.7873],[132.9655,32.799],[132.9504,32.8206],[132.9595,32.8278],[132.951,32.8601],[132.9867,32.8677],[132.9933,32.8624],[133.0094,32.8812],[133.0087,32.9115],[132.9979,32.9225],[133.0,32.9461],[132.993,32.9523],[133.0113,33.0141],[133.0444,33.0389],[133.0725,33.0375],[133.0945,33.0236],[133.0993,33.0581],[133.1088,33.0626],[133.1052,33.0731],[133.1384,33.0941],[133.1706,33.1504],[133.1919,33.1674],[133.207,33.165],[133.2081,33.1493],[133.223,33.1533],[133.2216,33.1739],[133.2105,33.1837],[133.2194,33.1942],[133.2402,33.1965],[133.2392,33.2167],[133.2561,33.2252],[133.2477,33.2496],[133.2642,33.2573],[133.2556,33.2667],[133.2576,33.2807],[133.2421,33.2763],[133.2459,33.292],[133.2385,33.2971],[133.2605,33.3099],[133.2322,33.3283],[133.2561,33.3328],[133.2632,33.3436],[133.2616,33.3692],[133.2956,33.3896],[133.2882,33.4025],[133.3038,33.3905],[133.29,33.3831],[133.2991,33.375],[133.3245,33.3792],[133.3185,33.3558],[133.3321,33.3716],[133.3296,33.3874],[133.3457,33.4009],[133.3909,33.406],[133.405,33.4004],[133.4115,33.4105],[133.457,33.4198],[133.4609,33.4322],[133.4416,33.4393],[133.4353,33.4286],[133.4243,33.4291],[133.4165,33.4392],[133.3997,33.4194],[133.3867,33.4209],[133.3843,33.4111],[133.371,33.4248],[133.3663,33.4071],[133.3511,33.4161],[133.3698,33.4305],[133.406,33.4326],[133.3979,33.4453],[133.4178,33.4438],[133.4206,33.4497],[133.4236,33.4398],[133.4354,33.4377],[133.4472,33.4517],[133.4592,33.4486],[133.5727,33.4955],[133.5772,33.5008],[133.563,33.4965],[133.5462,33.5229],[133.561,33.5302],[133.5605,33.5421],[133.5714,33.539],[133.5643,33.5012],[133.6092,33.5214],[133.7382,33.5381],[133.7559,33.5315],[133.7544,33.5205],[133.7669,33.5158],[133.8298,33.5141],[133.9319,33.4886],[133.9586,33.4425],[134.0287,33.4143],[134.039,33.3706],[134.0537,33.3684],[134.0808,33.3371],[134.1025,33.3274],[134.1116,33.2939],[134.1296,33.299],[134.1434,33.2907],[134.1764,33.2431],[134.2119,33.3773],[134.2119,33.4006],[134.2416,33.4507],[134.2421,33.4639],[134.2899,33.5204],[134.2837,33.5214],[134.2856,33.531],[134.2998,33.5378],[134.3037,33.5539],[134.2737,33.5606],[134.2385,33.5529],[134.2187,33.5675],[134.1932,33.5616],[134.1847,33.5887],[134.1706,33.597],[134.176,33.6071],[134.156,33.6118],[134.1492,33.6271],[134.1842,33.649],[134.1713,33.6577],[134.1748,33.684],[134.1263,33.6959],[134.0581,33.691],[134.0701,33.7112],[134.0684,33.7284],[134.0561,33.7519],[134.0588,33.7767],[134.0333,33.8093],[134.0327,33.8284],[133.9959,33.8219],[133.9875,33.8395],[133.9598,33.8347],[133.9511,33.8287],[133.9475,33.8037],[133.9128,33.7914],[133.8724,33.8062],[133.8387,33.8452],[133.8178,33.8373],[133.7758,33.8423],[133.7482,33.8368],[133.7402,33.8478],[133.6777,33.8585],[133.6607,33.8818]]],[[[132.5457,32.7551],[132.5431,32.7325],[132.5349,32.729],[132.5506,32.7166],[132.5431,32.7025],[132.5719,32.7174],[132.5676,32.7404],[132.5457,32.7551]]],[[[132.4875,32.8076],[132.48,32.7999],[132.4808,32.7966],[132.4983,32.8053],[132.4875,32.8076]]],[[[132.6959,32.9187],[132.6875,32.9155],[132.7043,32.9141],[132.7011,32.9168],[132.6959,32.9187]]],[[[132.6294,32.7725],[132.6205,32.7715],[132.6181,32.7663],[132.6252,32.7673],[132.6294,32.7725]]],[[[132.4898,32.7436],[132.4864,32.7374],[132.4941,32.7398],[132.4898,32.7436]]],[[[133.3018,33.3642],[133.2981,33.362],[133.2999,33.3588],[133.3037,33.3624],[133.3018,33.3642]]],[[[132.658,32.9184],[132.6546,32.9174],[132.6556,32.9137],[132.6592,32.915],[132.658,32.9184]]],[[[132.6015,32.7484],[132.599,32.7447],[132.6041,32.745],[132.6015,32.7484]]]]}},{"id":39,"type":"Feature","properties":{"N03_001":"福岡県","N03_007":"40000"},"geometry":{"type":"MultiPolygon","coordinates":[[[[131.1856,33.6168],[131.1618,33.6165],[131.1207,33.6304],[131.113,33.6179],[131.1134,33.6239],[131.1066,33.617],[131.0937,33.6235],[131.0306,33.7055],[131.0148,33.7347],[131.0162,33.7508],[131.0083,33.7439],[131.0043,33.7482],[131.0008,33.7573],[131.0177,33.768],[131.0117,33.7775],[130.9993,33.7694],[130.9945,33.7749],[131.003,33.781],[131.0024,33.7942],[130.9869,33.7921],[130.9988,33.8071],[131.0193,33.8048],[131.0118,33.8196],[130.9666,33.8095],[130.9568,33.8294],[130.9604,33.839],[130.9762,33.8344],[130.9934,33.851],[130.9982,33.8683],[130.9821,33.8671],[130.9906,33.8856],[130.9998,33.8736],[131.004,33.8895],[130.9886,33.9003],[131.0132,33.9158],[131.0014,33.9246],[131.0106,33.9303],[131.0108,33.9419],[131.0211,33.9419],[131.0236,33.9598],[131.0064,33.9621],[131.0022,33.9699],[130.9922,33.9618],[130.963,33.9622],[130.9624,33.9477],[130.9463,33.9384],[130.9319,33.9079],[130.8921,33.8881],[130.8815,33.8919],[130.893,33.8963],[130.8878,33.9021],[130.871,33.8994],[130.8842,33.9052],[130.8718,33.916],[130.8482,33.9054],[130.8691,33.9175],[130.8505,33.9149],[130.86,33.9236],[130.855,33.9295],[130.8248,33.9205],[130.8227,33.9036],[130.8057,33.8917],[130.8058,33.8756],[130.8001,33.8754],[130.8022,33.8908],[130.7499,33.8739],[130.7838,33.8859],[130.7695,33.8892],[130.7958,33.8904],[130.8143,33.9022],[130.8167,33.9142],[130.8097,33.9181],[130.8186,33.923],[130.8074,33.9316],[130.7775,33.9343],[130.7544,33.9204],[130.7525,33.9259],[130.7688,33.9291],[130.7601,33.9339],[130.7687,33.9473],[130.7526,33.9453],[130.738,33.927],[130.7127,33.9386],[130.6874,33.9344],[130.6621,33.9133],[130.6632,33.9011],[130.6297,33.8833],[130.5771,33.8784],[130.5627,33.8902],[130.5293,33.8879],[130.5244,33.8665],[130.5114,33.8569],[130.488,33.851],[130.4773,33.8569],[130.482,33.8432],[130.4735,33.8188],[130.4658,33.8117],[130.4467,33.8132],[130.4459,33.7907],[130.4657,33.7857],[130.4708,33.7742],[130.4582,33.7362],[130.4322,33.7161],[130.4213,33.7184],[130.4163,33.7028],[130.3869,33.6788],[130.3249,33.6601],[130.3339,33.6493],[130.3613,33.6442],[130.3603,33.6583],[130.3684,33.6651],[130.4305,33.6868],[130.4256,33.675],[130.4345,33.6622],[130.405,33.6522],[130.4218,33.6467],[130.4041,33.6344],[130.4096,33.6329],[130.4036,33.623],[130.414,33.617],[130.4013,33.6185],[130.396,33.6102],[130.402,33.605],[130.3945,33.6023],[130.3847,33.6075],[130.3932,33.5973],[130.3857,33.5942],[130.3736,33.6051],[130.3529,33.5951],[130.3136,33.5981],[130.3038,33.5834],[130.2729,33.5826],[130.2507,33.5999],[130.2708,33.5961],[130.2751,33.6097],[130.2318,33.6169],[130.225,33.6367],[130.2371,33.6488],[130.2101,33.6674],[130.2004,33.6416],[130.1569,33.6281],[130.162,33.6126],[130.1488,33.5967],[130.128,33.5898],[130.108,33.5963],[130.106,33.5848],[130.0872,33.58],[130.0973,33.5743],[130.0977,33.5644],[130.1197,33.5746],[130.135,33.5663],[130.1321,33.5587],[130.1202,33.5584],[130.1161,33.5467],[130.1261,33.5568],[130.1413,33.5499],[130.1641,33.561],[130.1539,33.5371],[130.125,33.5245],[130.1331,33.5174],[130.1268,33.51],[130.1142,33.5077],[130.1013,33.516],[130.0947,33.5071],[130.0484,33.4952],[130.039,33.47],[130.0889,33.4687],[130.1077,33.4778],[130.1388,33.4704],[130.1485,33.4773],[130.1759,33.4659],[130.2056,33.4814],[130.2524,33.471],[130.2767,33.4789],[130.2959,33.4635],[130.3454,33.445],[130.3558,33.4332],[130.3979,33.4266],[130.4151,33.4093],[130.4109,33.3954],[130.4383,33.4003],[130.4422,33.4156],[130.4583,33.42],[130.4766,33.4385],[130.5111,33.4491],[130.537,33.4383],[130.542,33.3663],[130.536,33.343],[130.5121,33.3441],[130.4995,33.3256],[130.4781,33.3292],[130.4894,33.3159],[130.4849,33.3062],[130.4556,33.3008],[130.468,33.2878],[130.4487,33.2784],[130.4497,33.2651],[130.4362,33.2698],[130.4385,33.2894],[130.4269,33.2901],[130.4297,33.2746],[130.4171,33.2673],[130.4149,33.2526],[130.4021,33.2486],[130.4,33.2591],[130.392,33.2602],[130.3854,33.2405],[130.3701,33.2398],[130.3788,33.2222],[130.3397,33.205],[130.3406,33.1884],[130.3531,33.1805],[130.3558,33.1404],[130.3733,33.1413],[130.3733,33.1197],[130.3977,33.1079],[130.3876,33.0966],[130.4135,33.085],[130.4253,33.053],[130.4231,33.0295],[130.4077,33.0173],[130.4193,33.0079],[130.3967,33.0],[130.5071,33.0039],[130.5158,33.014],[130.4967,33.0518],[130.5169,33.0656],[130.5322,33.0655],[130.5414,33.082],[130.5656,33.0871],[130.5618,33.1042],[130.5802,33.116],[130.6562,33.1085],[130.6689,33.139],[130.6675,33.1569],[130.68,33.1713],[130.6934,33.1513],[130.7345,33.1534],[130.7709,33.1243],[130.8118,33.1166],[130.8204,33.1066],[130.8533,33.1091],[130.8797,33.153],[130.8735,33.1679],[130.8875,33.1863],[130.8365,33.2106],[130.8596,33.2291],[130.8263,33.2368],[130.8287,33.2574],[130.868,33.2641],[130.8521,33.2775],[130.8663,33.2921],[130.8573,33.3269],[130.8353,33.3435],[130.8618,33.3626],[130.8624,33.3767],[130.8858,33.3792],[130.8949,33.4462],[130.9263,33.4576],[130.9424,33.4857],[130.9723,33.5052],[131.0152,33.5091],[131.0298,33.5188],[131.0797,33.5054],[131.1759,33.5066],[131.1667,33.5287],[131.1869,33.544],[131.1906,33.558],[131.1724,33.5822],[131.1856,33.6168]]],[[[130.8089,33.9487],[130.7774,33.9461],[130.7774,33.9405],[130.8222,33.9304],[130.845,33.9392],[130.8323,33.9498],[130.8143,33.9434],[130.8089,33.9487]]],[[[130.4386,33.9154],[130.4097,33.9105],[130.4071,33.8965],[130.4307,33.8881],[130.4478,33.9125],[130.4386,33.9154]]],[[[130.2995,33.6895],[130.2901,33.6877],[130.2897,33.6712],[130.2986,33.6603],[130.3161,33.6616],[130.2995,33.6895]]],[[[130.4211,33.6753],[130.3951,33.6646],[130.3982,33.6555],[130.4262,33.6619],[130.4211,33.6753]]],[[[130.3018,33.6383],[130.2951,33.6179],[130.3012,33.607],[130.3139,33.616],[130.3018,33.6383]]],[[[131.0355,33.8568],[131.0246,33.8567],[131.0323,33.8199],[131.0419,33.8212],[131.0355,33.8568]]],[[[130.489,33.9135],[130.4957,33.8992],[130.5056,33.897],[130.4967,33.9121],[130.489,33.9135]]],[[[130.3635,33.7671],[130.3628,33.755],[130.3762,33.7598],[130.3726,33.7647],[130.3635,33.7671]]],[[[130.229,33.6945],[130.2272,33.6866],[130.2374,33.6843],[130.2377,33.6898],[130.229,33.6945]]],[[[130.1122,34.2498],[130.1035,34.2488],[130.0981,34.2418],[130.105,34.2396],[130.1122,34.2498]]],[[[130.0476,33.5758],[130.0449,33.5688],[130.0502,33.5656],[130.0541,33.571],[130.0476,33.5758]]],[[[130.8133,34.0011],[130.8095,33.9992],[130.8226,33.9871],[130.8165,34.0005],[130.8133,34.0011]]],[[[130.7255,34.0191],[130.7221,34.0166],[130.7287,34.0087],[130.7317,34.0162],[130.7255,34.0191]]],[[[130.0363,33.8741],[130.033,33.8669],[130.037,33.8625],[130.0386,33.8688],[130.0363,33.8741]]],[[[130.8524,33.9714],[130.8497,33.9701],[130.8565,33.9653],[130.8524,33.9714]]],[[[130.4699,33.8651],[130.4704,33.86],[130.4736,33.8591],[130.4727,33.8642],[130.4699,33.8651]]]]}},{"id":40,"type":"Feature","properties":{"N03_001":"佐賀県","N03_007":"41000"},"geometry":{"type":"MultiPolygon","coordinates":[[[[130.039,33.47],[130.0413,33.4561],[130.0266,33.4476],[129.9687,33.4554],[129.96,33.4687],[129.9711,33.4755],[129.9652,33.4832],[129.9477,33.4724],[129.9374,33.4816],[129.9535,33.5036],[129.9693,33.5115],[129.9571,33.5175],[129.9579,33.529],[129.9295,33.5369],[129.9281,33.5506],[129.9193,33.5421],[129.8977,33.5492],[129.8861,33.5417],[129.8822,33.5232],[129.8743,33.5161],[129.8776,33.5367],[129.8514,33.5535],[129.8481,33.5379],[129.8564,33.5332],[129.8481,33.5223],[129.8547,33.5068],[129.8431,33.5175],[129.8286,33.5175],[129.8445,33.4809],[129.8351,33.4721],[129.8481,33.4755],[129.8572,33.4648],[129.8526,33.4486],[129.8349,33.4508],[129.8393,33.4622],[129.826,33.4684],[129.8266,33.4793],[129.8064,33.4857],[129.7938,33.4723],[129.8084,33.4588],[129.7905,33.4591],[129.7833,33.4507],[129.825,33.424],[129.8238,33.4119],[129.855,33.4057],[129.8605,33.4123],[129.8687,33.4009],[129.8669,33.3759],[129.8493,33.365],[129.8478,33.3436],[129.8305,33.3359],[129.8339,33.3286],[129.8468,33.3278],[129.8361,33.3118],[129.8283,33.3124],[129.8311,33.3042],[129.8538,33.2935],[129.8378,33.2881],[129.8043,33.3288],[129.8072,33.3358],[129.7908,33.3404],[129.7766,33.3329],[129.759,33.2909],[129.8136,33.243],[129.8069,33.2112],[129.8171,33.1845],[129.8373,33.1742],[129.8535,33.1763],[129.8881,33.1562],[129.9433,33.1643],[129.9567,33.1182],[129.9513,33.11],[129.9253,33.1059],[129.9224,33.0905],[129.9331,33.0883],[129.9426,33.0717],[129.9941,33.048],[130.0082,33.0198],[130.0274,33.0203],[130.028,33.0125],[130.0612,32.9859],[130.0761,32.9876],[130.0889,32.974],[130.1441,32.9717],[130.1497,32.9628],[130.2103,32.9565],[130.2244,32.9621],[130.2227,32.9738],[130.191,32.9914],[130.17,33.0491],[130.1451,33.0727],[130.1405,33.0945],[130.1292,33.0941],[130.1352,33.0978],[130.1261,33.1172],[130.1499,33.1126],[130.1922,33.1416],[130.2233,33.1664],[130.2335,33.1942],[130.2475,33.1924],[130.2464,33.2029],[130.2592,33.1972],[130.2513,33.1902],[130.2857,33.1617],[130.2885,33.1467],[130.3558,33.1404],[130.3531,33.1805],[130.3406,33.1884],[130.3397,33.205],[130.3788,33.2222],[130.3733,33.2443],[130.3854,33.2405],[130.392,33.2602],[130.4,33.2591],[130.4021,33.2486],[130.4149,33.2526],[130.4171,33.2673],[130.4297,33.2746],[130.4269,33.2901],[130.4338,33.2925],[130.4362,33.2698],[130.4497,33.2651],[130.4487,33.2784],[130.468,33.2878],[130.4556,33.3008],[130.4849,33.3062],[130.4894,33.3159],[130.4781,33.3292],[130.4995,33.3256],[130.5121,33.3441],[130.536,33.343],[130.542,33.3663],[130.537,33.4383],[130.5111,33.4491],[130.4766,33.4385],[130.4583,33.42],[130.4422,33.4156],[130.4383,33.4003],[130.4109,33.3954],[130.4151,33.4093],[130.3979,33.4266],[130.3558,33.4332],[130.3454,33.445],[130.2959,33.4635],[130.2767,33.4789],[130.2524,33.471],[130.2056,33.4814],[130.1759,33.4659],[130.1485,33.4773],[130.1388,33.4704],[130.1077,33.4778],[130.0889,33.4687],[130.039,33.47]]],[[[129.7607,33.5827],[129.7475,33.5826],[129.7402,33.5729],[129.7629,33.5637],[129.7735,33.5754],[129.7607,33.5827]]],[[[129.863,33.6177],[129.8481,33.5993],[129.8623,33.587],[129.8668,33.5971],[129.8595,33.6033],[129.863,33.6177]]],[[[129.8819,33.5678],[129.8739,33.5594],[129.8735,33.5443],[129.8905,33.5522],[129.8819,33.5678]]],[[[129.9738,33.5436],[129.9683,33.542],[129.9669,33.5272],[129.9776,33.5335],[129.9738,33.5436]]],[[[129.8984,33.6042],[129.893,33.5978],[129.8952,33.5943],[129.9032,33.5958],[129.8984,33.6042]]],[[[129.9917,33.4803],[129.9852,33.478],[129.9865,33.4734],[129.9942,33.4729],[129.9917,33.4803]]],[[[129.8456,33.592],[129.8368,33.5896],[129.8352,33.5857],[129.8442,33.5849],[129.8456,33.592]]],[[[130.224,32.9583],[130.2168,32.9591],[130.2148,32.9524],[130.2227,32.9539],[130.224,32.9583]]],[[[129.7749,33.4952],[129.7766,33.4896],[129.7801,33.4906],[129.7782,33.4937],[129.7749,33.4952]]]]}},{"id":41,"type":"Feature","properties":{"N03_001":"長崎県","N03_007":"42000"},"geometry":{"type":"MultiPolygon","coordinates":[[[[128.3523,32.0057],[128.3583,32.0034],[128.349,31.9887],[128.3438,32.0041],[128.3523,32.0057]]],[[[128.3754,32.028],[128.3724,32.0247],[128.3685,32.0261],[128.3729,32.0301],[128.3754,32.028]]],[[[128.3921,32.0391],[128.3836,32.041],[128.394,32.0543],[128.4139,32.0503],[128.4053,32.0373],[128.3921,32.0391]]],[[[128.9037,32.5703],[128.9056,32.5623],[128.8924,32.5634],[128.8915,32.5673],[128.9037,32.5703]]],[[[128.9038,32.5904],[128.9023,32.5858],[128.8979,32.5886],[128.9038,32.5904]]],[[[128.9204,32.5915],[128.9148,32.5955],[128.9255,32.5987],[128.9275,32.5918],[128.9204,32.5915]]],[[[128.8315,32.6056],[128.8391,32.6048],[128.8409,32.5959],[128.8286,32.5974],[128.8315,32.6056]]],[[[128.6356,32.6468],[128.6225,32.6376],[128.6152,32.6551],[128.6346,32.6798],[128.6397,32.6634],[128.6277,32.6643],[128.6356,32.6468]]],[[[128.813,32.7696],[128.8262,32.7603],[128.8102,32.752],[128.8366,32.7575],[128.8269,32.7494],[128.8248,32.7421],[128.8329,32.752],[128.838,32.7458],[128.8517,32.7503],[128.8547,32.7442],[128.8425,32.7417],[128.8408,32.7092],[128.8576,32.6862],[128.8829,32.6696],[128.8867,32.6558],[128.8967,32.6541],[128.8927,32.6407],[128.8212,32.6361],[128.8064,32.6555],[128.7701,32.6447],[128.7629,32.6183],[128.7859,32.6091],[128.7932,32.5914],[128.7832,32.5906],[128.7729,32.5745],[128.7529,32.5795],[128.7368,32.607],[128.6884,32.6025],[128.6656,32.6084],[128.6552,32.5996],[128.6569,32.5909],[128.6379,32.5929],[128.6242,32.6088],[128.5982,32.6127],[128.6111,32.646],[128.6225,32.634],[128.6151,32.6312],[128.6125,32.6211],[128.6192,32.6307],[128.6254,32.6184],[128.6475,32.6067],[128.6558,32.6128],[128.6506,32.6201],[128.6676,32.63],[128.6434,32.6228],[128.6358,32.6283],[128.6399,32.6388],[128.6527,32.6435],[128.6454,32.6512],[128.6637,32.6445],[128.6631,32.6533],[128.6538,32.6541],[128.6586,32.6596],[128.6683,32.653],[128.6632,32.6634],[128.6761,32.6721],[128.6492,32.6809],[128.6481,32.7004],[128.6619,32.7082],[128.6467,32.7199],[128.6536,32.7423],[128.6403,32.7612],[128.6557,32.7795],[128.6817,32.7789],[128.6849,32.7692],[128.6973,32.7664],[128.692,32.7406],[128.6979,32.7375],[128.7261,32.7557],[128.7346,32.7547],[128.7265,32.748],[128.7408,32.7508],[128.7352,32.7436],[128.7405,32.7432],[128.7521,32.7685],[128.7588,32.7686],[128.77,32.7351],[128.7764,32.7352],[128.7751,32.7504],[128.7946,32.7638],[128.7757,32.7562],[128.7653,32.7605],[128.7764,32.7762],[128.7925,32.777],[128.7924,32.7891],[128.8088,32.7981],[128.8041,32.7767],[128.813,32.7696]]],[[[128.8958,32.7005],[128.8935,32.7058],[128.8982,32.7118],[128.9057,32.7052],[128.8972,32.694],[128.8958,32.7005]]],[[[128.8555,32.7221],[128.8544,32.719],[128.8506,32.7206],[128.8534,32.7236],[128.8555,32.7221]]],[[[128.5908,32.7131],[128.5925,32.7301],[128.61,32.7385],[128.6003,32.729],[128.6011,32.7125],[128.5908,32.7131]]],[[[128.8681,32.7232],[128.8629,32.7211],[128.8575,32.7272],[128.8629,32.7314],[128.8681,32.7232]]],[[[128.7755,32.7417],[128.7739,32.7371],[128.7721,32.7427],[128.7755,32.7417]]],[[[128.8796,32.7508],[128.8781,32.7402],[128.8688,32.7409],[128.8699,32.7458],[128.8796,32.7508]]],[[[128.9902,32.7553],[128.9864,32.7418],[128.9629,32.7509],[128.9893,32.7601],[128.9854,32.7782],[128.9929,32.791],[129.0074,32.7701],[129.0043,32.7505],[128.9902,32.7553]]],[[[128.9625,32.7711],[128.9678,32.7639],[128.9571,32.7626],[128.9534,32.7726],[128.9579,32.777],[128.9625,32.7711]]],[[[128.9366,32.8006],[128.929,32.8002],[128.9293,32.8066],[128.9361,32.8064],[128.9366,32.8006]]],[[[128.8995,32.8165],[128.9104,32.7968],[128.8936,32.7851],[128.883,32.7647],[128.8661,32.7634],[128.8498,32.7789],[128.8362,32.7793],[128.8378,32.8383],[128.8647,32.8304],[128.8626,32.8018],[128.8763,32.7977],[128.8785,32.8109],[128.8661,32.8265],[128.864,32.8448],[128.8995,32.8165]]],[[[128.6775,32.8026],[128.6748,32.8057],[128.6805,32.8104],[128.6827,32.804],[128.6775,32.8026]]],[[[128.9562,32.8506],[128.9542,32.8339],[128.9607,32.831],[128.9415,32.8274],[128.952,32.8167],[128.9403,32.7997],[128.9385,32.8229],[128.9144,32.8207],[128.9298,32.8275],[128.9187,32.8432],[128.8919,32.8639],[128.8815,32.853],[128.8741,32.8628],[128.8881,32.8656],[128.8942,32.8785],[128.8995,32.8708],[128.9163,32.8701],[128.9325,32.8389],[128.9359,32.8505],[128.9226,32.8701],[128.9287,32.871],[128.9427,32.8491],[128.9492,32.8727],[128.9416,32.8847],[128.9584,32.8691],[128.963,32.8496],[128.9562,32.8506]]],[[[128.9096,32.8859],[128.9121,32.8944],[128.9171,32.8969],[128.9164,32.8865],[128.9096,32.8859]]],[[[128.9432,32.9005],[128.9474,32.8979],[128.9444,32.8963],[128.9432,32.9005]]],[[[128.942,32.91],[128.9302,32.9195],[128.9386,32.9249],[128.9473,32.9249],[128.9569,32.9079],[128.9642,32.9119],[128.9621,32.9045],[128.942,32.91]]],[[[128.9564,32.9161],[128.9563,32.916],[128.9563,32.9161],[128.9564,32.9161]]],[[[128.9598,32.9162],[128.9573,32.9262],[128.9631,32.9325],[128.9683,32.9255],[128.9598,32.9162]]],[[[128.9024,33.1741],[128.9028,33.168],[128.8995,33.1698],[128.9024,33.1741]]],[[[128.9266,33.1947],[128.9299,33.1942],[128.929,33.1903],[128.9263,33.1907],[128.9266,33.1947]]],[[[129.0417,32.8497],[129.0407,32.8435],[129.039,32.8435],[129.0379,32.8538],[129.0417,32.8497]]],[[[129.0052,32.8561],[129.0014,32.8558],[129.0035,32.8628],[129.0052,32.8561]]],[[[129.0345,32.8739],[129.0354,32.868],[129.0297,32.8729],[129.0346,32.8828],[129.0345,32.8739]]],[[[129.0244,32.9076],[129.033,32.895],[129.0223,32.889],[129.0314,32.8901],[129.0241,32.864],[129.0276,32.8467],[129.0118,32.8596],[129.0185,32.8654],[128.9858,32.8664],[128.9806,32.8585],[128.9806,32.8718],[128.9665,32.872],[128.975,32.8783],[128.9616,32.9036],[128.9858,32.8892],[128.9939,32.8937],[128.9993,32.8841],[129.0015,32.9007],[128.9866,32.8992],[128.9806,32.9069],[128.9875,32.9097],[128.9779,32.9187],[128.9868,32.9202],[128.99,32.933],[129.0006,32.9202],[129.0156,32.9239],[129.0244,32.9076]]],[[[129.1965,32.9209],[129.191,32.9175],[129.1844,32.9185],[129.1897,32.9247],[129.1965,32.9209]]],[[[128.9827,32.945],[128.9777,32.9586],[128.9901,32.9657],[128.997,32.9616],[128.9948,32.9524],[128.9821,32.9507],[128.9827,32.945]]],[[[129.0271,32.9904],[129.0214,32.9853],[129.022,32.9913],[129.0271,32.9904]]],[[[129.1038,33.1224],[129.1208,33.1067],[129.109,33.0637],[129.0913,33.0386],[129.0976,33.0247],[129.0895,33.0177],[129.0961,32.9993],[129.0885,32.9826],[129.1109,32.9819],[129.1444,33.0028],[129.176,33.0074],[129.1833,33.0019],[129.1749,32.9888],[129.1823,32.9715],[129.1484,32.956],[129.142,32.9383],[129.1309,32.945],[129.1183,32.9385],[129.1032,32.9555],[129.1114,32.9412],[129.1093,32.9266],[129.0862,32.9242],[129.096,32.9178],[129.0828,32.8942],[129.0915,32.8915],[129.085,32.8818],[129.0952,32.8798],[129.1002,32.8602],[129.0944,32.8549],[129.0661,32.8625],[129.0569,32.8474],[129.0691,32.8316],[129.0593,32.8163],[129.0433,32.8224],[129.0503,32.8393],[129.0404,32.8795],[129.0589,32.8817],[129.0395,32.9027],[129.0572,32.9053],[129.061,32.8964],[129.0614,32.9086],[129.0524,32.9105],[129.0509,32.9214],[129.0268,32.919],[129.0321,32.9317],[129.0408,32.9316],[129.0358,32.9414],[129.0259,32.9342],[129.0151,32.9478],[129.0033,32.9397],[128.9932,32.9459],[129.0034,32.9458],[128.9977,32.9666],[129.0114,32.9759],[129.0238,32.9734],[129.0309,32.9612],[129.0402,32.9766],[129.0513,32.9655],[129.0562,32.9812],[129.0436,32.9868],[129.0499,32.9956],[129.0412,33.0034],[129.0423,33.0277],[129.05,33.0363],[129.0669,33.0438],[129.0702,33.0193],[129.0885,33.0256],[129.0808,33.0296],[129.0752,33.0572],[129.0824,33.0589],[129.0856,33.0754],[129.1078,33.0884],[129.108,33.1027],[129.0983,33.1067],[129.1037,33.1149],[129.0943,33.1214],[129.113,33.1642],[129.1177,33.1565],[129.1038,33.1224]]],[[[129.2559,33.0094],[129.2546,32.9999],[129.24,32.9911],[129.2326,33.0008],[129.2222,32.9983],[129.2473,33.0232],[129.2494,33.0133],[129.261,33.0198],[129.2559,33.0094]]],[[[129.0153,33.0111],[129.0158,33.0139],[129.0319,33.0149],[129.0048,33.0028],[129.0153,33.0111]]],[[[129.3434,33.0008],[129.3427,33.0159],[129.3549,33.0204],[129.3622,33.0036],[129.3434,33.0008]]],[[[129.1805,33.0151],[129.1926,33.0183],[129.1961,33.008],[129.1795,33.0073],[129.1742,33.0148],[129.1805,33.0151]]],[[[129.0266,33.1686],[129.0225,33.1662],[129.017,33.1663],[129.0243,33.1755],[129.0266,33.1686]]],[[[129.0598,33.1796],[129.0559,33.179],[129.0583,33.1844],[129.0598,33.1796]]],[[[129.0178,33.1843],[129.0216,33.1849],[129.0253,33.1813],[129.0145,33.1803],[129.0178,33.1843]]],[[[129.1381,33.1894],[129.1314,33.1853],[129.1327,33.1587],[129.1202,33.177],[129.1186,33.212],[129.1361,33.2019],[129.1435,33.1925],[129.1381,33.1894]]],[[[128.9834,33.1929],[128.9904,33.1934],[128.9916,33.1867],[128.9798,33.1856],[128.9834,33.1929]]],[[[129.0979,33.2154],[129.0976,33.2078],[129.08,33.2083],[129.089,33.1861],[129.0641,33.1949],[129.062,33.1851],[129.0461,33.1845],[129.0469,33.1958],[129.0284,33.201],[129.0433,33.2052],[129.0533,33.2196],[129.0662,33.208],[129.0979,33.2154]]],[[[129.0199,33.2112],[129.0255,33.2127],[129.024,33.2006],[129.0125,33.2008],[129.0199,33.2112]]],[[[129.0663,33.2253],[129.071,33.2258],[129.0695,33.2182],[129.0618,33.226],[129.0663,33.2253]]],[[[129.1343,33.2198],[129.1299,33.2227],[129.1344,33.2279],[129.1408,33.223],[129.1343,33.2198]]],[[[129.0618,33.2471],[129.0584,33.2572],[129.0665,33.2628],[129.0639,33.2554],[129.0752,33.248],[129.0618,33.2471]]],[[[129.1468,33.2735],[129.1564,33.271],[129.1301,33.2612],[129.1329,33.2527],[129.1177,33.2454],[129.0945,33.2518],[129.0698,33.2709],[129.0929,33.2876],[129.114,33.2875],[129.1286,33.3022],[129.1395,33.2952],[129.1468,33.2735]]],[[[129.2229,34.3035],[129.2315,34.2922],[129.257,34.3066],[129.2515,34.299],[129.2595,34.3005],[129.2597,34.2908],[129.2663,34.3052],[129.2793,34.3061],[129.286,34.2854],[129.2843,34.3039],[129.2662,34.3195],[129.2812,34.3228],[129.2805,34.316],[129.2882,34.3205],[129.3041,34.3045],[129.2993,34.2824],[129.312,34.2828],[129.3166,34.2936],[129.3308,34.2983],[129.3465,34.2942],[129.3473,34.2839],[129.351,34.2815],[129.336,34.2719],[129.3306,34.2759],[129.3255,34.2621],[129.3173,34.2614],[129.3238,34.2561],[129.3153,34.2427],[129.3258,34.2261],[129.3097,34.2168],[129.2972,34.2203],[129.3038,34.2097],[129.297,34.1936],[129.2854,34.1893],[129.2973,34.1865],[129.2887,34.1762],[129.2971,34.1726],[129.2961,34.1618],[129.2817,34.1634],[129.2844,34.1449],[129.2737,34.1447],[129.2794,34.1308],[129.2587,34.1289],[129.254,34.1254],[129.2623,34.1165],[129.2457,34.1057],[129.2303,34.1127],[129.2294,34.0947],[129.2216,34.0974],[129.2125,34.0849],[129.2158,34.1122],[129.2036,34.104],[129.1826,34.118],[129.1679,34.1015],[129.1676,34.1419],[129.1785,34.1683],[129.1796,34.2196],[129.1913,34.2354],[129.1864,34.2508],[129.1992,34.2702],[129.1962,34.3133],[129.2054,34.3315],[129.2278,34.3242],[129.2229,34.3035]]],[[[129.3298,34.3042],[129.3227,34.2996],[129.3213,34.3025],[129.3277,34.3066],[129.3298,34.3042]]],[[[129.3119,34.325],[129.2917,34.3279],[129.2975,34.3371],[129.3174,34.3261],[129.3265,34.3364],[129.3341,34.3069],[129.3217,34.3091],[129.3119,34.325]]],[[[129.3332,34.3188],[129.3432,34.3239],[129.354,34.319],[129.3454,34.3277],[129.3559,34.339],[129.3413,34.3585],[129.3485,34.3717],[129.3338,34.3633],[129.3366,34.3797],[129.3237,34.3673],[129.3258,34.3509],[129.314,34.3404],[129.3019,34.3413],[129.2998,34.3496],[129.3068,34.3555],[129.2993,34.3702],[129.3091,34.386],[129.2947,34.3755],[129.2843,34.384],[129.2904,34.3738],[129.2847,34.3602],[129.2954,34.3531],[129.2875,34.353],[129.2921,34.3492],[129.2881,34.3392],[129.2761,34.3547],[129.2541,34.3498],[129.2336,34.3533],[129.2274,34.3626],[129.2386,34.3666],[129.2518,34.3557],[129.2516,34.3654],[129.2764,34.377],[129.2771,34.3834],[129.2679,34.3856],[129.2718,34.4136],[129.2836,34.4149],[129.2742,34.4189],[129.2721,34.4361],[129.2782,34.4441],[129.2947,34.4378],[129.2926,34.4451],[129.3094,34.4605],[129.2863,34.4495],[129.274,34.4566],[129.274,34.4692],[129.3084,34.5258],[129.3095,34.5159],[129.3138,34.5172],[129.3187,34.5363],[129.3292,34.5279],[129.3363,34.5314],[129.3382,34.5381],[129.3296,34.5331],[129.3278,34.5511],[129.315,34.5514],[129.3044,34.5677],[129.2887,34.5562],[129.2868,34.5692],[129.3062,34.5891],[129.3211,34.6488],[129.3338,34.6497],[129.3355,34.6381],[129.3527,34.65],[129.3654,34.6385],[129.3743,34.6469],[129.3878,34.6441],[129.3834,34.6481],[129.4083,34.6783],[129.4323,34.679],[129.4148,34.6825],[129.4185,34.6956],[129.4315,34.6911],[129.4498,34.7064],[129.4579,34.6929],[129.464,34.6979],[129.4798,34.6915],[129.4732,34.6882],[129.4744,34.6738],[129.4865,34.6757],[129.4867,34.6825],[129.4937,34.6774],[129.4844,34.6729],[129.4908,34.6638],[129.4821,34.6537],[129.4691,34.6555],[129.4746,34.6453],[129.4906,34.6429],[129.4823,34.6285],[129.4711,34.6278],[129.4793,34.6177],[129.4572,34.6159],[129.4496,34.626],[129.4515,34.6172],[129.4367,34.6165],[129.4487,34.6148],[129.4496,34.6076],[129.4702,34.6075],[129.4794,34.5946],[129.4715,34.5874],[129.4716,34.553],[129.4589,34.5525],[129.4605,34.5371],[129.4371,34.5075],[129.3867,34.4582],[129.3696,34.4519],[129.3851,34.4291],[129.3658,34.4325],[129.3647,34.4221],[129.375,34.4262],[129.3786,34.4134],[129.357,34.39],[129.3967,34.4065],[129.389,34.3848],[129.3807,34.3887],[129.3759,34.3816],[129.3827,34.3732],[129.3755,34.3704],[129.3889,34.3702],[129.3857,34.3655],[129.3934,34.3624],[129.3814,34.347],[129.3886,34.3465],[129.389,34.3319],[129.3697,34.3367],[129.3796,34.3129],[129.3712,34.3159],[129.3539,34.2958],[129.3363,34.3068],[129.3332,34.3188]]],[[[129.6054,32.8851],[129.5995,32.8802],[129.591,32.8806],[129.5984,32.8893],[129.6054,32.8851]]],[[[129.6247,32.9344],[129.6125,32.917],[129.5915,32.9349],[129.5935,32.9435],[129.597,32.9448],[129.5985,32.9478],[129.6028,32.9503],[129.6054,32.9387],[129.6128,32.9428],[129.6247,32.9344]]],[[[129.6483,33.0044],[129.6502,33.0096],[129.6518,32.9874],[129.6467,32.9876],[129.6483,33.0044]]],[[[129.5532,33.0071],[129.5494,33.0016],[129.5431,33.0029],[129.545,33.0084],[129.5532,33.0071]]],[[[129.5773,33.0097],[129.5564,33.0008],[129.5696,33.0191],[129.5641,33.0178],[129.5619,33.0304],[129.5903,33.0218],[129.5773,33.0097]]],[[[129.4382,33.0188],[129.4328,33.0173],[129.431,33.0206],[129.4334,33.0218],[129.4382,33.0188]]],[[[129.6383,33.0353],[129.6289,33.0277],[129.6376,33.0451],[129.6383,33.0353]]],[[[129.6345,33.0509],[129.6249,33.0331],[129.6129,33.0342],[129.6068,33.0236],[129.5872,33.0278],[129.5918,33.0467],[129.6088,33.0653],[129.6365,33.0621],[129.6345,33.0509]]],[[[129.5182,33.1357],[129.5043,33.1416],[129.5439,33.1517],[129.5508,33.1442],[129.55,33.1363],[129.5361,33.131],[129.5182,33.1357]]],[[[129.5246,33.171],[129.5237,33.167],[129.5192,33.1711],[129.5206,33.1735],[129.5246,33.171]]],[[[129.5933,33.1657],[129.582,33.1619],[129.5904,33.1686],[129.5793,33.1824],[129.5813,33.1924],[129.594,33.1916],[129.5856,33.1817],[129.5933,33.1657]]],[[[129.6138,33.1914],[129.6086,33.1897],[129.6109,33.1979],[129.6113,33.1941],[129.6138,33.1914]]],[[[129.6023,33.2042],[129.6006,33.202],[129.5961,33.2049],[129.5998,33.2069],[129.6023,33.2042]]],[[[129.586,33.2065],[129.591,33.2018],[129.5816,33.205],[129.586,33.2065]]],[[[129.5614,33.2332],[129.5622,33.2276],[129.5573,33.2288],[129.557,33.2336],[129.5614,33.2332]]],[[[129.571,33.2742],[129.5665,33.2709],[129.5662,33.2755],[129.571,33.2742]]],[[[129.5574,33.374],[129.5663,33.355],[129.546,33.3489],[129.5448,33.3316],[129.5139,33.3304],[129.5316,33.3104],[129.5043,33.3002],[129.51,33.2876],[129.4855,33.2844],[129.5046,33.2693],[129.4635,33.2138],[129.452,33.2132],[129.434,33.1909],[129.3975,33.175],[129.3752,33.1687],[129.3548,33.1791],[129.359,33.1921],[129.3516,33.202],[129.3571,33.2072],[129.373,33.1846],[129.4028,33.1848],[129.406,33.1976],[129.3931,33.197],[129.3804,33.208],[129.3803,33.2239],[129.3994,33.24],[129.4241,33.2263],[129.4201,33.2374],[129.4298,33.2343],[129.4332,33.2374],[129.4105,33.249],[129.412,33.2605],[129.4039,33.2654],[129.4093,33.2766],[129.421,33.2784],[129.4231,33.289],[129.4472,33.2918],[129.4325,33.3144],[129.4429,33.325],[129.4372,33.3471],[129.4978,33.3552],[129.5109,33.3814],[129.5212,33.3745],[129.5139,33.358],[129.5226,33.3538],[129.5318,33.369],[129.5247,33.3802],[129.5519,33.3807],[129.5448,33.3898],[129.5221,33.3868],[129.5243,33.4067],[129.5324,33.4012],[129.5545,33.4095],[129.5629,33.382],[129.5574,33.374]]],[[[129.4353,33.4038],[129.43,33.3786],[129.4351,33.3548],[129.4151,33.351],[129.4009,33.3588],[129.4216,33.4085],[129.4206,33.4319],[129.4346,33.4407],[129.437,33.4322],[129.4279,33.4221],[129.4353,33.4038]]],[[[129.5074,33.4242],[129.5069,33.4352],[129.5243,33.4426],[129.5271,33.4529],[129.5397,33.4457],[129.5372,33.4369],[129.5074,33.4242]]],[[[129.5676,33.4948],[129.5803,33.4971],[129.5749,33.4837],[129.5538,33.4694],[129.5275,33.4847],[129.5133,33.479],[129.5185,33.4716],[129.4984,33.4727],[129.5277,33.4994],[129.5521,33.5098],[129.5539,33.4893],[129.5676,33.4948]]],[[[129.5585,33.6095],[129.5582,33.6059],[129.5545,33.6069],[129.555,33.6106],[129.5585,33.6095]]],[[[129.6468,33.7228],[129.6482,33.7307],[129.6538,33.7252],[129.6468,33.7228]]],[[[129.6276,33.7272],[129.6287,33.7306],[129.637,33.7281],[129.631,33.7228],[129.6276,33.7272]]],[[[129.6376,33.7344],[129.6304,33.733],[129.6281,33.7419],[129.6366,33.7454],[129.6376,33.7344]]],[[[129.3625,34.2745],[129.3483,34.2851],[129.3566,34.2981],[129.392,34.301],[129.3625,34.2745]]],[[[129.3954,34.3235],[129.3935,34.3167],[129.4041,34.3151],[129.395,34.3119],[129.3883,34.3205],[129.3954,34.3235]]],[[[129.3962,34.3573],[129.4043,34.3522],[129.4076,34.3382],[129.389,34.3402],[129.3962,34.3573]]],[[[129.411,34.3603],[129.4114,34.3537],[129.406,34.3508],[129.4023,34.3593],[129.411,34.3603]]],[[[129.7795,32.5689],[129.7878,32.5691],[129.7896,32.5559],[129.7753,32.5492],[129.7795,32.5689]]],[[[129.7554,32.6587],[129.7546,32.6505],[129.7464,32.6618],[129.7597,32.6639],[129.7554,32.6587]]],[[[129.7804,32.699],[129.7856,32.6927],[129.7798,32.6903],[129.7717,32.7006],[129.7804,32.699]]],[[[129.7615,32.7093],[129.7613,32.7153],[129.7801,32.7053],[129.7731,32.7018],[129.7615,32.7093]]],[[[129.9729,32.7503],[129.9655,32.7621],[129.9893,32.7504],[129.9868,32.7476],[129.9729,32.7503]]],[[[129.8049,32.8687],[129.8052,32.8734],[129.8131,32.8688],[129.8078,32.8656],[129.8049,32.8687]]],[[[129.7977,32.9264],[129.8,32.9514],[129.7918,32.9521],[129.7833,32.9411],[129.7887,32.9235],[129.7835,32.908],[129.7925,32.9026],[129.8051,32.9077],[129.8096,32.8892],[129.8,32.8815],[129.794,32.8891],[129.7902,32.8675],[129.7957,32.8733],[129.7998,32.8637],[129.8211,32.8597],[129.8438,32.8356],[129.8546,32.8448],[129.8516,32.856],[129.8586,32.8465],[129.8724,32.8526],[129.8808,32.8822],[129.8941,32.8683],[129.9,32.8791],[129.9124,32.8663],[129.9294,32.8666],[129.934,32.8575],[129.9476,32.8622],[129.9578,32.8467],[130.0049,32.8405],[129.9651,32.8733],[129.9691,32.8913],[129.9566,32.8916],[129.9496,32.9008],[129.9539,32.9051],[129.9302,32.9265],[129.9283,32.9687],[129.9508,32.9882],[129.9457,33.0151],[129.9324,33.0266],[129.9043,33.0394],[129.8929,33.0568],[129.8749,33.0654],[129.8394,33.0564],[129.8331,33.0411],[129.8225,33.0366],[129.823,33.0568],[129.8376,33.0594],[129.8035,33.0677],[129.8052,33.0753],[129.7947,33.0838],[129.7963,33.0919],[129.7879,33.1029],[129.7961,33.1112],[129.7979,33.1315],[129.794,33.1384],[129.785,33.1433],[129.7665,33.1446],[129.7601,33.1402],[129.7523,33.1452],[129.731,33.1325],[129.7311,33.1257],[129.7206,33.1424],[129.7287,33.1459],[129.721,33.1541],[129.7287,33.1589],[129.717,33.1665],[129.6989,33.1601],[129.7105,33.1246],[129.7,33.1237],[129.7108,33.1155],[129.6795,33.1139],[129.6755,33.1201],[129.6665,33.1013],[129.657,33.1316],[129.6794,33.1262],[129.6841,33.1378],[129.6984,33.1415],[129.6852,33.1444],[129.6708,33.1671],[129.6395,33.1696],[129.6534,33.1888],[129.6452,33.1958],[129.6396,33.2232],[129.6395,33.2052],[129.6261,33.1898],[129.6185,33.1949],[129.62,33.209],[129.6138,33.203],[129.6006,33.2071],[129.6075,33.2216],[129.594,33.2099],[129.5525,33.2176],[129.5666,33.2297],[129.5665,33.2453],[129.556,33.2413],[129.5656,33.2484],[129.5723,33.2736],[129.579,33.2799],[129.5781,33.2664],[129.5891,33.2717],[129.5856,33.2939],[129.6071,33.312],[129.5917,33.3043],[129.5789,33.3072],[129.562,33.3249],[129.5635,33.3332],[129.5757,33.3338],[129.5773,33.3628],[129.5689,33.371],[129.5756,33.3792],[129.5925,33.3813],[129.5952,33.37],[129.612,33.3738],[129.633,33.3622],[129.6575,33.373],[129.6728,33.3993],[129.6852,33.3851],[129.6756,33.3851],[129.6684,33.3658],[129.6777,33.3531],[129.697,33.3613],[129.7057,33.3465],[129.7455,33.367],[129.7711,33.3545],[129.7765,33.3719],[129.7887,33.3716],[129.7926,33.3433],[129.7766,33.3329],[129.759,33.2909],[129.8136,33.243],[129.8069,33.2112],[129.8171,33.1845],[129.8373,33.1742],[129.8535,33.1763],[129.8881,33.1562],[129.9433,33.1643],[129.9567,33.1182],[129.9513,33.11],[129.9253,33.1059],[129.9224,33.0905],[129.9331,33.0883],[129.9426,33.0717],[129.9833,33.0568],[129.9964,33.0445],[130.0011,33.0257],[130.015,33.0175],[130.0274,33.0203],[130.028,33.0125],[130.0612,32.9859],[130.0761,32.9876],[130.0889,32.974],[130.1441,32.9717],[130.1497,32.9628],[130.2036,32.9571],[130.2019,32.9291],[130.187,32.9246],[130.1834,32.9135],[130.1655,32.9139],[130.153,32.8991],[130.1952,32.8481],[130.2438,32.8756],[130.2611,32.8715],[130.2972,32.8814],[130.341,32.8552],[130.3773,32.7889],[130.3709,32.762],[130.3765,32.74],[130.3458,32.7081],[130.3576,32.6905],[130.3433,32.6685],[130.3005,32.6513],[130.2618,32.6532],[130.2657,32.6474],[130.2553,32.6287],[130.2381,32.6266],[130.2299,32.6106],[130.2037,32.6042],[130.1875,32.6118],[130.1964,32.5998],[130.1697,32.5909],[130.1657,32.5981],[130.1751,32.6073],[130.1697,32.6193],[130.1296,32.6409],[130.1331,32.6782],[130.127,32.6842],[130.1544,32.6829],[130.1601,32.6941],[130.1714,32.6922],[130.1724,32.7027],[130.2011,32.7204],[130.2101,32.7433],[130.2058,32.7555],[130.1874,32.7645],[130.1933,32.7805],[130.1868,32.7891],[130.1466,32.7965],[130.1243,32.7878],[130.0835,32.7945],[130.024,32.7584],[129.9989,32.7619],[129.9909,32.7537],[129.9817,32.7628],[129.9583,32.7652],[129.9473,32.7589],[129.9565,32.7424],[129.9406,32.7319],[129.9431,32.726],[129.9335,32.7172],[129.9281,32.7208],[129.9256,32.7081],[129.9131,32.7124],[129.9142,32.6933],[129.8961,32.6627],[129.872,32.6459],[129.8376,32.64],[129.8378,32.621],[129.8045,32.5907],[129.7792,32.582],[129.7795,32.5754],[129.7636,32.583],[129.7417,32.5712],[129.7357,32.5806],[129.7495,32.5919],[129.7546,32.5824],[129.7575,32.5933],[129.78,32.6038],[129.8046,32.6494],[129.8173,32.6555],[129.8197,32.6856],[129.8033,32.678],[129.7942,32.6933],[129.811,32.693],[129.8268,32.7081],[129.8201,32.6951],[129.8374,32.6894],[129.8333,32.6975],[129.8458,32.697],[129.8429,32.7057],[129.868,32.7454],[129.8452,32.7201],[129.8393,32.7262],[129.8267,32.7171],[129.8201,32.7204],[129.8316,32.7329],[129.8297,32.744],[129.8066,32.7443],[129.8149,32.756],[129.7971,32.76],[129.8012,32.7773],[129.7663,32.8004],[129.7755,32.817],[129.746,32.8221],[129.7337,32.8079],[129.7184,32.8334],[129.7001,32.8336],[129.6773,32.8669],[129.68,32.8796],[129.6524,32.9304],[129.6436,32.9321],[129.6412,32.921],[129.6337,32.9294],[129.6388,32.9374],[129.6256,32.952],[129.6274,32.9792],[129.6436,32.992],[129.6462,32.9869],[129.6518,32.9869],[129.6588,33.0038],[129.648,33.018],[129.6469,33.0371],[129.6592,33.0397],[129.6622,33.0611],[129.6745,33.0632],[129.6613,33.0712],[129.6727,33.0716],[129.6654,33.0777],[129.6761,33.0855],[129.6773,33.0993],[129.711,33.0867],[129.7203,33.0726],[129.7296,33.0755],[129.7359,33.0647],[129.7271,33.0509],[129.7313,33.0455],[129.7479,33.06],[129.762,33.0492],[129.7335,33.0172],[129.7405,33.0039],[129.7324,32.9994],[129.7407,32.9921],[129.7649,33.001],[129.7533,33.005],[129.7635,33.0209],[129.8153,32.994],[129.8241,32.9725],[129.8075,32.9608],[129.8185,32.9473],[129.8165,32.926],[129.807,32.9165],[129.7977,32.9264]]],[[[129.8083,32.9166],[129.8074,32.9132],[129.8036,32.9127],[129.8027,32.9163],[129.8071,32.9165],[129.8083,32.9166]]],[[[129.9183,32.9036],[129.9064,32.916],[129.9018,32.929],[129.9258,32.9131],[129.9183,32.9036]]],[[[129.7462,32.9959],[129.7431,32.9942],[129.7399,32.9956],[129.744,33.0001],[129.7462,32.9959]]],[[[129.7827,33.0668],[129.7784,33.0745],[129.7808,33.0769],[129.7864,33.0683],[129.7827,33.0668]]],[[[129.7948,33.1136],[129.7865,33.1041],[129.7934,33.0826],[129.7664,33.0798],[129.7681,33.1005],[129.7582,33.0882],[129.7578,33.0805],[129.7808,33.0612],[129.765,33.0534],[129.7552,33.0551],[129.7554,33.0626],[129.7429,33.0618],[129.7395,33.0713],[129.7484,33.0778],[129.7394,33.0788],[129.7288,33.1001],[129.7527,33.102],[129.7429,33.115],[129.747,33.1254],[129.7588,33.1143],[129.7588,33.1283],[129.7739,33.1264],[129.758,33.1348],[129.7682,33.1434],[129.7803,33.1418],[129.7939,33.1376],[129.7948,33.1136]]],[[[129.6805,33.1412],[129.6794,33.1364],[129.6735,33.1407],[129.675,33.1433],[129.6805,33.1412]]],[[[129.671,33.1561],[129.6735,33.1516],[129.6691,33.152],[129.671,33.1561]]],[[[129.8303,33.388],[129.8374,33.38],[129.8512,33.3858],[129.8599,33.3786],[129.8076,33.3506],[129.8036,33.3622],[129.8109,33.3695],[129.8076,33.3934],[129.8136,33.3991],[129.797,33.4146],[129.8301,33.4069],[129.8303,33.388]]],[[[129.7806,33.3932],[129.7779,33.3938],[129.774,33.4006],[129.7823,33.3993],[129.7806,33.3932]]],[[[129.6826,33.4192],[129.6871,33.4231],[129.6902,33.4131],[129.685,33.406],[129.6826,33.4192]]],[[[129.7689,33.4484],[129.7902,33.426],[129.7645,33.4317],[129.7573,33.4197],[129.7467,33.4201],[129.7452,33.4076],[129.7193,33.4141],[129.7429,33.4283],[129.7392,33.4377],[129.75,33.4438],[129.7549,33.4705],[129.7713,33.4604],[129.7689,33.4484]]],[[[129.7198,33.4622],[129.7254,33.4606],[129.7263,33.4541],[129.7154,33.4592],[129.7198,33.4622]]],[[[129.7552,33.734],[129.7589,33.7368],[129.7613,33.7321],[129.7579,33.7296],[129.7552,33.734]]],[[[129.7642,33.8447],[129.7731,33.8422],[129.7649,33.8341],[129.764,33.8109],[129.7532,33.8087],[129.7863,33.7876],[129.7989,33.7887],[129.7961,33.7794],[129.7728,33.7862],[129.7588,33.7788],[129.7659,33.7673],[129.7798,33.7725],[129.799,33.7609],[129.7879,33.755],[129.7861,33.7441],[129.7345,33.7393],[129.7152,33.707],[129.6766,33.7283],[129.6846,33.7383],[129.6762,33.7526],[129.6544,33.7399],[129.6449,33.7725],[129.6819,33.7609],[129.6762,33.7775],[129.6557,33.7809],[129.6535,33.7966],[129.6645,33.8025],[129.6496,33.8069],[129.6542,33.8127],[129.6731,33.7998],[129.6837,33.805],[129.6704,33.8265],[129.6764,33.8454],[129.7043,33.8635],[129.7243,33.8505],[129.7642,33.8447]]],[[[129.6896,33.8613],[129.6842,33.8624],[129.6828,33.8703],[129.6909,33.8702],[129.6896,33.8613]]],[[[129.7037,33.8653],[129.6981,33.8643],[129.6952,33.8669],[129.7013,33.8688],[129.7037,33.8653]]],[[[129.6736,33.8687],[129.6808,33.8708],[129.6818,33.8662],[129.675,33.8656],[129.6736,33.8687]]]]}},{"id":42,"type":"Feature","properties":{"N03_001":"熊本県","N03_007":"43000"},"geometry":{"type":"MultiPolygon","coordinates":[[[[131.3295,32.833],[131.314,32.8511],[131.2945,32.857],[131.2734,32.871],[131.2734,32.8816],[131.2638,32.8794],[131.2574,32.8874],[131.246,32.9403],[131.2523,32.9537],[131.2461,32.9587],[131.2632,32.9772],[131.2472,32.9824],[131.2477,32.9952],[131.2236,33.0172],[131.2167,33.0535],[131.1933,33.0776],[131.186,33.0738],[131.1746,33.0831],[131.1612,33.1408],[131.1056,33.1863],[131.0604,33.1951],[131.0388,33.1941],[131.0166,33.1779],[130.9943,33.1838],[130.9855,33.1684],[130.9845,33.144],[130.9785,33.1422],[131.024,33.0875],[131.0107,33.0699],[131.0178,33.0637],[131.0145,33.0477],[130.9908,33.0238],[130.9703,33.0238],[130.9468,33.0528],[130.9234,33.052],[130.9,33.0641],[130.8862,33.0874],[130.8429,33.0941],[130.8398,33.1041],[130.8204,33.1066],[130.8118,33.1166],[130.7709,33.1243],[130.7345,33.1534],[130.6934,33.1513],[130.68,33.1713],[130.6675,33.1569],[130.6689,33.139],[130.6562,33.1085],[130.5802,33.116],[130.5618,33.1042],[130.5656,33.0871],[130.5414,33.082],[130.5322,33.0655],[130.5169,33.0656],[130.4967,33.0518],[130.5158,33.014],[130.5071,33.0039],[130.4141,33.0023],[130.43,32.9871],[130.4443,32.9148],[130.4516,32.9091],[130.4607,32.9138],[130.4626,32.9014],[130.4761,32.9051],[130.5232,32.8809],[130.5228,32.8534],[130.5649,32.842],[130.5705,32.849],[130.5789,32.8415],[130.5784,32.8289],[130.5923,32.824],[130.5919,32.8139],[130.6144,32.7927],[130.598,32.7733],[130.607,32.713],[130.5679,32.6993],[130.5379,32.665],[130.4616,32.6342],[130.451,32.6239],[130.4614,32.6173],[130.4594,32.6079],[130.519,32.6132],[130.541,32.6245],[130.5981,32.6249],[130.6517,32.6425],[130.6614,32.6319],[130.6542,32.6292],[130.6537,32.6129],[130.6411,32.6234],[130.618,32.6193],[130.634,32.6034],[130.5899,32.5762],[130.5624,32.538],[130.5438,32.5382],[130.5361,32.5258],[130.5726,32.5075],[130.5311,32.52],[130.5652,32.5054],[130.5627,32.4986],[130.5434,32.4974],[130.5425,32.4845],[130.5649,32.476],[130.5731,32.4408],[130.4892,32.3663],[130.4885,32.3606],[130.5075,32.3548],[130.4828,32.342],[130.484,32.3293],[130.4736,32.3315],[130.4662,32.3214],[130.4722,32.3014],[130.49,32.3],[130.4776,32.2869],[130.4656,32.2964],[130.4662,32.2776],[130.4585,32.29],[130.4488,32.2877],[130.4505,32.2725],[130.4356,32.268],[130.4357,32.2535],[130.4241,32.2497],[130.4348,32.2331],[130.4024,32.2354],[130.3732,32.2047],[130.378,32.1765],[130.3709,32.1771],[130.3721,32.184],[130.3604,32.1823],[130.3671,32.1766],[130.3627,32.1655],[130.3867,32.1474],[130.4027,32.1202],[130.4546,32.1139],[130.4735,32.1186],[130.4769,32.139],[130.5402,32.1374],[130.5423,32.1496],[130.5827,32.1549],[130.5967,32.1759],[130.5917,32.186],[130.6105,32.1867],[130.6227,32.1561],[130.6516,32.1513],[130.655,32.1357],[130.6991,32.107],[130.8208,32.0949],[130.839,32.1072],[130.8624,32.1018],[130.8694,32.1151],[130.906,32.1336],[130.9326,32.1163],[130.9745,32.1209],[130.9747,32.1368],[131.0132,32.1744],[131.0381,32.1699],[131.0585,32.1549],[131.0702,32.1597],[131.0962,32.1524],[131.109,32.1602],[131.1005,32.2015],[131.0843,32.2062],[131.0666,32.2393],[131.0427,32.2482],[131.0445,32.263],[131.0542,32.267],[131.0515,32.2866],[131.0786,32.2812],[131.1119,32.3298],[131.0955,32.3508],[131.0743,32.3609],[131.0798,32.3743],[131.0693,32.3843],[131.068,32.4076],[131.0438,32.4081],[131.0199,32.4387],[131.0164,32.4733],[131.007,32.4901],[131.0094,32.5154],[131.0255,32.5232],[131.018,32.5464],[131.0389,32.5544],[131.0416,32.5799],[131.0522,32.5877],[131.1082,32.5821],[131.106,32.5892],[131.1205,32.6055],[131.1162,32.6427],[131.1514,32.6801],[131.1748,32.6718],[131.1807,32.7129],[131.2315,32.744],[131.2465,32.7694],[131.2346,32.781],[131.2454,32.7865],[131.2654,32.8265],[131.3295,32.833]]],[[[130.1766,32.5502],[130.1195,32.5485],[130.066,32.5159],[130.0443,32.5125],[130.0328,32.5263],[130.0378,32.5359],[130.0125,32.5294],[130.0326,32.5206],[130.0474,32.491],[130.0352,32.4767],[130.038,32.4665],[130.0066,32.428],[129.9884,32.384],[129.9939,32.3768],[129.9748,32.3558],[129.9778,32.33],[129.9883,32.3169],[129.9925,32.3232],[129.9938,32.3074],[130.0178,32.314],[130.0307,32.3032],[130.0417,32.3143],[130.0714,32.3005],[130.0614,32.2963],[130.0671,32.2886],[130.0628,32.2785],[130.0517,32.2788],[130.046,32.2942],[130.0515,32.3009],[130.0421,32.3032],[130.0303,32.294],[130.0377,32.2791],[130.0325,32.2745],[130.0251,32.3013],[130.0109,32.2984],[129.9877,32.2766],[129.9695,32.243],[129.9833,32.2462],[130.0005,32.2349],[130.0091,32.24],[130.0147,32.2224],[129.9971,32.2154],[129.9908,32.1969],[130.0126,32.1992],[130.013,32.1895],[130.0229,32.1887],[130.0326,32.2],[130.0296,32.2133],[130.0446,32.2017],[130.0776,32.2121],[130.0807,32.2184],[130.0724,32.2248],[130.0822,32.2301],[130.0805,32.2431],[130.0895,32.243],[130.0896,32.2283],[130.1005,32.2317],[130.1029,32.249],[130.094,32.2469],[130.0928,32.2542],[130.1069,32.2537],[130.1109,32.2672],[130.1337,32.2882],[130.1493,32.283],[130.1665,32.2959],[130.1528,32.3027],[130.1401,32.2978],[130.144,32.3153],[130.1569,32.3137],[130.1519,32.3222],[130.1587,32.3241],[130.1578,32.3343],[130.1645,32.3293],[130.1749,32.3394],[130.1682,32.3261],[130.1727,32.3105],[130.1997,32.3226],[130.2082,32.3349],[130.2105,32.3571],[130.2255,32.3688],[130.2167,32.3802],[130.2232,32.3859],[130.2091,32.3959],[130.1943,32.3873],[130.2079,32.422],[130.2161,32.4216],[130.2094,32.4305],[130.2049,32.4414],[130.2031,32.4538],[130.197,32.4585],[130.2086,32.4723],[130.1925,32.4961],[130.1994,32.5359],[130.1766,32.5502]]],[[[130.4603,32.5303],[130.4557,32.5226],[130.4415,32.5286],[130.4289,32.518],[130.4209,32.5236],[130.3947,32.5],[130.3895,32.514],[130.3792,32.5115],[130.3824,32.5233],[130.3746,32.5167],[130.3595,32.5273],[130.3394,32.514],[130.3345,32.5218],[130.3157,32.5176],[130.2946,32.4924],[130.2046,32.4514],[130.2055,32.442],[130.2251,32.4121],[130.2439,32.4124],[130.2475,32.3986],[130.2344,32.385],[130.2524,32.3875],[130.2619,32.4105],[130.2749,32.4121],[130.2784,32.4028],[130.3086,32.396],[130.3418,32.4063],[130.3482,32.4201],[130.3553,32.4082],[130.3469,32.3992],[130.3521,32.3789],[130.3669,32.3898],[130.3796,32.3832],[130.3999,32.3954],[130.411,32.4153],[130.4038,32.4219],[130.4195,32.4298],[130.4077,32.4352],[130.4368,32.4688],[130.4376,32.4863],[130.4603,32.5303]]],[[[130.4558,32.5892],[130.4448,32.592],[130.4426,32.6029],[130.4515,32.6015],[130.4579,32.6145],[130.4444,32.6256],[130.4308,32.6139],[130.4195,32.6167],[130.4198,32.6082],[130.4107,32.6145],[130.4121,32.6058],[130.3941,32.5894],[130.4193,32.5748],[130.4071,32.5674],[130.404,32.5523],[130.4226,32.5457],[130.4227,32.5526],[130.4307,32.5472],[130.4524,32.5523],[130.4504,32.5663],[130.4427,32.5693],[130.4558,32.5892]]],[[[130.3553,32.3521],[130.3298,32.3334],[130.3284,32.3112],[130.3217,32.3174],[130.3047,32.3062],[130.3308,32.3062],[130.349,32.315],[130.3741,32.343],[130.3742,32.3489],[130.3553,32.3521]]],[[[130.4935,32.6097],[130.474,32.6032],[130.4801,32.5904],[130.4926,32.5896],[130.4888,32.576],[130.5104,32.599],[130.5091,32.6072],[130.4935,32.6097]]],[[[130.4734,32.588],[130.4603,32.5728],[130.4643,32.5395],[130.4874,32.5702],[130.4734,32.588]]],[[[130.3146,32.368],[130.311,32.3578],[130.2996,32.3592],[130.3019,32.3507],[130.3214,32.3404],[130.3393,32.3473],[130.3338,32.3584],[130.3146,32.368]]],[[[130.0292,32.1908],[130.0196,32.1862],[130.0179,32.1624],[130.0322,32.1752],[130.0448,32.1589],[130.0486,32.1673],[130.0292,32.1908]]],[[[130.4149,32.3992],[130.4076,32.3924],[130.4212,32.3785],[130.4195,32.3674],[130.4318,32.3758],[130.4149,32.3992]]],[[[130.1412,32.2777],[130.1337,32.2721],[130.1348,32.2627],[130.1507,32.269],[130.1412,32.2777]]],[[[130.593,32.7687],[130.5741,32.7685],[130.5732,32.7629],[130.591,32.7629],[130.593,32.7687]]],[[[130.3507,32.3719],[130.3413,32.3665],[130.3492,32.3606],[130.3548,32.3637],[130.3507,32.3719]]],[[[130.4124,32.5473],[130.4085,32.5436],[130.418,32.5379],[130.4288,32.5409],[130.4124,32.5473]]],[[[130.2357,32.3806],[130.23,32.3772],[130.2295,32.3665],[130.2359,32.3681],[130.2357,32.3806]]],[[[130.3377,32.6066],[130.3305,32.6053],[130.3415,32.5992],[130.3438,32.6036],[130.3377,32.6066]]],[[[130.3973,32.5444],[130.3966,32.5387],[130.4079,32.5388],[130.4064,32.5436],[130.3973,32.5444]]],[[[130.3254,32.381],[130.3194,32.3781],[130.3192,32.3707],[130.3257,32.3729],[130.3254,32.381]]],[[[130.303,32.3365],[130.2953,32.331],[130.2992,32.3227],[130.3032,32.3249],[130.303,32.3365]]],[[[130.3898,32.5875],[130.3809,32.5835],[130.38,32.5819],[130.3927,32.5837],[130.3898,32.5875]]],[[[130.4292,32.5296],[130.4237,32.5266],[130.4257,32.5207],[130.4319,32.5272],[130.4292,32.5296]]],[[[130.0781,32.2017],[130.0699,32.196],[130.0785,32.1952],[130.0781,32.2017]]],[[[129.9652,32.1871],[129.9657,32.1812],[129.9699,32.1802],[129.9711,32.1824],[129.9652,32.1871]]],[[[130.1179,32.5523],[130.115,32.5532],[130.1072,32.5515],[130.1157,32.5489],[130.1179,32.5523]]],[[[130.4941,32.491],[130.4908,32.4836],[130.5018,32.4849],[130.4942,32.4857],[130.4941,32.491]]],[[[130.4,32.3941],[130.398,32.3877],[130.4032,32.387],[130.4028,32.393],[130.4,32.3941]]],[[[130.3653,32.2004],[130.3625,32.1985],[130.3644,32.195],[130.3679,32.1977],[130.3653,32.2004]]],[[[130.4394,32.5392],[130.4357,32.5319],[130.4377,32.5306],[130.4403,32.5353],[130.4394,32.5392]]],[[[130.4324,32.5338],[130.4306,32.5302],[130.4364,32.5287],[130.4324,32.5338]]]]}},{"id":43,"type":"Feature","properties":{"N03_001":"大分県","N03_007":"44000"},"geometry":{"type":"MultiPolygon","coordinates":[[[[131.8857,32.7459],[131.8858,32.7481],[131.8717,32.7518],[131.8797,32.7623],[131.8685,32.7748],[131.8803,32.791],[131.8925,32.7724],[131.8854,32.79],[131.8913,32.8053],[131.8996,32.8022],[131.8948,32.7885],[131.9027,32.7849],[131.9065,32.7931],[131.9199,32.7855],[131.9172,32.7955],[131.9253,32.8011],[131.9235,32.7942],[131.9364,32.7845],[131.9487,32.7969],[131.9477,32.8065],[131.9607,32.8068],[131.9632,32.7943],[131.9715,32.7918],[131.9725,32.8052],[132.0079,32.8268],[132.008,32.8368],[131.9864,32.8461],[131.976,32.8413],[131.9875,32.8313],[131.982,32.825],[131.9668,32.8382],[131.9647,32.8203],[131.957,32.8368],[131.9442,32.8347],[131.9532,32.8403],[131.9497,32.855],[131.9617,32.8469],[131.9754,32.8569],[131.9749,32.868],[131.9832,32.8626],[132.0124,32.8908],[131.9976,32.898],[131.9856,32.8909],[131.9793,32.9217],[131.9946,32.921],[131.9935,32.9149],[132.0098,32.9058],[132.0085,32.9215],[132.0261,32.9354],[132.0351,32.9369],[132.0449,32.9262],[132.0561,32.9397],[132.0846,32.9316],[132.082,32.9432],[132.0711,32.948],[132.0337,32.9524],[132.0342,32.9398],[132.0016,32.9329],[132.0025,32.9592],[131.9818,32.9394],[131.9719,32.9464],[131.9752,32.9637],[131.9594,32.9464],[131.9461,32.9599],[131.9392,32.9522],[131.9355,32.9618],[131.9238,32.9648],[131.9266,32.9729],[131.9182,32.976],[131.9164,32.9701],[131.8896,32.9918],[131.8989,33.0034],[131.9035,32.9924],[131.9083,33.0004],[131.9011,33.0102],[131.9192,33.0256],[131.9278,33.0514],[131.9803,33.0466],[132.0145,33.0572],[131.9963,33.0785],[131.9979,33.0934],[131.9867,33.0892],[131.989,33.0683],[131.9747,33.0626],[131.9659,33.0654],[131.9676,33.0715],[131.944,33.0689],[131.9376,33.093],[131.9317,33.0937],[131.9346,33.0819],[131.9238,33.0727],[131.9284,33.0678],[131.9121,33.0666],[131.9072,33.0814],[131.902,33.0753],[131.8835,33.0823],[131.8858,33.0728],[131.8614,33.0774],[131.8525,33.0886],[131.8695,33.0908],[131.8795,33.1087],[131.9007,33.1101],[131.8972,33.1148],[131.9136,33.1269],[131.883,33.1219],[131.8688,33.1309],[131.8422,33.1146],[131.8329,33.1251],[131.8008,33.1258],[131.8286,33.1501],[131.8218,33.1622],[131.8329,33.1813],[131.8691,33.2012],[131.8607,33.2045],[131.8772,33.2258],[131.8716,33.2361],[131.8927,33.2463],[131.9027,33.2678],[131.8704,33.2609],[131.8708,33.2488],[131.8565,33.2557],[131.7967,33.2422],[131.7787,33.2531],[131.7696,33.245],[131.7662,33.2523],[131.7546,33.2524],[131.7545,33.2415],[131.7185,33.2665],[131.7128,33.2598],[131.7154,33.2683],[131.6919,33.2794],[131.6807,33.2792],[131.6849,33.2662],[131.676,33.278],[131.667,33.2748],[131.6724,33.2602],[131.6668,33.2579],[131.6585,33.2732],[131.6002,33.2565],[131.5893,33.2456],[131.5396,33.2575],[131.509,33.274],[131.496,33.3298],[131.4989,33.3603],[131.5304,33.3671],[131.5527,33.3498],[131.5968,33.3498],[131.5981,33.3701],[131.6441,33.3753],[131.6497,33.386],[131.6271,33.411],[131.6356,33.4234],[131.6604,33.4226],[131.6747,33.4109],[131.7014,33.4059],[131.7272,33.4661],[131.7386,33.4649],[131.7389,33.4939],[131.7346,33.4886],[131.7291,33.5009],[131.7444,33.5432],[131.7336,33.5808],[131.7039,33.6087],[131.6931,33.64],[131.684,33.6396],[131.6652,33.667],[131.6516,33.6606],[131.6357,33.6823],[131.6302,33.6743],[131.6202,33.6806],[131.6125,33.6766],[131.6075,33.6869],[131.5864,33.6922],[131.5736,33.6868],[131.5755,33.6751],[131.5663,33.6747],[131.5616,33.6865],[131.5357,33.6769],[131.5248,33.6808],[131.5298,33.6741],[131.5151,33.6693],[131.5076,33.6748],[131.4969,33.6638],[131.505,33.6565],[131.4952,33.6546],[131.4946,33.6437],[131.4821,33.6432],[131.4681,33.6135],[131.4623,33.6192],[131.424,33.5919],[131.4311,33.5682],[131.3743,33.5802],[131.3492,33.573],[131.3292,33.5822],[131.2788,33.5808],[131.2558,33.599],[131.2577,33.6126],[131.2305,33.6017],[131.2139,33.6051],[131.205,33.6169],[131.1856,33.6168],[131.1724,33.5822],[131.1906,33.558],[131.1869,33.544],[131.1667,33.5287],[131.1759,33.5066],[131.0797,33.5054],[131.0298,33.5188],[131.0152,33.5091],[130.9723,33.5052],[130.9424,33.4857],[130.9263,33.4576],[130.8949,33.4462],[130.8858,33.3792],[130.8624,33.3767],[130.8618,33.3626],[130.8353,33.3435],[130.8573,33.3269],[130.8663,33.2921],[130.8521,33.2775],[130.868,33.2641],[130.8287,33.2574],[130.8263,33.2368],[130.8596,33.2291],[130.8365,33.2106],[130.8875,33.1863],[130.8735,33.1679],[130.8797,33.153],[130.8617,33.1175],[130.8398,33.1041],[130.8429,33.0941],[130.8862,33.0874],[130.9,33.0641],[130.9234,33.052],[130.9468,33.0528],[130.9703,33.0238],[130.9908,33.0238],[131.0145,33.0477],[131.0178,33.0637],[131.0107,33.0699],[131.024,33.0875],[130.9785,33.1422],[130.9845,33.144],[130.9918,33.1822],[131.0166,33.1779],[131.0388,33.1941],[131.0604,33.1951],[131.1056,33.1863],[131.1612,33.1408],[131.1746,33.0831],[131.186,33.0738],[131.1933,33.0776],[131.2167,33.0535],[131.2236,33.0172],[131.2477,32.9952],[131.2472,32.9824],[131.2632,32.9772],[131.2461,32.9587],[131.2523,32.9537],[131.246,32.9403],[131.2574,32.8874],[131.2638,32.8794],[131.2734,32.8816],[131.2734,32.871],[131.2945,32.857],[131.314,32.8511],[131.3295,32.833],[131.3438,32.8311],[131.3564,32.805],[131.4212,32.8119],[131.437,32.8286],[131.4764,32.8362],[131.5175,32.8008],[131.5082,32.7815],[131.5121,32.7697],[131.5689,32.7542],[131.5966,32.7751],[131.6688,32.7666],[131.7125,32.7735],[131.728,32.7974],[131.7357,32.8311],[131.7688,32.8369],[131.7873,32.8336],[131.7939,32.8219],[131.8245,32.8299],[131.8345,32.8197],[131.8588,32.8214],[131.8601,32.8061],[131.8443,32.7769],[131.847,32.7359],[131.8857,32.7459]]],[[[131.6715,33.7388],[131.6452,33.7305],[131.6332,33.7168],[131.6527,33.7222],[131.6657,33.7168],[131.6904,33.7324],[131.7008,33.7302],[131.6715,33.7388]]],[[[131.9354,33.016],[131.9194,33.0125],[131.9248,33.0],[131.9119,32.984],[131.9249,32.9823],[131.9432,32.9967],[131.9272,32.9961],[131.9438,33.0154],[131.9354,33.016]]],[[[132.075,32.9775],[132.0673,32.9644],[132.0711,32.9552],[132.0797,32.9636],[132.075,32.9775]]],[[[131.9088,32.7806],[131.9079,32.7714],[131.9234,32.7698],[131.9233,32.7752],[131.9088,32.7806]]],[[[132.011,33.1115],[132.0039,33.1075],[132.0064,33.0995],[132.0167,33.1068],[132.011,33.1115]]],[[[131.9565,33.2793],[131.9534,33.2782],[131.9395,33.2774],[131.9452,33.2715],[131.9565,33.2793]]],[[[131.9271,32.727],[131.9214,32.7198],[131.9259,32.7145],[131.9312,32.7216],[131.9271,32.727]]],[[[131.9922,33.1713],[131.9828,33.1696],[131.9825,33.1643],[131.9882,33.1663],[131.9922,33.1713]]],[[[131.9794,33.1611],[131.9719,33.158],[131.9716,33.1552],[131.9809,33.1575],[131.9794,33.1611]]],[[[131.8608,33.1437],[131.8568,33.1418],[131.8587,33.139],[131.8629,33.1412],[131.8608,33.1437]]],[[[131.9572,32.9712],[131.9532,32.9709],[131.9543,32.9666],[131.9573,32.9666],[131.9572,32.9712]]]]}},{"id":44,"type":"Feature","properties":{"N03_001":"宮崎県","N03_007":"45000"},"geometry":{"type":"MultiPolygon","coordinates":[[[[131.8857,32.7459],[131.884,32.7467],[131.8735,32.7404],[131.847,32.7359],[131.8443,32.7769],[131.8601,32.8061],[131.8588,32.8214],[131.8345,32.8197],[131.8245,32.8299],[131.7939,32.8219],[131.7873,32.8336],[131.7413,32.8343],[131.7125,32.7735],[131.6688,32.7666],[131.5966,32.7751],[131.5689,32.7542],[131.5121,32.7697],[131.5082,32.7815],[131.5175,32.8008],[131.4764,32.8362],[131.437,32.8286],[131.4212,32.8119],[131.3639,32.8034],[131.3486,32.8107],[131.3498,32.8244],[131.3403,32.8334],[131.2654,32.8265],[131.2454,32.7865],[131.2346,32.781],[131.2465,32.7694],[131.2315,32.744],[131.1807,32.7129],[131.1748,32.6718],[131.1514,32.6801],[131.1162,32.6427],[131.1205,32.6055],[131.106,32.5892],[131.1082,32.5821],[131.0522,32.5877],[131.0432,32.5823],[131.0389,32.5544],[131.018,32.5464],[131.0247,32.5202],[131.0094,32.5154],[131.007,32.4901],[131.0164,32.4733],[131.0199,32.4387],[131.0438,32.4081],[131.068,32.4076],[131.0693,32.3843],[131.0798,32.3743],[131.0743,32.3609],[131.0955,32.3508],[131.1119,32.3298],[131.0786,32.2812],[131.0515,32.2866],[131.0542,32.267],[131.0416,32.2579],[131.047,32.2442],[131.057,32.2459],[131.0709,32.2348],[131.0691,32.2253],[131.0843,32.2062],[131.1005,32.2015],[131.109,32.1602],[131.0962,32.1524],[131.0702,32.1597],[131.0585,32.1549],[131.0381,32.1699],[131.0132,32.1744],[130.9747,32.1368],[130.9745,32.1209],[130.9326,32.1163],[130.906,32.1336],[130.8694,32.1151],[130.8624,32.1018],[130.839,32.1072],[130.8208,32.0949],[130.7754,32.1019],[130.7595,32.0968],[130.7511,32.1041],[130.7421,32.0979],[130.7335,32.1084],[130.7036,32.0772],[130.7039,32.0577],[130.7379,32.0472],[130.7769,32.0165],[130.782,31.9831],[130.7945,31.9733],[130.7995,31.9502],[130.8656,31.9339],[130.8823,31.9212],[130.8977,31.8885],[130.9141,31.8854],[130.8946,31.878],[130.8882,31.8483],[130.875,31.8427],[130.8817,31.8335],[130.8769,31.8157],[130.901,31.8011],[130.9179,31.8035],[130.9295,31.7864],[130.9906,31.7768],[130.9785,31.7516],[131.0178,31.7452],[131.0131,31.7131],[131.0286,31.6975],[131.0256,31.6669],[131.0461,31.6524],[131.0542,31.6335],[131.0793,31.6602],[131.1178,31.6293],[131.1388,31.6277],[131.1644,31.6395],[131.1883,31.6246],[131.1872,31.6036],[131.2054,31.5799],[131.1893,31.5572],[131.1969,31.5495],[131.2008,31.5177],[131.1721,31.502],[131.1603,31.4619],[131.177,31.4498],[131.1814,31.4567],[131.2066,31.4528],[131.2288,31.4246],[131.2426,31.427],[131.2356,31.4052],[131.254,31.3809],[131.3103,31.3903],[131.3232,31.3654],[131.3366,31.3609],[131.3492,31.3665],[131.3339,31.3824],[131.3337,31.3985],[131.3443,31.3992],[131.343,31.4117],[131.371,31.4282],[131.3628,31.4719],[131.3888,31.485],[131.385,31.5027],[131.3733,31.5091],[131.3725,31.5177],[131.3853,31.5192],[131.3809,31.5534],[131.3957,31.5574],[131.391,31.5645],[131.4025,31.5817],[131.4066,31.5676],[131.4124,31.5702],[131.4088,31.5895],[131.4163,31.6015],[131.4565,31.6246],[131.4619,31.6334],[131.4527,31.6381],[131.4578,31.6466],[131.4684,31.6453],[131.4501,31.6789],[131.4682,31.6865],[131.4556,31.6968],[131.4679,31.7213],[131.4633,31.734],[131.4731,31.7372],[131.4684,31.7527],[131.4886,31.7855],[131.4551,31.8168],[131.453,31.8614],[131.469,31.9126],[131.4587,31.9013],[131.4599,31.916],[131.4724,31.9226],[131.4725,31.9462],[131.5401,32.1321],[131.5851,32.2914],[131.6151,32.3399],[131.6286,32.3418],[131.6225,32.3568],[131.636,32.3711],[131.6321,32.3788],[131.6446,32.4082],[131.6862,32.4225],[131.655,32.427],[131.6819,32.4338],[131.6784,32.4435],[131.6622,32.4365],[131.667,32.4479],[131.651,32.4347],[131.6423,32.4385],[131.6567,32.4473],[131.6503,32.46],[131.6568,32.4802],[131.6802,32.4829],[131.6772,32.4753],[131.6962,32.4695],[131.7265,32.4942],[131.7101,32.5026],[131.7098,32.5164],[131.6978,32.5148],[131.7006,32.5077],[131.6845,32.5092],[131.6824,32.5404],[131.6893,32.5601],[131.7131,32.5904],[131.7424,32.592],[131.756,32.6039],[131.7735,32.6407],[131.7576,32.6352],[131.7568,32.6445],[131.7673,32.647],[131.7629,32.6587],[131.7716,32.6597],[131.7772,32.674],[131.7849,32.6745],[131.7888,32.6618],[131.7929,32.6781],[131.8155,32.6869],[131.8169,32.7028],[131.8266,32.7066],[131.843,32.6905],[131.8532,32.6973],[131.8458,32.7084],[131.85,32.7219],[131.8643,32.7185],[131.8594,32.7332],[131.876,32.7335],[131.8857,32.7459]]],[[[131.8184,32.6743],[131.8119,32.6583],[131.8267,32.6556],[131.8356,32.6709],[131.8184,32.6743]]],[[[131.4106,31.5422],[131.4034,31.5307],[131.4161,31.5172],[131.4164,31.5317],[131.4106,31.5422]]],[[[131.3787,31.4566],[131.3737,31.4545],[131.3734,31.4502],[131.3777,31.4486],[131.3787,31.4566]]],[[[131.39,31.4798],[131.3873,31.4774],[131.3919,31.4735],[131.3923,31.4784],[131.39,31.4798]]],[[[131.6695,32.4703],[131.6661,32.4661],[131.6707,32.4653],[131.6695,32.4703]]]]}},{"id":45,"type":"Feature","properties":{"N03_001":"鹿児島県","N03_007":"46000"},"geometry":{"type":"MultiPolygon","coordinates":[[[[130.7206,32.1008],[130.655,32.1357],[130.6516,32.1513],[130.6227,32.1561],[130.6105,32.1867],[130.5917,32.186],[130.5967,32.1759],[130.5827,32.1549],[130.5423,32.1496],[130.5402,32.1374],[130.4769,32.139],[130.476,32.1225],[130.4671,32.1157],[130.4027,32.1202],[130.3867,32.1474],[130.3608,32.1686],[130.3629,32.1515],[130.3524,32.1359],[130.3094,32.1082],[130.2835,32.11],[130.2681,32.1287],[130.262,32.1275],[130.2636,32.1191],[130.2508,32.1282],[130.2268,32.1288],[130.1759,32.1059],[130.1715,32.0782],[130.1838,32.0709],[130.1826,32.0789],[130.1921,32.083],[130.2075,32.0607],[130.1917,32.0179],[130.1794,32.0156],[130.1789,32.001],[130.2087,31.9725],[130.2242,31.9107],[130.1671,31.7917],[130.1855,31.7705],[130.1861,31.7492],[130.2111,31.7561],[130.2484,31.7313],[130.2601,31.7217],[130.2622,31.7069],[130.2756,31.7051],[130.2883,31.6892],[130.2996,31.6617],[130.3155,31.6587],[130.3321,31.6153],[130.3337,31.5628],[130.3196,31.5049],[130.2714,31.4268],[130.2339,31.4098],[130.2278,31.4001],[130.1926,31.4091],[130.193,31.4292],[130.1865,31.4257],[130.1867,31.4103],[130.16,31.44],[130.1394,31.4181],[130.1158,31.424],[130.1066,31.4129],[130.124,31.4161],[130.138,31.4077],[130.1649,31.3743],[130.1905,31.3667],[130.1901,31.3552],[130.2092,31.3482],[130.204,31.3345],[130.1737,31.3246],[130.1915,31.3158],[130.2148,31.3209],[130.2249,31.3095],[130.2218,31.3007],[130.1989,31.2915],[130.2008,31.2832],[130.2138,31.29],[130.2294,31.2815],[130.2145,31.2741],[130.2282,31.2711],[130.2141,31.2612],[130.2169,31.2497],[130.2394,31.2594],[130.2783,31.2495],[130.2842,31.2674],[130.2968,31.2676],[130.3507,31.2509],[130.4595,31.2513],[130.4863,31.2371],[130.508,31.2142],[130.5156,31.1984],[130.5082,31.1936],[130.5075,31.1778],[130.5181,31.1659],[130.5302,31.1634],[130.5538,31.1783],[130.5927,31.1629],[130.5879,31.1687],[130.5959,31.1797],[130.6261,31.181],[130.6404,31.1904],[130.6439,31.2063],[130.6341,31.2004],[130.6296,31.2107],[130.6578,31.2204],[130.65,31.2447],[130.6665,31.2669],[130.6212,31.2766],[130.5647,31.3225],[130.5461,31.3746],[130.5582,31.3861],[130.5501,31.3965],[130.539,31.3908],[130.5331,31.3981],[130.5136,31.4586],[130.5155,31.4642],[130.5322,31.4623],[130.5328,31.47],[130.5133,31.4778],[130.5136,31.4908],[130.5314,31.4842],[130.5365,31.4967],[130.5214,31.5093],[130.5331,31.5072],[130.5475,31.5493],[130.5588,31.5465],[130.5704,31.5753],[130.5628,31.5972],[130.6181,31.6561],[130.6093,31.6799],[130.6276,31.7137],[130.6897,31.7347],[130.7059,31.7253],[130.7172,31.7279],[130.7341,31.7074],[130.7975,31.6997],[130.7962,31.6893],[130.8175,31.6744],[130.8217,31.6502],[130.8011,31.6319],[130.7866,31.6036],[130.7873,31.586],[130.767,31.5636],[130.7159,31.5598],[130.7211,31.5637],[130.711,31.567],[130.7161,31.5747],[130.7102,31.5802],[130.718,31.5876],[130.7114,31.5959],[130.7173,31.6025],[130.6797,31.6289],[130.6261,31.6204],[130.5911,31.5889],[130.6124,31.5623],[130.6391,31.5451],[130.6654,31.5534],[130.6819,31.5446],[130.6984,31.5557],[130.707,31.5412],[130.7066,31.5321],[130.6982,31.5299],[130.6912,31.4892],[130.6993,31.4617],[130.7294,31.452],[130.7554,31.4259],[130.8035,31.3326],[130.7904,31.3054],[130.7956,31.2939],[130.7881,31.2487],[130.7537,31.2119],[130.7668,31.1806],[130.7441,31.1315],[130.731,31.1168],[130.7141,31.1149],[130.6585,31.0759],[130.6781,31.0616],[130.6769,31.034],[130.6567,31.0069],[130.6602,30.9953],[130.6684,31.0085],[130.6829,31.0039],[130.6885,31.0146],[130.6838,31.0251],[130.7146,31.0291],[130.7173,31.0454],[130.7432,31.0525],[130.7454,31.0598],[130.7585,31.0571],[130.8129,31.0892],[130.8738,31.095],[130.9002,31.1127],[130.9159,31.1134],[130.9217,31.1252],[130.9627,31.1384],[130.9792,31.1519],[130.9726,31.1665],[130.9951,31.1708],[130.9851,31.1786],[131.0033,31.1898],[131.0065,31.2148],[131.0171,31.2283],[131.0665,31.2279],[131.0863,31.2497],[131.1297,31.2769],[131.1302,31.2848],[131.1216,31.2866],[131.1072,31.2756],[131.0762,31.2798],[131.0735,31.2915],[131.1074,31.3157],[131.1087,31.3305],[131.0182,31.3567],[131.016,31.3799],[131.041,31.4265],[131.0782,31.4582],[131.085,31.448],[131.0843,31.4594],[131.0949,31.457],[131.1077,31.474],[131.1216,31.4745],[131.1381,31.4609],[131.1441,31.4682],[131.1603,31.4619],[131.1721,31.502],[131.2008,31.5177],[131.1969,31.5495],[131.1893,31.5572],[131.2054,31.5799],[131.1872,31.6036],[131.1883,31.6246],[131.1644,31.6395],[131.1278,31.6265],[131.0793,31.6602],[131.0542,31.6335],[131.0461,31.6524],[131.0256,31.6669],[131.0286,31.6975],[131.0131,31.7131],[131.0178,31.7452],[130.9785,31.7516],[130.9906,31.7768],[130.9295,31.7864],[130.9151,31.8049],[130.8828,31.8071],[130.875,31.8427],[130.8882,31.8483],[130.8946,31.878],[130.9141,31.8854],[130.8977,31.8885],[130.8823,31.9212],[130.8656,31.9339],[130.7995,31.9502],[130.7945,31.9733],[130.782,31.9831],[130.7769,32.0165],[130.7379,32.0472],[130.7034,32.0585],[130.7036,32.0772],[130.716,32.0857],[130.7206,32.1008]]],[[[129.69,28.53],[129.6769,28.5266],[129.6598,28.5017],[129.6456,28.5005],[129.6739,28.4622],[129.6673,28.4388],[129.6492,28.4685],[129.6483,28.4487],[129.6589,28.4321],[129.6517,28.4222],[129.6463,28.4281],[129.6397,28.4167],[129.6203,28.4183],[129.6204,28.4296],[129.6291,28.4356],[129.6209,28.45],[129.6152,28.4465],[129.618,28.4325],[129.603,28.4317],[129.602,28.4153],[129.5896,28.4137],[129.6222,28.4755],[129.5952,28.4749],[129.5626,28.4587],[129.5584,28.4479],[129.5419,28.4604],[129.5214,28.4449],[129.511,28.411],[129.5179,28.4037],[129.4973,28.3816],[129.4939,28.4078],[129.4879,28.4111],[129.4785,28.4002],[129.4679,28.4021],[129.4681,28.4117],[129.4564,28.4113],[129.446,28.38],[129.4288,28.3883],[129.3957,28.3862],[129.4088,28.3663],[129.3998,28.3556],[129.3877,28.3737],[129.3666,28.3546],[129.3391,28.3685],[129.3051,28.3301],[129.2676,28.3265],[129.2126,28.3026],[129.2601,28.2727],[129.2675,28.2885],[129.2935,28.2846],[129.295,28.2732],[129.2784,28.2763],[129.2738,28.2613],[129.2552,28.2654],[129.2495,28.2528],[129.2434,28.2671],[129.2273,28.2736],[129.2149,28.2662],[129.212,28.2527],[129.1823,28.2697],[129.166,28.2561],[129.1358,28.2529],[129.1503,28.2459],[129.1523,28.2368],[129.1698,28.2428],[129.1775,28.224],[129.1946,28.2277],[129.2053,28.2186],[129.2191,28.2287],[129.2511,28.2035],[129.2571,28.2051],[129.2487,28.2157],[129.2531,28.2322],[129.2638,28.226],[129.2764,28.2325],[129.2617,28.2154],[129.2953,28.2195],[129.2728,28.2073],[129.2631,28.1831],[129.2894,28.1896],[129.2832,28.1822],[129.2922,28.1823],[129.2974,28.1716],[129.2869,28.1675],[129.2968,28.1611],[129.2915,28.1534],[129.3331,28.1291],[129.3414,28.1386],[129.3483,28.1311],[129.3603,28.1349],[129.3671,28.1303],[129.3603,28.1268],[129.3664,28.1122],[129.3803,28.113],[129.3634,28.1488],[129.338,28.1702],[129.3508,28.1741],[129.3631,28.163],[129.3835,28.1649],[129.4017,28.1561],[129.4063,28.1936],[129.4185,28.1874],[129.4333,28.1988],[129.4535,28.1995],[129.4622,28.2114],[129.4768,28.2106],[129.457,28.232],[129.444,28.2296],[129.4078,28.2504],[129.4428,28.2457],[129.46,28.2681],[129.4551,28.2918],[129.4618,28.2974],[129.4863,28.2895],[129.5414,28.3086],[129.5332,28.3269],[129.5658,28.3358],[129.6137,28.4009],[129.6309,28.4072],[129.6638,28.3976],[129.669,28.4088],[129.709,28.4212],[129.7221,28.458],[129.7189,28.4723],[129.6962,28.4885],[129.69,28.53]]],[[[130.498,30.4695],[130.4923,30.4541],[130.4715,30.4614],[130.4643,30.4571],[130.4643,30.4372],[130.4472,30.4286],[130.4192,30.3961],[130.3783,30.3921],[130.3809,30.3512],[130.392,30.3217],[130.413,30.2971],[130.4142,30.2711],[130.4428,30.2368],[130.5216,30.2266],[130.5302,30.2338],[130.5454,30.2301],[130.5856,30.2404],[130.6579,30.3059],[130.6682,30.3806],[130.6387,30.4012],[130.5993,30.4098],[130.5978,30.4174],[130.5434,30.4471],[130.4994,30.4527],[130.498,30.4695]]],[[[131.0565,30.8398],[131.0406,30.822],[131.0326,30.8242],[131.0044,30.7857],[131.0088,30.7661],[130.9901,30.7402],[130.9937,30.7273],[130.979,30.7255],[130.9742,30.7091],[130.9416,30.6725],[130.9534,30.5934],[130.9346,30.5513],[130.8744,30.468],[130.8487,30.465],[130.8664,30.4089],[130.8575,30.3713],[130.8727,30.3448],[130.8841,30.3439],[130.8932,30.3579],[130.9224,30.3709],[130.966,30.3749],[130.9654,30.3926],[130.9788,30.4003],[130.9677,30.4219],[130.9787,30.4382],[130.9589,30.4594],[130.9686,30.4646],[130.964,30.4826],[130.9994,30.5481],[131.0272,30.5567],[131.0338,30.5889],[131.0551,30.6049],[131.0588,30.6404],[131.0498,30.6468],[131.0511,30.6566],[131.0648,30.6897],[131.0778,30.6956],[131.0716,30.7679],[131.0834,30.7827],[131.0565,30.8398]]],[[[128.9067,27.8938],[128.8888,27.877],[128.8933,27.8582],[128.884,27.8395],[128.8815,27.8465],[128.8791,27.8265],[128.8916,27.8194],[128.8899,27.7868],[128.9064,27.7603],[128.8997,27.736],[128.881,27.7223],[128.9166,27.6963],[128.9258,27.666],[128.9362,27.661],[128.9658,27.671],[128.9822,27.6684],[129.0079,27.711],[129.0217,27.7183],[129.021,27.742],[129.0322,27.7466],[129.0377,27.7682],[128.9664,27.8237],[128.9716,27.8552],[128.956,27.8628],[128.9759,27.8726],[128.9695,27.8929],[128.9067,27.8938]]],[[[128.694,27.4409],[128.6349,27.4093],[128.6131,27.4091],[128.5964,27.3978],[128.5589,27.3958],[128.5331,27.4053],[128.52,27.3732],[128.5315,27.3486],[128.5598,27.3291],[128.599,27.34],[128.6361,27.3652],[128.6743,27.4119],[128.7137,27.4348],[128.694,27.4409]]],[[[130.1743,32.2294],[130.1643,32.2148],[130.1562,32.226],[130.1541,32.2146],[130.1483,32.2167],[130.1547,32.1977],[130.1314,32.2164],[130.1057,32.2135],[130.1115,32.207],[130.1054,32.2038],[130.1184,32.2009],[130.0911,32.1817],[130.1087,32.1705],[130.1169,32.1504],[130.113,32.1254],[130.1458,32.1064],[130.1572,32.0895],[130.1689,32.0952],[130.1794,32.1371],[130.2095,32.1537],[130.2052,32.1691],[130.1872,32.1664],[130.1883,32.1891],[130.1996,32.1953],[130.1917,32.1975],[130.1743,32.2294]]],[[[129.2094,28.2012],[129.1758,28.1835],[129.1991,28.1451],[129.2199,28.1389],[129.2146,28.1153],[129.2244,28.0987],[129.2156,28.0768],[129.2487,28.0999],[129.2448,28.1084],[129.2502,28.1113],[129.2617,28.1],[129.2613,28.0783],[129.2836,28.0628],[129.2862,28.0852],[129.2949,28.0913],[129.3069,28.0875],[129.3146,28.0963],[129.3254,28.0897],[129.3164,28.0763],[129.3193,28.0624],[129.3402,28.0764],[129.3535,28.1089],[129.3411,28.1185],[129.3373,28.1103],[129.325,28.1139],[129.3189,28.1017],[129.3025,28.1222],[129.2906,28.1085],[129.2878,28.1256],[129.2749,28.1131],[129.2738,28.1242],[129.2633,28.1262],[129.275,28.1421],[129.2453,28.1221],[129.2498,28.1307],[129.2422,28.1376],[129.2602,28.1456],[129.2505,28.1424],[129.2506,28.1531],[129.2749,28.1511],[129.2745,28.158],[129.2626,28.1706],[129.2572,28.1633],[129.2575,28.1722],[129.2555,28.159],[129.2404,28.1505],[129.2199,28.1614],[129.2234,28.1659],[129.2129,28.1634],[129.2052,28.1834],[129.2301,28.192],[129.2393,28.185],[129.2429,28.1879],[129.2291,28.1966],[129.2122,28.1925],[129.2094,28.2012]]],[[[129.785,31.7911],[129.7819,31.7738],[129.7891,31.7688],[129.7754,31.7583],[129.7808,31.7519],[129.7762,31.7415],[129.7057,31.7225],[129.6971,31.716],[129.7018,31.7064],[129.691,31.703],[129.6934,31.6925],[129.6776,31.6681],[129.6822,31.6626],[129.6588,31.66],[129.6668,31.6353],[129.6798,31.6337],[129.685,31.6229],[129.6966,31.6228],[129.7062,31.6375],[129.7145,31.6228],[129.7117,31.6334],[129.7378,31.6548],[129.7268,31.6608],[129.7255,31.6711],[129.7437,31.6872],[129.7395,31.706],[129.7482,31.7173],[129.7686,31.7128],[129.778,31.7436],[129.8018,31.7641],[129.7932,31.7768],[129.802,31.7854],[129.785,31.7911]]],[[[130.0191,28.3785],[129.9528,28.3274],[129.9231,28.3238],[129.9132,28.3119],[129.9197,28.2905],[129.9301,28.2922],[129.9438,28.2744],[129.9778,28.288],[129.9996,28.3192],[130.0008,28.337],[130.0177,28.3378],[130.0352,28.3616],[130.0191,28.3785]]],[[[129.8521,31.883],[129.8349,31.8816],[129.8171,31.8617],[129.8214,31.843],[129.8352,31.8375],[129.834,31.8537],[129.8429,31.8658],[129.8431,31.8572],[129.8616,31.8555],[129.8432,31.8492],[129.8477,31.8327],[129.8624,31.8358],[129.8572,31.8223],[129.8735,31.8203],[129.8737,31.8033],[129.8991,31.8138],[129.9055,31.8249],[129.919,31.8169],[129.93,31.8244],[129.9313,31.8365],[129.9195,31.8434],[129.9311,31.8504],[129.9238,31.8616],[129.9313,31.8676],[129.9047,31.8666],[129.9185,31.8495],[129.9107,31.843],[129.8521,31.883]]],[[[130.1469,30.4903],[130.1713,30.4563],[130.1957,30.4614],[130.1926,30.4391],[130.2119,30.4219],[130.2295,30.4248],[130.2395,30.4366],[130.2637,30.4339],[130.2629,30.4478],[130.2353,30.47],[130.2003,30.4813],[130.191,30.4719],[130.1814,30.4838],[130.1469,30.4903]]],[[[129.8518,29.8837],[129.8341,29.86],[129.8606,29.822],[129.8733,29.8164],[129.9184,29.8237],[129.8953,29.844],[129.8924,29.8673],[129.8518,29.8837]]],[[[129.7401,29.6718],[129.7065,29.6661],[129.6836,29.652],[129.698,29.6033],[129.7126,29.6061],[129.7117,29.6126],[129.7335,29.6276],[129.7401,29.6718]]],[[[128.432,27.0681],[128.4152,27.0599],[128.4115,27.0475],[128.3991,27.0513],[128.3974,27.039],[128.423,27.0233],[128.4574,27.0236],[128.4536,27.0517],[128.432,27.0681]]],[[[130.2573,32.3064],[130.2189,32.2888],[130.2095,32.255],[130.2264,32.262],[130.2419,32.2563],[130.2389,32.265],[130.2598,32.2813],[130.2676,32.2795],[130.2668,32.2964],[130.2536,32.3029],[130.2573,32.3064]]],[[[129.9392,30.8515],[129.9052,30.8391],[129.9111,30.8238],[129.9296,30.812],[129.953,30.8184],[129.9646,30.8301],[129.9392,30.8515]]],[[[129.2139,28.055],[129.2059,28.0414],[129.2115,28.0228],[129.235,28.0232],[129.2573,28.0051],[129.2648,28.0107],[129.2657,28.0365],[129.2543,28.0304],[129.2478,28.0394],[129.2358,28.031],[129.2139,28.055]]],[[[129.9167,30.0074],[129.9008,29.9741],[129.9049,29.9653],[129.9285,29.9503],[129.9442,29.9526],[129.9452,29.9656],[129.9226,29.989],[129.9167,30.0074]]],[[[130.3035,30.8084],[130.2651,30.7916],[130.2616,30.7831],[130.2793,30.773],[130.276,30.7804],[130.3136,30.7809],[130.3216,30.7914],[130.3035,30.8084]]],[[[129.1725,28.0689],[129.1505,28.0474],[129.1477,28.0139],[129.1655,28.0214],[129.1661,28.0462],[129.177,28.0477],[129.1725,28.0689]]],[[[130.8576,30.7658],[130.8423,30.7489],[130.8383,30.727],[130.8644,30.7308],[130.868,30.741],[130.8576,30.7658]]],[[[129.5953,29.4771],[129.5857,29.4635],[129.5958,29.4555],[129.5937,29.4478],[129.6182,29.4473],[129.6095,29.4722],[129.5953,29.4771]]],[[[129.8396,31.8191],[129.8205,31.8126],[129.8136,31.7975],[129.8229,31.7752],[129.8327,31.7832],[129.8252,31.79],[129.8449,31.7985],[129.8361,31.8054],[129.8396,31.8191]]],[[[129.2013,29.159],[129.1867,29.1534],[129.2201,29.1267],[129.2215,29.1566],[129.2013,29.159]]],[[[129.1844,28.3058],[129.1785,28.2974],[129.1894,28.2863],[129.2207,28.2851],[129.2125,28.2984],[129.1844,28.3058]]],[[[130.4277,30.8197],[130.4099,30.8185],[130.3968,30.8074],[130.4117,30.8103],[130.4418,30.8002],[130.446,30.8099],[130.4277,30.8197]]],[[[129.5369,29.9164],[129.5302,29.9117],[129.5322,29.8958],[129.5523,29.8938],[129.5501,29.9076],[129.5369,29.9164]]],[[[130.1867,32.269],[130.1595,32.2422],[130.1664,32.2299],[130.1897,32.2613],[130.1867,32.269]]],[[[130.1946,32.2445],[130.1964,32.2267],[130.1878,32.2212],[130.1981,32.2098],[130.2025,32.215],[130.2102,32.2101],[130.2113,32.22],[130.2051,32.2194],[130.2079,32.2258],[130.1946,32.2445]]],[[[128.9943,28.8072],[128.9847,28.7983],[128.9737,28.8003],[128.9782,28.7935],[129.0018,28.7937],[128.9943,28.8072]]],[[[129.5345,29.6969],[129.5253,29.6873],[129.5374,29.6782],[129.5392,29.6945],[129.5345,29.6969]]],[[[131.0356,31.3656],[131.0324,31.3777],[131.0224,31.3769],[131.0204,31.3644],[131.0356,31.3656]]],[[[129.4469,31.1999],[129.4444,31.1879],[129.4351,31.1758],[129.4474,31.1781],[129.4538,31.1975],[129.4469,31.1999]]],[[[129.327,29.2289],[129.3191,29.2247],[129.3269,29.218],[129.3316,29.2245],[129.327,29.2289]]],[[[129.1647,28.1229],[129.1626,28.116],[129.1769,28.1109],[129.1711,28.1197],[129.1647,28.1229]]],[[[130.1693,31.3642],[130.1626,31.3597],[130.1609,31.3525],[130.1652,31.3523],[130.1693,31.3642]]],[[[129.4725,31.2116],[129.4692,31.2036],[129.4765,31.196],[129.476,31.2052],[129.4725,31.2116]]],[[[130.6775,31.2805],[130.6724,31.2752],[130.6774,31.2726],[130.6818,31.2776],[130.6775,31.2805]]],[[[129.0027,28.8366],[128.9982,28.8352],[128.9995,28.8285],[129.0041,28.8286],[129.0027,28.8366]]],[[[129.6217,29.8842],[129.6182,29.8784],[129.622,29.8769],[129.6243,29.8824],[129.6217,29.8842]]],[[[129.2741,28.027],[129.272,28.0203],[129.2795,28.02],[129.2741,28.027]]],[[[129.1699,28.1986],[129.1645,28.1934],[129.1701,28.1917],[129.1699,28.1986]]],[[[130.1647,32.0289],[130.1667,32.0221],[130.1701,32.0218],[130.1722,32.0246],[130.1647,32.0289]]],[[[129.8445,31.8299],[129.842,31.8271],[129.8356,31.8259],[129.841,31.8219],[129.8445,31.8299]]],[[[129.345,29.2308],[129.3432,29.23],[129.3437,29.225],[129.3487,29.2271],[129.345,29.2308]]],[[[130.223,32.2547],[130.2271,32.2462],[130.23,32.2471],[130.2297,32.2505],[130.223,32.2547]]],[[[130.5562,31.5342],[130.5577,31.5372],[130.5513,31.5388],[130.5502,31.5364],[130.5562,31.5342]]],[[[131.1162,31.434],[131.1141,31.4299],[131.1185,31.4291],[131.1162,31.434]]],[[[129.4659,30.8631],[129.4632,30.8621],[129.4628,30.8593],[129.4677,30.8592],[129.4659,30.8631]]],[[[129.1507,28.1322],[129.1475,28.132],[129.1468,28.129],[129.1503,28.1273],[129.1507,28.1322]]]]}},{"id":46,"type":"Feature","properties":{"N03_001":"沖縄県","N03_007":"47000"},"geometry":{"type":"MultiPolygon","coordinates":[[[[123.7847,24.0459],[123.7551,24.0507],[123.7542,24.0629],[123.7871,24.0718],[123.8102,24.0633],[123.803,24.0489],[123.7847,24.0459]]],[[[123.9366,24.2173],[123.9323,24.2089],[123.9208,24.2174],[123.9345,24.2214],[123.9366,24.2173]]],[[[123.939,24.2322],[123.9485,24.2424],[123.9545,24.2396],[123.9383,24.2248],[123.939,24.2322]]],[[[124.0138,24.2215],[124.0041,24.2214],[123.9912,24.2413],[123.9983,24.254],[124.0287,24.2454],[124.0291,24.2332],[124.0138,24.2215]]],[[[124.076,24.3253],[124.0869,24.3405],[124.102,24.3209],[124.0847,24.3118],[124.076,24.3253]]],[[[124.1474,24.3284],[124.1407,24.3323],[124.1565,24.3331],[124.1545,24.3285],[124.1474,24.3284]]],[[[124.0027,24.3268],[123.9936,24.3235],[123.9833,24.331],[123.9517,24.333],[123.9687,24.3384],[123.9635,24.3484],[123.9744,24.3548],[123.9923,24.3468],[123.9897,24.3409],[124.0027,24.3268]]],[[[123.8095,24.3999],[123.817,24.3911],[123.8325,24.4075],[123.8617,24.3948],[123.87,24.4046],[123.8811,24.3994],[123.8869,24.3848],[123.9029,24.3856],[123.9226,24.3666],[123.9385,24.3656],[123.9362,24.3496],[123.9268,24.3427],[123.9281,24.3159],[123.911,24.324],[123.8991,24.301],[123.9045,24.2752],[123.881,24.2804],[123.8826,24.2612],[123.8741,24.2552],[123.8333,24.272],[123.8057,24.2696],[123.7549,24.2797],[123.723,24.2996],[123.719,24.2783],[123.6802,24.2833],[123.6617,24.3084],[123.687,24.3105],[123.68,24.3222],[123.6866,24.3327],[123.7102,24.3149],[123.7007,24.34],[123.7044,24.3497],[123.7113,24.3332],[123.7294,24.3417],[123.7294,24.3312],[123.7516,24.3127],[123.7447,24.3427],[123.7535,24.3532],[123.743,24.3684],[123.753,24.377],[123.7424,24.39],[123.7525,24.3914],[123.7532,24.4051],[123.7727,24.4176],[123.767,24.4351],[123.782,24.4373],[123.8119,24.4113],[123.8095,24.3999]]],[[[123.7242,24.3645],[123.7394,24.3583],[123.7446,24.3481],[123.7303,24.3528],[123.7242,24.3645]]],[[[123.9957,24.3643],[123.9995,24.3669],[124.0044,24.3619],[124.0011,24.3602],[123.9957,24.3643]]],[[[123.7205,24.3727],[123.7186,24.3652],[123.7111,24.374],[123.7251,24.3801],[123.7205,24.3727]]],[[[123.0403,24.4599],[123.012,24.4374],[122.9845,24.443],[122.9666,24.4376],[122.9339,24.4487],[122.9626,24.4726],[123.0127,24.4737],[123.0403,24.4599]]],[[[124.1504,24.4537],[124.1461,24.4577],[124.1484,24.4621],[124.1527,24.4554],[124.1504,24.4537]]],[[[124.3344,24.5711],[124.3045,24.5465],[124.3061,24.5261],[124.2838,24.5083],[124.2814,24.4904],[124.2524,24.4668],[124.2579,24.4438],[124.25,24.4303],[124.2581,24.4124],[124.2426,24.3494],[124.229,24.3456],[124.2028,24.3547],[124.1924,24.3351],[124.1698,24.3299],[124.1115,24.3671],[124.1372,24.3855],[124.1431,24.4138],[124.1206,24.4345],[124.103,24.4334],[124.0843,24.4164],[124.0699,24.4288],[124.0766,24.4533],[124.1185,24.4461],[124.1167,24.4626],[124.1255,24.4688],[124.1126,24.4794],[124.1176,24.4824],[124.1404,24.4706],[124.1442,24.4636],[124.1344,24.4478],[124.1398,24.4425],[124.1526,24.4545],[124.1787,24.4487],[124.1927,24.4576],[124.2229,24.4554],[124.2293,24.4979],[124.2389,24.4988],[124.2585,24.5197],[124.2789,24.5073],[124.2856,24.5349],[124.2948,24.5412],[124.2826,24.5588],[124.3084,24.5873],[124.3122,24.6105],[124.3381,24.605],[124.3344,24.5711]]],[[[123.8233,24.4759],[123.8244,24.468],[123.8139,24.4733],[123.8152,24.4769],[123.8233,24.4759]]],[[[124.7082,24.6381],[124.6754,24.6433],[124.6729,24.6652],[124.6969,24.677],[124.7265,24.6668],[124.726,24.6505],[124.7082,24.6381]]],[[[124.6886,24.7615],[124.7041,24.7543],[124.7064,24.7463],[124.6838,24.7571],[124.6886,24.7615]]],[[[125.1745,24.8072],[125.1472,24.8065],[125.1354,24.8237],[125.1417,24.8426],[125.1755,24.814],[125.1745,24.8072]]],[[[125.1582,24.834],[125.1589,24.8617],[125.1789,24.8616],[125.2122,24.8438],[125.2213,24.8138],[125.2162,24.8067],[125.1953,24.8061],[125.1775,24.8118],[125.1582,24.834]]],[[[125.2342,24.9284],[125.2321,24.9359],[125.2451,24.938],[125.2555,24.9256],[125.2342,24.9284]]],[[[123.5462,25.7251],[123.5504,25.7256],[123.5546,25.7233],[123.5525,25.7205],[123.5462,25.7251]]],[[[123.5448,25.7279],[123.5413,25.7279],[123.5388,25.7324],[123.5415,25.7345],[123.5448,25.7279]]],[[[123.4595,25.7352],[123.4602,25.744],[123.4765,25.7518],[123.4936,25.7431],[123.4595,25.7352]]],[[[123.6874,25.9245],[123.686,25.9197],[123.676,25.9235],[123.6804,25.9287],[123.6874,25.9245]]],[[[125.2396,24.7182],[125.2418,24.7315],[125.2584,24.7192],[125.2495,24.7131],[125.2396,24.7182]]],[[[125.2783,24.8135],[125.2771,24.8368],[125.288,24.8431],[125.2952,24.8361],[125.2964,24.8455],[125.2616,24.903],[125.2705,24.9054],[125.2689,24.9128],[125.2851,24.8826],[125.2993,24.8736],[125.3099,24.842],[125.3354,24.8222],[125.3361,24.798],[125.3851,24.7865],[125.4026,24.7663],[125.4333,24.761],[125.4547,24.7306],[125.3724,24.729],[125.3081,24.712],[125.2963,24.7207],[125.2988,24.7267],[125.2978,24.7335],[125.2955,24.7188],[125.2615,24.7352],[125.2526,24.7566],[125.2839,24.7516],[125.277,24.7732],[125.2561,24.7944],[125.2721,24.8033],[125.2783,24.8135]]],[[[125.2575,24.8011],[125.266,24.8041],[125.2589,24.7962],[125.2575,24.8011]]],[[[125.3068,24.9198],[125.3108,24.9152],[125.3067,24.9134],[125.3054,24.917],[125.3068,24.9198]]],[[[127.7693,26.1286],[127.771,26.1315],[127.7754,26.132],[127.7736,26.1267],[127.7693,26.1286]]],[[[127.3456,26.1428],[127.3408,26.1418],[127.3449,26.1465],[127.3456,26.1428]]],[[[127.6609,26.1604],[127.6676,26.1538],[127.6499,26.153],[127.6503,26.1599],[127.6609,26.1604]]],[[[127.6592,26.1614],[127.6428,26.1734],[127.6437,26.1887],[127.6351,26.2004],[127.6319,26.1757],[127.6304,26.2062],[127.6419,26.2039],[127.6489,26.2167],[127.6632,26.2132],[127.6651,26.2216],[127.681,26.2266],[127.6794,26.2402],[127.6671,26.2323],[127.6689,26.2506],[127.6853,26.2461],[127.6837,26.2558],[127.7066,26.2731],[127.7199,26.2708],[127.7571,26.2951],[127.7601,26.3099],[127.7461,26.3228],[127.7451,26.3515],[127.7165,26.4019],[127.7145,26.4409],[127.725,26.44],[127.7363,26.4224],[127.7719,26.4446],[127.7819,26.436],[127.7991,26.4375],[127.8126,26.4633],[127.8447,26.4805],[127.8439,26.5039],[127.8557,26.5001],[127.8733,26.5111],[127.8836,26.5026],[127.9058,26.518],[127.9166,26.5159],[127.9343,26.5386],[127.9417,26.5358],[127.9581,26.5466],[127.9643,26.5416],[127.9803,26.5665],[127.9781,26.5882],[127.9291,26.6081],[127.9118,26.6012],[127.8949,26.6066],[127.8789,26.6409],[127.879,26.6541],[127.8905,26.6639],[127.8743,26.6846],[127.8802,26.7099],[127.9038,26.699],[127.9525,26.7082],[127.9714,26.694],[128.0058,26.6878],[127.9838,26.6481],[127.9991,26.6432],[128.0067,26.6306],[128.049,26.6344],[128.0796,26.6445],[128.0971,26.6622],[128.1129,26.6673],[128.1232,26.6601],[128.0989,26.681],[128.1161,26.7018],[128.1561,26.7187],[128.1605,26.7298],[128.1524,26.7448],[128.1837,26.7496],[128.2313,26.7974],[128.2533,26.8428],[128.2466,26.8679],[128.2635,26.8742],[128.2619,26.8664],[128.2902,26.8417],[128.3065,26.8435],[128.3046,26.8306],[128.3198,26.8116],[128.3174,26.7942],[128.3265,26.7815],[128.3212,26.7566],[128.3269,26.7494],[128.2936,26.7172],[128.2993,26.7118],[128.2798,26.6916],[128.2793,26.6789],[128.2444,26.6375],[128.2049,26.6253],[128.148,26.6294],[128.1552,26.6082],[128.1512,26.5975],[128.1241,26.6021],[128.1482,26.5687],[128.1382,26.5666],[128.1396,26.5552],[128.1108,26.5511],[128.0911,26.5365],[128.0729,26.5489],[128.0355,26.5517],[128.0532,26.5209],[127.9963,26.5092],[127.9916,26.5043],[128.001,26.4829],[127.9656,26.4681],[127.9534,26.4736],[127.9426,26.4416],[127.9241,26.4391],[127.8713,26.4576],[127.8539,26.4514],[127.8404,26.427],[127.8311,26.432],[127.8267,26.4228],[127.8812,26.3764],[127.875,26.3568],[127.9119,26.326],[127.9236,26.3021],[127.9158,26.2943],[127.8992,26.3045],[127.8626,26.3445],[127.8564,26.3428],[127.8452,26.3364],[127.8398,26.3328],[127.8372,26.3294],[127.8347,26.326],[127.8475,26.3144],[127.8293,26.3132],[127.8467,26.304],[127.8373,26.3004],[127.8285,26.3107],[127.8273,26.3032],[127.8113,26.2985],[127.8162,26.2774],[127.798,26.2655],[127.79,26.23],[127.7657,26.2047],[127.7781,26.1873],[127.7778,26.1725],[127.7905,26.1712],[127.795,26.1856],[127.8211,26.1916],[127.8298,26.1654],[127.7929,26.1349],[127.7754,26.135],[127.7472,26.1183],[127.7256,26.0909],[127.7069,26.09],[127.6774,26.0746],[127.6565,26.0844],[127.6675,26.134],[127.6535,26.1353],[127.6529,26.1261],[127.648,26.1453],[127.6691,26.1521],[127.6659,26.1573],[127.6647,26.1583],[127.6592,26.1614]]],[[[127.8432,26.3344],[127.8618,26.3436],[127.8699,26.33],[127.8584,26.3335],[127.8535,26.3245],[127.8373,26.3294],[127.8432,26.3344]]],[[[127.2962,26.1725],[127.2967,26.1671],[127.2897,26.1629],[127.2905,26.1725],[127.2962,26.1725]]],[[[127.233,26.176],[127.2368,26.1828],[127.2442,26.1754],[127.2409,26.1626],[127.233,26.176]]],[[[127.2863,26.1761],[127.2825,26.1831],[127.2929,26.186],[127.2945,26.179],[127.2863,26.1761]]],[[[127.3643,26.1845],[127.3633,26.1567],[127.3466,26.1483],[127.3483,26.1671],[127.3393,26.1823],[127.3478,26.1859],[127.3454,26.2018],[127.3572,26.2265],[127.3738,26.2081],[127.3643,26.1845]]],[[[127.2716,26.1971],[127.2656,26.1996],[127.2799,26.2119],[127.2934,26.1944],[127.2758,26.1867],[127.2716,26.1971]]],[[[127.3111,26.2088],[127.3171,26.2046],[127.3134,26.1978],[127.3094,26.2158],[127.3111,26.2088]]],[[[127.4404,26.2039],[127.4472,26.2186],[127.4528,26.2246],[127.4469,26.203],[127.4404,26.2039]]],[[[127.2498,26.2158],[127.2431,26.2083],[127.2392,26.2113],[127.241,26.2213],[127.2494,26.2231],[127.2498,26.2158]]],[[[127.3661,26.2318],[127.3689,26.2369],[127.3721,26.2277],[127.3682,26.2282],[127.3661,26.2318]]],[[[127.329,26.2325],[127.3109,26.2374],[127.3077,26.2185],[127.281,26.231],[127.2962,26.2421],[127.3071,26.2404],[127.31,26.252],[127.3325,26.2401],[127.329,26.2325]]],[[[127.4043,26.2488],[127.4011,26.2555],[127.4032,26.2566],[127.4073,26.2492],[127.4043,26.2488]]],[[[126.8309,26.3422],[126.8349,26.3367],[126.8225,26.3373],[126.8284,26.3428],[126.8309,26.3422]]],[[[126.8367,26.341],[126.8389,26.3437],[126.8424,26.3384],[126.8372,26.3365],[126.8367,26.341]]],[[[126.8081,26.3608],[126.8239,26.3464],[126.8054,26.3238],[126.81,26.291],[126.7806,26.3048],[126.7682,26.3293],[126.7511,26.3431],[126.7254,26.3487],[126.7131,26.3597],[126.7091,26.3548],[126.7128,26.3722],[126.7704,26.3913],[126.7863,26.3858],[126.8081,26.3608]]],[[[127.1517,26.355],[127.141,26.3559],[127.1371,26.3658],[127.1468,26.382],[127.1497,26.3631],[127.1615,26.3639],[127.1517,26.355]]],[[[127.1038,26.3878],[127.1042,26.3833],[127.101,26.382],[127.1002,26.3876],[127.1038,26.3878]]],[[[127.2243,26.5778],[127.2081,26.576],[127.2273,26.6011],[127.2401,26.6],[127.2482,26.5863],[127.2415,26.5774],[127.2243,26.5778]]],[[[127.8038,26.7051],[127.7574,26.7091],[127.7495,26.718],[127.7524,26.733],[127.8113,26.7379],[127.8313,26.7171],[127.8278,26.7099],[127.8038,26.7051]]],[[[131.1951,24.4683],[131.1893,24.4615],[131.1808,24.471],[131.1914,24.4713],[131.1951,24.4683]]],[[[131.2674,25.8301],[131.2439,25.8138],[131.2135,25.8229],[131.2206,25.8665],[131.2407,25.8724],[131.2652,25.8669],[131.2733,25.8526],[131.2674,25.8301]]],[[[131.3254,25.9392],[131.3189,25.929],[131.2991,25.9304],[131.284,25.9578],[131.3309,25.9532],[131.3254,25.9392]]],[[[127.8971,26.1653],[127.9095,26.1718],[127.8838,26.1549],[127.8888,26.1624],[127.8971,26.1653]]],[[[127.9375,26.2624],[127.9483,26.258],[127.9404,26.2417],[127.9335,26.2475],[127.9375,26.2624]]],[[[127.9884,26.3018],[127.9928,26.3041],[127.9953,26.3021],[127.9928,26.2988],[127.9884,26.3018]]],[[[127.9189,26.3183],[127.9246,26.3232],[127.9299,26.3141],[127.9228,26.3175],[127.9189,26.3183]]],[[[127.9555,26.3111],[127.9505,26.3271],[127.9527,26.3291],[127.9674,26.3228],[127.9555,26.3111]]],[[[127.9431,26.345],[127.9432,26.3556],[127.9657,26.3651],[127.97,26.355],[127.9745,26.354],[127.9594,26.3383],[127.9431,26.345]]],[[[127.9916,26.3591],[127.9707,26.3554],[127.9737,26.3765],[127.988,26.3851],[127.986,26.3742],[127.9956,26.3682],[127.9916,26.3591]]],[[[127.9898,26.3932],[127.9955,26.3995],[128.0033,26.3978],[127.9981,26.3821],[127.9898,26.3932]]],[[[128.0353,26.641],[128.0346,26.6371],[128.0311,26.6385],[128.0326,26.6426],[128.0353,26.641]]],[[[127.8548,26.6483],[127.8666,26.6539],[127.8744,26.649],[127.8623,26.6295],[127.8548,26.6483]]],[[[127.8175,26.644],[127.8129,26.6484],[127.8152,26.6512],[127.8206,26.6473],[127.8175,26.644]]],[[[128.0095,26.6541],[127.9973,26.6561],[127.9944,26.666],[128.0201,26.6805],[128.0355,26.6506],[128.0095,26.6541]]],[[[128.1014,26.67],[128.1035,26.6688],[128.1037,26.6645],[128.099,26.6678],[128.1014,26.67]]],[[[128.0083,26.7078],[128.0126,26.714],[128.0271,26.7102],[128.0242,26.6958],[128.0142,26.6967],[128.0083,26.7078]]],[[[127.9277,26.9014],[127.9325,26.8949],[127.9308,26.8918],[127.9221,26.8941],[127.9204,26.9021],[127.9277,26.9014]]],[[[127.9544,26.9299],[127.9519,26.9135],[127.9389,26.9119],[127.9214,26.9191],[127.9221,26.9312],[127.9119,26.9368],[127.9376,26.9557],[127.9554,26.9458],[127.9544,26.9299]]],[[[127.9478,26.978],[127.9549,26.9757],[127.9485,26.9734],[127.9478,26.978]]],[[[127.9248,26.993],[127.9207,26.9893],[127.9128,26.9952],[127.9242,27.0008],[127.9248,26.993]]],[[[127.9958,27.0521],[127.9647,27.0348],[127.9633,27.0219],[127.9452,27.0191],[127.9404,27.0052],[127.9341,27.0108],[127.9331,27.0219],[127.9957,27.0889],[128.0207,27.0945],[128.0012,27.0747],[127.9958,27.0521]]],[[[128.2213,27.8734],[128.2227,27.8853],[128.234,27.8604],[128.2229,27.8671],[128.2213,27.8734]]]]}}]}